spawnIndex,stageY,boardX,boardY,boardZ,boardWeightKg
0,0.8,7,0.05,1.5,4121.25
0,0.8,6,0.05,1.2,2826
0,0.8,4.5,0.05,1,1766.25
1,1.2,6,0.05,1.3,3061.5
1,1.2,5.7,0.05,1.2,2684.7
1,1.2,5,0.05,1,1962.5
2,0.3,5,0.05,1.2,2355
2,0.3,4.8,0.05,1.2,2260.8
2,0.3,4.5,0.05,1.1,1942.875
3,0.8,7,0.05,1.5,4121.25
3,0.8,6,0.05,1.2,2826
3,0.8,4.5,0.05,1,1766.25
4,1.2,6,0.05,1.3,3061.5
4,1.2,5.7,0.05,1.2,2684.7
4,1.2,5,0.05,1,1962.5
5,0.3,5,0.05,1.2,2355
5,0.3,4.8,0.05,1.2,2260.8
5,0.3,4.5,0.05,1.1,1942.875
6,0.8,7,0.05,1.5,4121.25
6,0.8,6,0.05,1.2,2826
6,0.8,4.5,0.05,1,1766.25
7,1.2,6,0.05,1.3,3061.5
7,1.2,5.7,0.05,1.2,2684.7
7,1.2,5,0.05,1,1962.5
8,0.3,5,0.05,1.2,2355
8,0.3,4.8,0.05,1.2,2260.8
8,0.3,4.5,0.05,1.1,1942.875
9,0.8,7,0.05,1.5,4121.25
9,0.8,6,0.05,1.2,2826
9,0.8,4.5,0.05,1,1766.25
10,1.2,6,0.05,1.3,3061.5
10,1.2,5.7,0.05,1.2,2684.7
10,1.2,5,0.05,1,1962.5
11,0.3,5,0.05,1.2,2355
11,0.3,4.8,0.05,1.2,2260.8
11,0.3,4.5,0.05,1.1,1942.875
12,0.8,7,0.05,1.5,4121.25
12,0.8,6,0.05,1.2,2826
12,0.8,4.5,0.05,1,1766.25
13,1.2,6,0.05,1.3,3061.5
13,1.2,5.7,0.05,1.2,2684.7
13,1.2,5,0.05,1,1962.5
14,0.3,5,0.05,1.2,2355
14,0.3,4.8,0.05,1.2,2260.8
14,0.3,4.5,0.05,1.1,1942.875
15,0.8,7,0.05,1.5,4121.25
15,0.8,6,0.05,1.2,2826
15,0.8,4.5,0.05,1,1766.25
16,1.2,6,0.05,1.3,3061.5
16,1.2,5.7,0.05,1.2,2684.7
16,1.2,5,0.05,1,1962.5
17,0.3,5,0.05,1.2,2355
17,0.3,4.8,0.05,1.2,2260.8
17,0.3,4.5,0.05,1.1,1942.875
18,0.8,7,0.05,1.5,4121.25
18,0.8,6,0.05,1.2,2826
18,0.8,4.5,0.05,1,1766.25
19,1.2,6,0.05,1.3,3061.5
19,1.2,5.7,0.05,1.2,2684.7
19,1.2,5,0.05,1,1962.5
20,0.3,5,0.05,1.2,2355
20,0.3,4.8,0.05,1.2,2260.8
20,0.3,4.5,0.05,1.1,1942.875
21,0.8,7,0.05,1.5,4121.25
21,0.8,6,0.05,1.2,2826
21,0.8,4.5,0.05,1,1766.25
