session_id,participant_id,block_id,experiment_run_index,sample_index,utc_timestamp,real_elapsed_s,simulation_elapsed_s,frame,switch_index,active_crane_index,state,input_locked,global_paused,display_mode,operation_enabled,pause_interval_index,is_connected,app_focused,is_valid,game_screen_x,game_screen_y,clamped_game_screen_x,clamped_game_screen_y,viewport_x,viewport_y,raw_screen_x,raw_screen_y,screen_width,screen_height,aoi,aoi_layout_json
20261009T025226250Z_6ca46cab1d00446aa2b0a79bb208a1d8,,,1,0,2026-10-09T02:52:26.2902583Z,0.038604,0.000000,275,0,-1,Idle,0,1,TaskSwitchDisplay,1,1,1,1,1,871.770691,475.632172,871.770691,475.632172,0.454047,0.440400,871.770691,475.632172,1920,1080,Unknown,"{""areas"":[]}"
20261009T025226250Z_6ca46cab1d00446aa2b0a79bb208a1d8,,,1,1,2026-10-09T02:52:26.3403518Z,0.089028,0.089752,278,0,-1,Idle,0,1,TaskSwitchDisplay,1,1,1,1,1,915.791931,532.771790,915.791931,532.771790,0.476975,0.493307,915.791931,532.771790,1920,1080,Unknown,"{""areas"":[]}"
20261009T025226250Z_6ca46cab1d00446aa2b0a79bb208a1d8,,,1,2,2026-10-09T02:52:26.3924095Z,0.141446,0.089752,284,0,-1,Idle,0,1,TaskSwitchDisplay,1,1,1,1,1,931.548035,546.267639,931.548035,546.267639,0.485181,0.505803,931.548035,546.267639,1920,1080,Unknown,"{""areas"":[]}"
20261009T025226250Z_6ca46cab1d00446aa2b0a79bb208a1d8,,,1,3,2026-10-09T02:52:26.4466905Z,0.195999,0.089752,290,0,-1,Idle,0,1,TaskSwitchDisplay,1,1,1,1,1,935.264587,549.712646,935.264587,549.712646,0.487117,0.508993,935.264587,549.712646,1920,1080,Unknown,"{""areas"":[]}"
20261009T025226250Z_6ca46cab1d00446aa2b0a79bb208a1d8,,,1,4,2026-10-09T02:52:26.5000859Z,0.248958,0.089752,296,0,-1,Idle,0,1,TaskSwitchDisplay,1,1,1,1,1,937.904724,550.009460,937.904724,550.009460,0.488492,0.509268,937.904724,550.009460,1920,1080,Unknown,"{""areas"":[]}"
20261009T025226250Z_6ca46cab1d00446aa2b0a79bb208a1d8,,,1,5,2026-10-09T02:52:26.5564625Z,0.305614,0.089752,302,0,-1,Idle,0,1,TaskSwitchDisplay,1,1,1,1,1,938.334106,547.662598,938.334106,547.662598,0.488716,0.507095,938.334106,547.662598,1920,1080,Unknown,"{""areas"":[]}"
20261009T025226250Z_6ca46cab1d00446aa2b0a79bb208a1d8,,,1,6,2026-10-09T02:52:26.6155628Z,0.364962,0.089752,308,0,-1,Idle,0,1,TaskSwitchDisplay,1,1,1,1,1,928.680054,536.864136,928.680054,536.864136,0.483688,0.497096,928.680054,536.864136,1920,1080,Unknown,"{""areas"":[]}"
20261009T025226250Z_6ca46cab1d00446aa2b0a79bb208a1d8,,,1,7,2026-10-09T02:52:26.6752179Z,0.424128,0.089752,314,0,-1,Idle,0,1,TaskSwitchDisplay,1,1,1,1,1,833.664063,438.693298,833.664063,438.693298,0.434200,0.406197,833.664063,438.693298,1920,1080,Unknown,"{""areas"":[]}"
20261009T025226250Z_6ca46cab1d00446aa2b0a79bb208a1d8,,,1,8,2026-10-09T02:52:26.7325076Z,0.481067,0.089752,320,0,-1,Idle,0,1,TaskSwitchDisplay,1,1,1,1,1,768.930908,364.713196,768.930908,364.713196,0.400485,0.337697,768.930908,364.713196,1920,1080,Unknown,"{""areas"":[]}"
20261009T025226250Z_6ca46cab1d00446aa2b0a79bb208a1d8,,,1,9,2026-10-09T02:52:26.7846643Z,0.533579,0.089752,326,0,-1,Idle,0,1,TaskSwitchDisplay,1,1,1,1,1,750.637024,346.417419,750.637024,346.417419,0.390957,0.320757,750.637024,346.417419,1920,1080,Unknown,"{""areas"":[]}"
20261009T025226250Z_6ca46cab1d00446aa2b0a79bb208a1d8,,,1,10,2026-10-09T02:52:26.8400791Z,0.589131,0.089752,332,0,-1,Idle,0,1,TaskSwitchDisplay,1,1,1,1,1,734.669922,329.024689,734.669922,329.024689,0.382641,0.304652,734.669922,329.024689,1920,1080,Unknown,"{""areas"":[]}"
20261009T025226250Z_6ca46cab1d00446aa2b0a79bb208a1d8,,,1,11,2026-10-09T02:52:26.8926775Z,0.641160,0.089752,338,0,-1,Idle,0,1,TaskSwitchDisplay,1,1,1,1,1,721.697144,325.382629,721.697144,325.382629,0.375884,0.301280,721.697144,325.382629,1920,1080,Unknown,"{""areas"":[]}"
20261009T025226250Z_6ca46cab1d00446aa2b0a79bb208a1d8,,,1,12,2026-10-09T02:52:26.9489434Z,0.698452,0.089752,344,0,-1,Idle,0,1,TaskSwitchDisplay,1,1,1,1,1,708.086731,333.407776,708.086731,333.407776,0.368795,0.308711,708.086731,333.407776,1920,1080,Unknown,"{""areas"":[]}"
20261009T025226250Z_6ca46cab1d00446aa2b0a79bb208a1d8,,,1,13,2026-10-09T02:52:27.0068618Z,0.756100,0.089752,350,0,-1,Idle,0,1,TaskSwitchDisplay,1,1,1,1,1,701.768005,336.616577,701.768005,336.616577,0.365504,0.311682,701.768005,336.616577,1920,1080,Unknown,"{""areas"":[]}"
20261009T025226250Z_6ca46cab1d00446aa2b0a79bb208a1d8,,,1,14,2026-10-09T02:52:27.0641091Z,0.812642,0.089752,356,0,-1,Idle,0,1,TaskSwitchDisplay,1,1,1,1,1,697.445251,339.848236,697.445251,339.848236,0.363253,0.314674,697.445251,339.848236,1920,1080,Unknown,"{""areas"":[]}"
20261009T025226250Z_6ca46cab1d00446aa2b0a79bb208a1d8,,,1,15,2026-10-09T02:52:27.1165758Z,0.865035,0.089752,362,0,-1,Idle,0,1,TaskSwitchDisplay,1,1,1,1,1,695.726501,340.864380,695.726501,340.864380,0.362358,0.315615,695.726501,340.864380,1920,1080,Unknown,"{""areas"":[]}"
20261009T025226250Z_6ca46cab1d00446aa2b0a79bb208a1d8,,,1,16,2026-10-09T02:52:27.1691363Z,0.917886,0.089752,368,0,-1,Idle,0,1,TaskSwitchDisplay,1,1,1,1,1,693.109009,343.910553,693.109009,343.910553,0.360994,0.318436,693.109009,343.910553,1920,1080,Unknown,"{""areas"":[]}"
20261009T025226250Z_6ca46cab1d00446aa2b0a79bb208a1d8,,,1,17,2026-10-09T02:52:27.2207833Z,0.969590,0.089752,374,0,-1,Idle,0,1,TaskSwitchDisplay,1,1,1,1,1,692.275024,346.276855,692.275024,346.276855,0.360560,0.320627,692.275024,346.276855,1920,1080,Unknown,"{""areas"":[]}"
20261009T025226250Z_6ca46cab1d00446aa2b0a79bb208a1d8,,,1,18,2026-10-09T02:52:27.2808824Z,1.029634,0.089752,380,0,-1,Idle,0,1,TaskSwitchDisplay,1,1,1,1,1,693.632019,349.366638,693.632019,349.366638,0.361267,0.323488,693.632019,349.366638,1920,1080,Unknown,"{""areas"":[]}"
20261009T025226250Z_6ca46cab1d00446aa2b0a79bb208a1d8,,,1,19,2026-10-09T02:52:27.3789182Z,1.128737,0.089752,383,0,0,OperatingSource,0,0,TaskSwitchDisplay,1,,1,1,1,694.541809,352.892578,694.541809,352.892578,0.361741,0.326752,694.541809,352.892578,1920,1080,Unknown,"{""areas"":[]}"
20261009T025226250Z_6ca46cab1d00446aa2b0a79bb208a1d8,,,1,20,2026-10-09T02:52:27.4332371Z,1.181805,0.212502,387,0,0,OperatingSource,0,0,TaskSwitchDisplay,1,,1,1,1,695.437866,353.943604,695.437866,353.943604,0.362207,0.327726,695.437866,353.943604,1920,1080,Unknown,"{""areas"":[]}"
20261009T025226250Z_6ca46cab1d00446aa2b0a79bb208a1d8,,,1,21,2026-10-09T02:52:27.4902412Z,1.238842,0.269233,394,0,0,OperatingSource,0,0,TaskSwitchDisplay,1,,1,1,1,696.309570,355.611359,696.309570,355.611359,0.362661,0.329270,696.309570,355.611359,1920,1080,Unknown,"{""areas"":[]}"
20261009T025226250Z_6ca46cab1d00446aa2b0a79bb208a1d8,,,1,22,2026-10-09T02:52:27.5439780Z,1.293202,0.324286,401,0,0,OperatingSource,0,0,TaskSwitchDisplay,1,,1,1,1,697.202209,356.726105,697.202209,356.726105,0.363126,0.330302,697.202209,356.726105,1920,1080,Unknown,"{""areas"":[]}"
20261009T025226250Z_6ca46cab1d00446aa2b0a79bb208a1d8,,,1,23,2026-10-09T02:52:27.6002886Z,1.348900,0.379968,409,0,0,OperatingSource,0,0,TaskSwitchDisplay,1,,1,1,1,697.407043,357.298279,697.407043,357.298279,0.363233,0.330832,697.407043,357.298279,1920,1080,Unknown,"{""areas"":[]}"
20261009T025226250Z_6ca46cab1d00446aa2b0a79bb208a1d8,,,1,24,2026-10-09T02:52:27.6549656Z,1.404227,0.435413,417,0,0,OperatingSource,0,0,TaskSwitchDisplay,1,,1,1,1,697.936768,358.320923,697.936768,358.320923,0.363509,0.331779,697.936768,358.320923,1920,1080,Unknown,"{""areas"":[]}"
20261009T025226250Z_6ca46cab1d00446aa2b0a79bb208a1d8,,,1,25,2026-10-09T02:52:27.7063287Z,1.455015,0.486162,424,0,0,OperatingSource,0,0,TaskSwitchDisplay,1,,1,1,1,697.694031,359.117798,697.694031,359.117798,0.363382,0.332516,697.694031,359.117798,1920,1080,Unknown,"{""areas"":[]}"
20261009T025226250Z_6ca46cab1d00446aa2b0a79bb208a1d8,,,1,26,2026-10-09T02:52:27.7618263Z,1.510407,0.541354,432,0,0,OperatingSource,0,0,TaskSwitchDisplay,1,,1,1,1,697.789612,359.885956,697.789612,359.885956,0.363432,0.333228,697.789612,359.885956,1920,1080,Unknown,"{""areas"":[]}"
20261009T025226250Z_6ca46cab1d00446aa2b0a79bb208a1d8,,,1,27,2026-10-09T02:52:27.8172089Z,1.566221,0.597289,440,0,0,OperatingSource,0,0,TaskSwitchDisplay,1,,1,1,1,698.005188,360.583496,698.005188,360.583496,0.363544,0.333874,698.005188,360.583496,1920,1080,Unknown,"{""areas"":[]}"
20261009T025226250Z_6ca46cab1d00446aa2b0a79bb208a1d8,,,1,28,2026-10-09T02:52:27.8687483Z,1.618084,0.648828,447,0,0,OperatingSource,0,0,TaskSwitchDisplay,1,,1,1,1,699.966553,377.773529,699.966553,377.773529,0.364566,0.349790,699.966553,377.773529,1920,1080,Unknown,"{""areas"":[]}"
20261009T025226250Z_6ca46cab1d00446aa2b0a79bb208a1d8,,,1,29,2026-10-09T02:52:27.9228047Z,1.671617,0.702793,455,0,0,OperatingSource,0,0,TaskSwitchDisplay,1,,1,1,1,727.584534,553.595459,727.584534,553.595459,0.378950,0.512588,727.584534,553.595459,1920,1080,Unknown,"{""areas"":[]}"
20261009T025226250Z_6ca46cab1d00446aa2b0a79bb208a1d8,,,1,30,2026-10-09T02:52:27.9785497Z,1.727150,0.758193,463,0,0,OperatingSource,0,0,TaskSwitchDisplay,1,,1,1,1,741.913635,638.877686,741.913635,638.877686,0.386413,0.591553,741.913635,638.877686,1920,1080,Unknown,"{""areas"":[]}"
20261009T025226250Z_6ca46cab1d00446aa2b0a79bb208a1d8,,,1,31,2026-10-09T02:52:28.0333353Z,1.782727,0.813274,471,0,0,OperatingSource,0,0,TaskSwitchDisplay,1,,1,1,1,747.586487,663.797485,747.586487,663.797485,0.389368,0.614627,747.586487,663.797485,1920,1080,Unknown,"{""areas"":[]}"
20261009T025226250Z_6ca46cab1d00446aa2b0a79bb208a1d8,,,1,32,2026-10-09T02:52:28.0885950Z,1.837084,0.867810,479,0,0,OperatingSource,0,0,TaskSwitchDisplay,1,,1,1,1,749.725586,673.652954,749.725586,673.652954,0.390482,0.623753,749.725586,673.652954,1920,1080,Unknown,"{""areas"":[]}"
20261009T025226250Z_6ca46cab1d00446aa2b0a79bb208a1d8,,,1,33,2026-10-09T02:52:28.1421329Z,1.891233,0.922135,487,0,0,OperatingSource,0,0,TaskSwitchDisplay,1,,1,1,1,750.810669,676.592529,750.810669,676.592529,0.391047,0.626475,750.810669,676.592529,1920,1080,Unknown,"{""areas"":[]}"
20261009T025226250Z_6ca46cab1d00446aa2b0a79bb208a1d8,,,1,34,2026-10-09T02:52:28.1926032Z,1.941236,0.971901,494,0,0,OperatingSource,0,0,TaskSwitchDisplay,1,,1,1,1,750.046936,680.235657,750.046936,680.235657,0.390649,0.629848,750.046936,680.235657,1920,1080,Unknown,"{""areas"":[]}"
20261009T025226250Z_6ca46cab1d00446aa2b0a79bb208a1d8,,,1,35,2026-10-09T02:52:28.2486315Z,1.997129,1.027886,502,0,0,OperatingSource,0,0,TaskSwitchDisplay,1,,1,1,1,750.152283,680.947876,750.152283,680.947876,0.390704,0.630507,750.152283,680.947876,1920,1080,Unknown,"{""areas"":[]}"
20261009T025226250Z_6ca46cab1d00446aa2b0a79bb208a1d8,,,1,36,2026-10-09T02:52:28.3027702Z,2.051316,1.082377,510,0,0,OperatingSource,0,0,TaskSwitchDisplay,1,,1,1,1,749.617004,680.629761,749.617004,680.629761,0.390426,0.630213,749.617004,680.629761,1920,1080,Unknown,"{""areas"":[]}"
20261009T025226250Z_6ca46cab1d00446aa2b0a79bb208a1d8,,,1,37,2026-10-09T02:52:28.3516730Z,2.101329,1.131785,517,0,0,OperatingSource,0,0,TaskSwitchDisplay,1,,1,1,1,749.332886,679.220764,749.332886,679.220764,0.390278,0.628908,749.332886,679.220764,1920,1080,Unknown,"{""areas"":[]}"
20261009T025226250Z_6ca46cab1d00446aa2b0a79bb208a1d8,,,1,38,2026-10-09T02:52:28.4075453Z,2.156872,1.187528,525,0,0,OperatingSource,0,0,TaskSwitchDisplay,1,,1,1,1,750.675781,613.573792,750.675781,613.573792,0.390977,0.568124,750.675781,613.573792,1920,1080,Unknown,"{""areas"":[]}"
20261009T025226250Z_6ca46cab1d00446aa2b0a79bb208a1d8,,,1,39,2026-10-09T02:52:28.4635969Z,2.212540,1.243537,533,0,0,OperatingSource,0,0,TaskSwitchDisplay,1,,1,1,1,750.675781,613.573792,750.675781,613.573792,0.390977,0.568124,750.675781,613.573792,1920,1080,Unknown,"{""areas"":[]}"
20261009T025226250Z_6ca46cab1d00446aa2b0a79bb208a1d8,,,1,40,2026-10-09T02:52:28.5200868Z,2.269035,1.300114,541,0,0,OperatingSource,0,0,TaskSwitchDisplay,1,,1,1,1,750.675781,613.573792,750.675781,613.573792,0.390977,0.568124,750.675781,613.573792,1920,1080,Unknown,"{""areas"":[]}"
20261009T025226250Z_6ca46cab1d00446aa2b0a79bb208a1d8,,,1,41,2026-10-09T02:52:28.5748066Z,2.323249,1.354327,549,0,0,OperatingSource,0,0,TaskSwitchDisplay,1,,1,1,1,750.675781,613.573792,750.675781,613.573792,0.390977,0.568124,750.675781,613.573792,1920,1080,Unknown,"{""areas"":[]}"
20261009T025226250Z_6ca46cab1d00446aa2b0a79bb208a1d8,,,1,42,2026-10-09T02:52:28.6316743Z,2.380194,1.410881,557,0,0,OperatingSource,0,0,TaskSwitchDisplay,1,,1,1,1,750.675781,613.573792,750.675781,613.573792,0.390977,0.568124,750.675781,613.573792,1920,1080,Unknown,"{""areas"":[]}"
20261009T025226250Z_6ca46cab1d00446aa2b0a79bb208a1d8,,,1,43,2026-10-09T02:52:28.6812010Z,2.430473,1.461090,564,0,0,OperatingSource,0,0,TaskSwitchDisplay,1,,1,1,1,750.675781,613.573792,750.675781,613.573792,0.390977,0.568124,750.675781,613.573792,1920,1080,Unknown,"{""areas"":[]}"
20261009T025226250Z_6ca46cab1d00446aa2b0a79bb208a1d8,,,1,44,2026-10-09T02:52:28.7374288Z,2.486258,1.517357,572,0,0,OperatingSource,0,0,TaskSwitchDisplay,1,,1,1,1,750.675781,613.573792,750.675781,613.573792,0.390977,0.568124,750.675781,613.573792,1920,1080,Unknown,"{""areas"":[]}"
20261009T025226250Z_6ca46cab1d00446aa2b0a79bb208a1d8,,,1,45,2026-10-09T02:52:28.7936096Z,2.542082,1.573131,580,0,0,OperatingSource,0,0,TaskSwitchDisplay,1,,1,1,1,750.675781,613.573792,750.675781,613.573792,0.390977,0.568124,750.675781,613.573792,1920,1080,Unknown,"{""areas"":[]}"
20261009T025226250Z_6ca46cab1d00446aa2b0a79bb208a1d8,,,1,46,2026-10-09T02:52:28.8491153Z,2.597621,1.628303,588,0,0,OperatingSource,0,0,TaskSwitchDisplay,1,,1,1,1,750.675781,613.573792,750.675781,613.573792,0.390977,0.568124,750.675781,613.573792,1920,1080,Unknown,"{""areas"":[]}"
20261009T025226250Z_6ca46cab1d00446aa2b0a79bb208a1d8,,,1,47,2026-10-09T02:52:28.8994979Z,2.648012,1.679017,595,0,0,OperatingSource,0,0,TaskSwitchDisplay,1,,1,1,0,,,,,,,,,1920,1080,Unknown,"{""areas"":[]}"
20261009T025226250Z_6ca46cab1d00446aa2b0a79bb208a1d8,,,1,48,2026-10-09T02:52:28.9526389Z,2.701793,1.732963,603,0,0,OperatingSource,0,0,TaskSwitchDisplay,1,,1,1,0,,,,,,,,,1920,1080,Unknown,"{""areas"":[]}"
20261009T025226250Z_6ca46cab1d00446aa2b0a79bb208a1d8,,,1,49,2026-10-09T02:52:29.0058737Z,2.755050,1.786113,611,0,0,OperatingSource,0,0,TaskSwitchDisplay,1,,1,1,0,,,,,,,,,1920,1080,Unknown,"{""areas"":[]}"
20261009T025226250Z_6ca46cab1d00446aa2b0a79bb208a1d8,,,1,50,2026-10-09T02:52:29.0616889Z,2.810674,1.841712,619,0,0,OperatingSource,0,0,TaskSwitchDisplay,1,,1,1,0,,,,,,,,,1920,1080,Unknown,"{""areas"":[]}"
20261009T025226250Z_6ca46cab1d00446aa2b0a79bb208a1d8,,,1,51,2026-10-09T02:52:29.1159797Z,2.864675,1.895710,627,0,0,OperatingSource,0,0,TaskSwitchDisplay,1,,1,1,0,,,,,,,,,1920,1080,Unknown,"{""areas"":[]}"
20261009T025226250Z_6ca46cab1d00446aa2b0a79bb208a1d8,,,1,52,2026-10-09T02:52:29.1693293Z,2.918230,1.948951,635,0,0,OperatingSource,0,0,TaskSwitchDisplay,1,,1,1,0,,,,,,,,,1920,1080,Unknown,"{""areas"":[]}"
20261009T025226250Z_6ca46cab1d00446aa2b0a79bb208a1d8,,,1,53,2026-10-09T02:52:29.2260815Z,2.974872,2.005975,643,0,0,OperatingSource,0,0,TaskSwitchDisplay,1,,1,1,0,,,,,,,,,1920,1080,Unknown,"{""areas"":[]}"
20261009T025226250Z_6ca46cab1d00446aa2b0a79bb208a1d8,,,1,54,2026-10-09T02:52:29.2789052Z,3.028772,2.059739,650,0,0,OperatingSource,0,0,TaskSwitchDisplay,1,,1,1,0,,,,,,,,,1920,1080,Unknown,"{""areas"":[]}"
20261009T025226250Z_6ca46cab1d00446aa2b0a79bb208a1d8,,,1,55,2026-10-09T02:52:29.3354402Z,3.084867,2.115855,656,0,0,OperatingSource,0,0,TaskSwitchDisplay,1,,1,1,0,,,,,,,,,1920,1080,Unknown,"{""areas"":[]}"
20261009T025226250Z_6ca46cab1d00446aa2b0a79bb208a1d8,,,1,56,2026-10-09T02:52:29.3927294Z,3.141472,2.171966,664,0,0,OperatingSource,0,0,TaskSwitchDisplay,1,,1,1,0,,,,,,,,,1920,1080,Unknown,"{""areas"":[]}"
20261009T025226250Z_6ca46cab1d00446aa2b0a79bb208a1d8,,,1,57,2026-10-09T02:52:29.4489703Z,3.198359,2.229178,672,0,0,OperatingSource,0,0,TaskSwitchDisplay,1,,1,1,1,826.123779,91.486885,826.123779,91.486885,0.430273,0.084710,826.123779,91.486885,1920,1080,Unknown,"{""areas"":[]}"
20261009T025226250Z_6ca46cab1d00446aa2b0a79bb208a1d8,,,1,58,2026-10-09T02:52:29.5053452Z,3.254075,2.285174,680,0,0,OperatingSource,0,0,TaskSwitchDisplay,1,,1,1,1,709.665588,433.513062,709.665588,433.513062,0.369617,0.401401,709.665588,433.513062,1920,1080,Unknown,"{""areas"":[]}"
20261009T025226250Z_6ca46cab1d00446aa2b0a79bb208a1d8,,,1,59,2026-10-09T02:52:29.5601038Z,3.309209,2.340261,688,0,0,OperatingSource,0,0,TaskSwitchDisplay,1,,1,1,1,656.760254,657.523926,656.760254,657.523926,0.342063,0.608818,656.760254,657.523926,1920,1080,Unknown,"{""areas"":[]}"
20261009T025226250Z_6ca46cab1d00446aa2b0a79bb208a1d8,,,1,60,2026-10-09T02:52:29.6169761Z,3.365682,2.396750,696,0,0,OperatingSource,0,0,TaskSwitchDisplay,1,,1,1,1,647.962585,726.355957,647.962585,726.355957,0.337481,0.672552,647.962585,726.355957,1920,1080,Unknown,"{""areas"":[]}"
20261009T025226250Z_6ca46cab1d00446aa2b0a79bb208a1d8,,,1,61,2026-10-09T02:52:29.6729923Z,3.421431,2.452326,704,0,0,OperatingSource,0,0,TaskSwitchDisplay,1,,1,1,1,644.223145,749.467834,644.223145,749.467834,0.335533,0.693952,644.223145,749.467834,1920,1080,Unknown,"{""areas"":[]}"
20261009T025226250Z_6ca46cab1d00446aa2b0a79bb208a1d8,,,1,62,2026-10-09T02:52:29.7225630Z,3.471967,2.503041,711,0,0,OperatingSource,0,0,TaskSwitchDisplay,1,,1,1,1,642.701721,765.806519,642.701721,765.806519,0.334740,0.709080,642.701721,765.806519,1920,1080,Unknown,"{""areas"":[]}"
20261009T025226250Z_6ca46cab1d00446aa2b0a79bb208a1d8,,,1,63,2026-10-09T02:52:29.7786418Z,3.527963,2.559033,719,0,0,OperatingSource,0,0,TaskSwitchDisplay,1,,1,1,1,640.278259,776.797668,640.278259,776.797668,0.333478,0.719257,640.278259,776.797668,1920,1080,Unknown,"{""areas"":[]}"
20261009T025226250Z_6ca46cab1d00446aa2b0a79bb208a1d8,,,1,64,2026-10-09T02:52:29.8291476Z,3.578491,2.609210,726,0,0,OperatingSource,0,0,TaskSwitchDisplay,1,,1,1,1,639.666748,780.508789,639.666748,780.508789,0.333160,0.722693,639.666748,780.508789,1920,1080,Unknown,"{""areas"":[]}"
20261009T025226250Z_6ca46cab1d00446aa2b0a79bb208a1d8,,,1,65,2026-10-09T02:52:29.8814408Z,3.630056,2.661080,733,0,0,OperatingSource,0,0,TaskSwitchDisplay,1,,1,1,1,640.914978,784.807495,640.914978,784.807495,0.333810,0.726674,640.914978,784.807495,1920,1080,Unknown,"{""areas"":[]}"
20261009T025226250Z_6ca46cab1d00446aa2b0a79bb208a1d8,,,1,66,2026-10-09T02:52:29.9359244Z,3.684477,2.715567,741,0,0,OperatingSource,0,0,TaskSwitchDisplay,1,,1,1,1,640.467529,786.245056,640.467529,786.245056,0.333577,0.728005,640.467529,786.245056,1920,1080,Unknown,"{""areas"":[]}"
20261009T025226250Z_6ca46cab1d00446aa2b0a79bb208a1d8,,,1,67,2026-10-09T02:52:29.9915051Z,3.739973,2.770727,749,0,0,OperatingSource,0,0,TaskSwitchDisplay,1,,1,1,1,667.608337,782.671265,667.608337,782.671265,0.347713,0.724696,667.608337,782.671265,1920,1080,Unknown,"{""areas"":[]}"
20261009T025226250Z_6ca46cab1d00446aa2b0a79bb208a1d8,,,1,68,2026-10-09T02:52:30.0452656Z,3.794697,2.825752,757,0,0,OperatingSource,0,0,TaskSwitchDisplay,1,,1,1,1,682.085510,779.903198,682.085510,779.903198,0.355253,0.722133,682.085510,779.903198,1920,1080,Unknown,"{""areas"":[]}"
20261009T025226250Z_6ca46cab1d00446aa2b0a79bb208a1d8,,,1,69,2026-10-09T02:52:30.1010672Z,3.850397,2.881539,765,0,0,OperatingSource,0,0,TaskSwitchDisplay,1,,1,1,1,709.606873,776.600769,709.606873,776.600769,0.369587,0.719075,709.606873,776.600769,1920,1080,Unknown,"{""areas"":[]}"
20261009T025226250Z_6ca46cab1d00446aa2b0a79bb208a1d8,,,1,70,2026-10-09T02:52:30.1545419Z,3.903241,2.934395,772,0,0,OperatingSource,0,0,TaskSwitchDisplay,1,,1,1,1,729.639099,771.197998,729.639099,771.197998,0.380020,0.714072,729.639099,771.197998,1920,1080,Unknown,"{""areas"":[]}"
20261009T025226250Z_6ca46cab1d00446aa2b0a79bb208a1d8,,,1,71,2026-10-09T02:52:30.2042319Z,3.953574,2.984681,779,0,0,OperatingSource,0,0,TaskSwitchDisplay,1,,1,1,1,743.140991,768.166992,743.140991,768.166992,0.387053,0.711266,743.140991,768.166992,1920,1080,Unknown,"{""areas"":[]}"
20261009T025226250Z_6ca46cab1d00446aa2b0a79bb208a1d8,,,1,72,2026-10-09T02:52:30.2607442Z,4.009706,3.040743,787,0,0,OperatingSource,0,0,TaskSwitchDisplay,1,,1,1,1,746.764343,767.291931,746.764343,767.291931,0.388940,0.710455,746.764343,767.291931,1920,1080,Unknown,"{""areas"":[]}"
20261009T025226250Z_6ca46cab1d00446aa2b0a79bb208a1d8,,,1,73,2026-10-09T02:52:30.3165379Z,4.064991,3.096076,795,0,0,OperatingSource,0,0,TaskSwitchDisplay,1,,1,1,1,752.737122,766.014343,752.737122,766.014343,0.392051,0.709273,752.737122,766.014343,1920,1080,Unknown,"{""areas"":[]}"
20261009T025226250Z_6ca46cab1d00446aa2b0a79bb208a1d8,,,1,74,2026-10-09T02:52:30.3720764Z,4.120777,3.151578,803,0,0,OperatingSource,0,0,TaskSwitchDisplay,1,,1,1,1,755.842407,764.121399,755.842407,764.121399,0.393668,0.707520,755.842407,764.121399,1920,1080,Unknown,"{""areas"":[]}"
20261009T025226250Z_6ca46cab1d00446aa2b0a79bb208a1d8,,,1,75,2026-10-09T02:52:30.4292885Z,4.177783,3.208451,811,0,0,OperatingSource,0,0,TaskSwitchDisplay,1,,1,1,1,758.267212,762.719910,758.267212,762.719910,0.394931,0.706222,758.267212,762.719910,1920,1080,Unknown,"{""areas"":[]}"
20261009T025226250Z_6ca46cab1d00446aa2b0a79bb208a1d8,,,1,76,2026-10-09T02:52:30.4828181Z,4.232031,3.263092,819,0,0,OperatingSource,0,0,TaskSwitchDisplay,1,,1,1,1,760.131470,761.334106,760.131470,761.334106,0.395902,0.704939,760.131470,761.334106,1920,1080,Unknown,"{""areas"":[]}"
20261009T025226250Z_6ca46cab1d00446aa2b0a79bb208a1d8,,,1,77,2026-10-09T02:52:30.5370611Z,4.286208,3.317334,827,0,0,OperatingSource,0,0,TaskSwitchDisplay,1,,1,1,1,764.049744,760.245422,764.049744,760.245422,0.397943,0.703931,764.049744,760.245422,1920,1080,Unknown,"{""areas"":[]}"
20261009T025226250Z_6ca46cab1d00446aa2b0a79bb208a1d8,,,1,78,2026-10-09T02:52:30.5872694Z,4.336280,3.367120,834,0,0,OperatingSource,0,0,TaskSwitchDisplay,1,,1,1,1,767.523743,759.607544,767.523743,759.607544,0.399752,0.703340,767.523743,759.607544,1920,1080,Unknown,"{""areas"":[]}"
20261009T025226250Z_6ca46cab1d00446aa2b0a79bb208a1d8,,,1,79,2026-10-09T02:52:30.6384760Z,4.387754,3.418780,841,0,0,OperatingSource,0,0,TaskSwitchDisplay,1,,1,1,1,774.092224,758.122192,774.092224,758.122192,0.403173,0.701965,774.092224,758.122192,1920,1080,Unknown,"{""areas"":[]}"
20261009T025226250Z_6ca46cab1d00446aa2b0a79bb208a1d8,,,1,80,2026-10-09T02:52:30.6889462Z,4.438673,3.468937,848,0,0,OperatingSource,0,0,TaskSwitchDisplay,1,,1,1,1,779.104431,757.063599,779.104431,757.063599,0.405784,0.700985,779.104431,757.063599,1920,1080,Unknown,"{""areas"":[]}"
20261009T025226250Z_6ca46cab1d00446aa2b0a79bb208a1d8,,,1,81,2026-10-09T02:52:30.7402326Z,4.489765,3.520591,855,0,0,OperatingSource,0,0,TaskSwitchDisplay,1,,1,1,1,782.608765,754.313171,782.608765,754.313171,0.407609,0.698438,782.608765,754.313171,1920,1080,Unknown,"{""areas"":[]}"
20261009T025226250Z_6ca46cab1d00446aa2b0a79bb208a1d8,,,1,82,2026-10-09T02:52:30.7915990Z,4.541369,3.572177,862,0,0,OperatingSource,0,0,TaskSwitchDisplay,1,,1,1,1,784.209106,753.250732,784.209106,753.250732,0.408442,0.697454,784.209106,753.250732,1920,1080,Unknown,"{""areas"":[]}"
20261009T025226250Z_6ca46cab1d00446aa2b0a79bb208a1d8,,,1,83,2026-10-09T02:52:30.8427840Z,4.591991,3.622918,869,0,0,OperatingSource,0,0,TaskSwitchDisplay,1,,1,1,1,787.688782,751.291016,787.688782,751.291016,0.410255,0.695640,787.688782,751.291016,1920,1080,Unknown,"{""areas"":[]}"
20261009T025226250Z_6ca46cab1d00446aa2b0a79bb208a1d8,,,1,84,2026-10-09T02:52:30.8968434Z,4.646242,3.677311,876,0,0,OperatingSource,0,0,TaskSwitchDisplay,1,,1,1,1,790.797852,749.291687,790.797852,749.291687,0.411874,0.693789,790.797852,749.291687,1920,1080,Unknown,"{""areas"":[]}"
20261009T025226250Z_6ca46cab1d00446aa2b0a79bb208a1d8,,,1,85,2026-10-09T02:52:30.9489833Z,4.697885,3.728559,883,0,0,OperatingSource,0,0,TaskSwitchDisplay,1,,1,1,1,792.347778,748.754333,792.347778,748.754333,0.412681,0.693291,792.347778,748.754333,1920,1080,Unknown,"{""areas"":[]}"
20261009T025226250Z_6ca46cab1d00446aa2b0a79bb208a1d8,,,1,86,2026-10-09T02:52:31.0016003Z,4.750528,3.781595,890,0,0,OperatingSource,0,0,TaskSwitchDisplay,1,,1,1,1,794.209656,746.677856,794.209656,746.677856,0.413651,0.691368,794.209656,746.677856,1920,1080,Unknown,"{""areas"":[]}"
20261009T025226250Z_6ca46cab1d00446aa2b0a79bb208a1d8,,,1,87,2026-10-09T02:52:31.0584280Z,4.807384,3.838381,897,0,0,OperatingSource,0,0,TaskSwitchDisplay,1,,1,1,1,796.674255,744.366211,796.674255,744.366211,0.414935,0.689228,796.674255,744.366211,1920,1080,Unknown,"{""areas"":[]}"
20261009T025226250Z_6ca46cab1d00446aa2b0a79bb208a1d8,,,1,88,2026-10-09T02:52:31.1137516Z,4.862367,3.892884,904,0,0,OperatingSource,0,0,TaskSwitchDisplay,1,,1,1,1,798.259827,742.519714,798.259827,742.519714,0.415760,0.687518,798.259827,742.519714,1920,1080,Unknown,"{""areas"":[]}"
20261009T025226250Z_6ca46cab1d00446aa2b0a79bb208a1d8,,,1,89,2026-10-09T02:52:31.1675109Z,4.916347,3.946744,911,0,0,OperatingSource,0,0,TaskSwitchDisplay,1,,1,1,1,799.703857,741.386169,799.703857,741.386169,0.416512,0.686469,799.703857,741.386169,1920,1080,Unknown,"{""areas"":[]}"
20261009T025226250Z_6ca46cab1d00446aa2b0a79bb208a1d8,,,1,90,2026-10-09T02:52:31.2211765Z,4.969665,4.000418,916,0,0,OperatingSource,0,0,TaskSwitchDisplay,1,,1,1,1,800.516602,740.472473,800.516602,740.472473,0.416936,0.685623,800.516602,740.472473,1920,1080,Unknown,"{""areas"":[]}"
20261009T025226250Z_6ca46cab1d00446aa2b0a79bb208a1d8,,,1,91,2026-10-09T02:52:31.2737256Z,5.022799,4.053811,923,0,0,OperatingSource,0,0,TaskSwitchDisplay,1,,1,1,1,801.615540,738.982727,801.615540,738.982727,0.417508,0.684243,801.615540,738.982727,1920,1080,Unknown,"{""areas"":[]}"
20261009T025226250Z_6ca46cab1d00446aa2b0a79bb208a1d8,,,1,92,2026-10-09T02:52:31.3250472Z,5.073585,4.104497,930,0,0,OperatingSource,0,0,TaskSwitchDisplay,1,,1,1,1,802.968384,737.682129,802.968384,737.682129,0.418213,0.683039,802.968384,737.682129,1920,1080,Unknown,"{""areas"":[]}"
20261009T025226250Z_6ca46cab1d00446aa2b0a79bb208a1d8,,,1,93,2026-10-09T02:52:31.3779919Z,5.127308,4.158216,937,0,0,OperatingSource,0,0,TaskSwitchDisplay,1,,1,1,1,803.608887,737.968201,803.608887,737.968201,0.418546,0.683304,803.608887,737.968201,1920,1080,Unknown,"{""areas"":[]}"
20261009T025226250Z_6ca46cab1d00446aa2b0a79bb208a1d8,,,1,94,2026-10-09T02:52:31.4318253Z,5.181090,4.211406,944,0,0,OperatingSource,0,0,TaskSwitchDisplay,1,,1,1,1,803.916504,737.390625,803.916504,737.390625,0.418707,0.682769,803.916504,737.390625,1920,1080,Unknown,"{""areas"":[]}"
20261009T025226250Z_6ca46cab1d00446aa2b0a79bb208a1d8,,,1,95,2026-10-09T02:52:31.4874976Z,5.236999,4.267308,952,0,0,OperatingSource,0,0,TaskSwitchDisplay,1,,1,1,1,804.496521,737.708069,804.496521,737.708069,0.419009,0.683063,804.496521,737.708069,1920,1080,Unknown,"{""areas"":[]}"
20261009T025226250Z_6ca46cab1d00446aa2b0a79bb208a1d8,,,1,96,2026-10-09T02:52:31.5391093Z,5.287648,4.318715,958,0,0,OperatingSource,0,0,TaskSwitchDisplay,1,,1,1,1,804.554871,738.016296,804.554871,738.016296,0.419039,0.683348,804.554871,738.016296,1920,1080,Unknown,"{""areas"":[]}"
20261009T025226250Z_6ca46cab1d00446aa2b0a79bb208a1d8,,,1,97,2026-10-09T02:52:31.5943271Z,5.343348,4.373683,965,0,0,OperatingSource,0,0,TaskSwitchDisplay,1,,1,1,1,804.590454,738.625000,804.590454,738.625000,0.419058,0.683912,804.590454,738.625000,1920,1080,Unknown,"{""areas"":[]}"
20261009T025226250Z_6ca46cab1d00446aa2b0a79bb208a1d8,,,1,98,2026-10-09T02:52:31.6490476Z,5.398093,4.428410,972,0,0,OperatingSource,0,0,TaskSwitchDisplay,1,,1,1,1,804.550293,738.892517,804.550293,738.892517,0.419037,0.684160,804.550293,738.892517,1920,1080,Unknown,"{""areas"":[]}"
20261009T025226250Z_6ca46cab1d00446aa2b0a79bb208a1d8,,,1,99,2026-10-09T02:52:31.7031251Z,5.452498,4.483607,979,0,0,OperatingSource,0,0,TaskSwitchDisplay,1,,1,1,1,804.580078,739.247375,804.580078,739.247375,0.419052,0.684488,804.580078,739.247375,1920,1080,Unknown,"{""areas"":[]}"
20261009T025226250Z_6ca46cab1d00446aa2b0a79bb208a1d8,,,1,100,2026-10-09T02:52:31.7563299Z,5.505360,4.536301,985,0,0,OperatingSource,0,0,TaskSwitchDisplay,1,,1,1,1,804.817444,739.785278,804.817444,739.785278,0.419176,0.684986,804.817444,739.785278,1920,1080,Unknown,"{""areas"":[]}"
20261009T025226250Z_6ca46cab1d00446aa2b0a79bb208a1d8,,,1,101,2026-10-09T02:52:31.8078053Z,5.556283,4.586640,992,0,0,OperatingSource,0,0,TaskSwitchDisplay,1,,1,1,1,804.656067,740.135315,804.656067,740.135315,0.419092,0.685310,804.656067,740.135315,1920,1080,Unknown,"{""areas"":[]}"
20261009T025226250Z_6ca46cab1d00446aa2b0a79bb208a1d8,,,1,102,2026-10-09T02:52:31.8580247Z,5.607301,4.638272,999,0,0,OperatingSource,0,0,TaskSwitchDisplay,1,,1,1,1,804.559692,740.121216,804.559692,740.121216,0.419042,0.685297,804.559692,740.121216,1920,1080,Unknown,"{""areas"":[]}"
20261009T025226250Z_6ca46cab1d00446aa2b0a79bb208a1d8,,,1,103,2026-10-09T02:52:31.9188198Z,5.668436,4.694941,1006,0,0,OperatingSource,0,0,TaskSwitchDisplay,1,,1,1,1,804.486511,740.813965,804.486511,740.813965,0.419003,0.685939,804.486511,740.813965,1920,1080,Unknown,"{""areas"":[]}"
20261009T025226250Z_6ca46cab1d00446aa2b0a79bb208a1d8,,,1,104,2026-10-09T02:52:31.9763331Z,5.725190,4.756257,1013,0,0,OperatingSource,0,0,TaskSwitchDisplay,1,,1,1,1,804.208252,741.883301,804.208252,741.883301,0.418858,0.686929,804.208252,741.883301,1920,1080,Unknown,"{""areas"":[]}"
20261009T025226250Z_6ca46cab1d00446aa2b0a79bb208a1d8,,,1,105,2026-10-09T02:52:32.0268140Z,5.775950,4.806403,1020,0,0,OperatingSource,0,0,TaskSwitchDisplay,1,,1,1,1,804.125183,742.182190,804.125183,742.182190,0.418815,0.687206,804.125183,742.182190,1920,1080,Unknown,"{""areas"":[]}"
20261009T025226250Z_6ca46cab1d00446aa2b0a79bb208a1d8,,,1,106,2026-10-09T02:52:32.0833194Z,5.832063,4.862752,1027,0,0,OperatingSource,0,0,TaskSwitchDisplay,1,,1,1,1,803.943604,741.675598,803.943604,741.675598,0.418721,0.686737,803.943604,741.675598,1920,1080,Unknown,"{""areas"":[]}"
20261009T025226250Z_6ca46cab1d00446aa2b0a79bb208a1d8,,,1,107,2026-10-09T02:52:32.1344749Z,5.883367,4.913706,1033,0,0,OperatingSource,0,0,TaskSwitchDisplay,1,,1,1,1,772.768799,717.118469,772.768799,717.118469,0.402484,0.663999,772.768799,717.118469,1920,1080,Unknown,"{""areas"":[]}"
20261009T025226250Z_6ca46cab1d00446aa2b0a79bb208a1d8,,,1,108,2026-10-09T02:52:32.1862256Z,5.934851,4.966050,1040,0,0,OperatingSource,0,0,TaskSwitchDisplay,1,,1,1,1,708.760132,624.321167,708.760132,624.321167,0.369146,0.578075,708.760132,624.321167,1920,1080,Unknown,"{""areas"":[]}"
20261009T025226250Z_6ca46cab1d00446aa2b0a79bb208a1d8,,,1,109,2026-10-09T02:52:32.2365920Z,5.985895,5.016918,1047,0,0,OperatingSource,0,0,TaskSwitchDisplay,1,,1,1,1,731.002991,621.182007,731.002991,621.182007,0.380731,0.575169,731.002991,621.182007,1920,1080,Unknown,"{""areas"":[]}"
20261009T025226250Z_6ca46cab1d00446aa2b0a79bb208a1d8,,,1,110,2026-10-09T02:52:32.2903284Z,6.038827,5.069279,1054,0,0,OperatingSource,0,0,TaskSwitchDisplay,1,,1,1,1,745.949829,642.494263,745.949829,642.494263,0.388516,0.594902,745.949829,642.494263,1920,1080,Unknown,"{""areas"":[]}"
20261009T025226250Z_6ca46cab1d00446aa2b0a79bb208a1d8,,,1,111,2026-10-09T02:52:32.3461691Z,6.094703,5.124573,1061,0,0,OperatingSource,0,0,TaskSwitchDisplay,1,,1,1,1,769.863586,678.875183,769.863586,678.875183,0.400971,0.628588,769.863586,678.875183,1920,1080,Unknown,"{""areas"":[]}"
20261009T025226250Z_6ca46cab1d00446aa2b0a79bb208a1d8,,,1,112,2026-10-09T02:52:32.3975850Z,6.146198,5.177224,1067,0,0,OperatingSource,0,0,TaskSwitchDisplay,1,,1,1,1,781.924377,695.881470,781.924377,695.881470,0.407252,0.644335,781.924377,695.881470,1920,1080,Unknown,"{""areas"":[]}"
20261009T025226250Z_6ca46cab1d00446aa2b0a79bb208a1d8,,,1,113,2026-10-09T02:52:32.4506267Z,6.199615,5.230027,1073,0,0,OperatingSource,0,0,TaskSwitchDisplay,1,,1,1,1,796.644897,714.312622,796.644897,714.312622,0.414919,0.661401,796.644897,714.312622,1920,1080,Unknown,"{""areas"":[]}"
20261009T025226250Z_6ca46cab1d00446aa2b0a79bb208a1d8,,,1,114,2026-10-09T02:52:32.5093852Z,6.258624,5.288809,1080,0,0,OperatingSource,0,0,TaskSwitchDisplay,1,,1,1,1,804.824768,725.360901,804.824768,725.360901,0.419180,0.671630,804.824768,725.360901,1920,1080,Unknown,"{""areas"":[]}"
20261009T025226250Z_6ca46cab1d00446aa2b0a79bb208a1d8,,,1,115,2026-10-09T02:52:32.5627311Z,6.311491,5.342408,1086,0,0,OperatingSource,0,0,TaskSwitchDisplay,1,,1,1,1,807.304810,730.402954,807.304810,730.402954,0.420471,0.676299,807.304810,730.402954,1920,1080,Unknown,"{""areas"":[]}"
20261009T025226250Z_6ca46cab1d00446aa2b0a79bb208a1d8,,,1,116,2026-10-09T02:52:32.6147077Z,6.363576,5.393569,1092,0,0,OperatingSource,0,0,TaskSwitchDisplay,1,,1,1,1,808.857056,731.411377,808.857056,731.411377,0.421280,0.677233,808.857056,731.411377,1920,1080,Unknown,"{""areas"":[]}"
20261009T025226250Z_6ca46cab1d00446aa2b0a79bb208a1d8,,,1,117,2026-10-09T02:52:32.6671501Z,6.416286,5.446754,1099,0,0,OperatingSource,0,0,TaskSwitchDisplay,1,,1,1,1,808.647339,673.906860,808.647339,673.906860,0.421171,0.623988,808.647339,673.906860,1920,1080,Unknown,"{""areas"":[]}"
20261009T025226250Z_6ca46cab1d00446aa2b0a79bb208a1d8,,,1,118,2026-10-09T02:52:32.7183448Z,6.467255,5.498329,1106,0,0,OperatingSource,0,0,TaskSwitchDisplay,1,,1,1,1,807.464539,458.818512,807.464539,458.818512,0.420554,0.424832,807.464539,458.818512,1920,1080,Unknown,"{""areas"":[]}"
20261009T025226250Z_6ca46cab1d00446aa2b0a79bb208a1d8,,,1,119,2026-10-09T02:52:32.7686868Z,6.517604,5.547301,1112,0,0,OperatingSource,0,0,TaskSwitchDisplay,1,,1,1,1,809.291931,369.908936,809.291931,369.908936,0.421506,0.342508,809.291931,369.908936,1920,1080,Unknown,"{""areas"":[]}"
20261009T025226250Z_6ca46cab1d00446aa2b0a79bb208a1d8,,,1,120,2026-10-09T02:52:32.8213311Z,6.570257,5.601428,1119,0,0,OperatingSource,0,0,TaskSwitchDisplay,1,,1,1,1,807.202515,355.193634,807.202515,355.193634,0.420418,0.328883,807.202515,355.193634,1920,1080,Unknown,"{""areas"":[]}"
20261009T025226250Z_6ca46cab1d00446aa2b0a79bb208a1d8,,,1,121,2026-10-09T02:52:32.8752930Z,6.624092,5.655115,1126,0,0,OperatingSource,0,0,TaskSwitchDisplay,1,,1,1,1,810.405334,339.968292,810.405334,339.968292,0.422086,0.314785,810.405334,339.968292,1920,1080,Unknown,"{""areas"":[]}"
20261009T025226250Z_6ca46cab1d00446aa2b0a79bb208a1d8,,,1,122,2026-10-09T02:52:32.9341226Z,6.683773,5.714533,1134,0,0,OperatingSource,0,0,TaskSwitchDisplay,1,,1,1,1,806.617615,335.774872,806.617615,335.774872,0.420113,0.310903,806.617615,335.774872,1920,1080,Unknown,"{""areas"":[]}"
20261009T025226250Z_6ca46cab1d00446aa2b0a79bb208a1d8,,,1,123,2026-10-09T02:52:32.9886758Z,6.738091,5.768640,1141,0,0,OperatingSource,0,0,TaskSwitchDisplay,1,,1,1,1,776.825989,335.167114,776.825989,335.167114,0.404597,0.310340,776.825989,335.167114,1920,1080,Unknown,"{""areas"":[]}"
20261009T025226250Z_6ca46cab1d00446aa2b0a79bb208a1d8,,,1,124,2026-10-09T02:52:33.0435955Z,6.792197,5.823240,1148,0,0,OperatingSource,0,0,TaskSwitchDisplay,1,,1,1,1,759.317505,332.162201,759.317505,332.162201,0.395478,0.307558,759.317505,332.162201,1920,1080,Unknown,"{""areas"":[]}"
20261009T025226250Z_6ca46cab1d00446aa2b0a79bb208a1d8,,,1,125,2026-10-09T02:52:33.0993451Z,6.848087,5.879132,1155,0,0,OperatingSource,0,0,TaskSwitchDisplay,1,,1,1,1,749.550537,331.261993,749.550537,331.261993,0.390391,0.306724,749.550537,331.261993,1920,1080,Unknown,"{""areas"":[]}"
20261009T025226250Z_6ca46cab1d00446aa2b0a79bb208a1d8,,,1,126,2026-10-09T02:52:33.1524355Z,6.901427,5.932131,1161,0,0,OperatingSource,0,0,TaskSwitchDisplay,1,,1,1,1,746.062866,331.323395,746.062866,331.323395,0.388574,0.306781,746.062866,331.323395,1920,1080,Unknown,"{""areas"":[]}"
20261009T025226250Z_6ca46cab1d00446aa2b0a79bb208a1d8,,,1,127,2026-10-09T02:52:33.2027599Z,6.952245,5.983393,1165,0,0,OperatingSource,0,0,TaskSwitchDisplay,1,,1,1,1,762.401001,305.712219,762.401001,305.712219,0.397084,0.283067,762.401001,305.712219,1920,1080,Unknown,"{""areas"":[]}"
20261009T025226250Z_6ca46cab1d00446aa2b0a79bb208a1d8,,,1,128,2026-10-09T02:52:33.2555352Z,7.004422,6.035595,1171,0,0,OperatingSource,0,0,TaskSwitchDisplay,1,,1,1,1,1316.819458,-187.138824,1316.819458,0.000000,0.685843,-0.173277,1316.819458,-187.138824,1920,1080,Unknown,"{""areas"":[]}"
20261009T025226250Z_6ca46cab1d00446aa2b0a79bb208a1d8,,,1,129,2026-10-09T02:52:33.3115749Z,7.060835,6.091451,1178,0,0,OperatingSource,0,0,TaskSwitchDisplay,1,,1,1,1,1316.819458,-187.138824,1316.819458,0.000000,0.685843,-0.173277,1316.819458,-187.138824,1920,1080,Unknown,"{""areas"":[]}"
20261009T025226250Z_6ca46cab1d00446aa2b0a79bb208a1d8,,,1,130,2026-10-09T02:52:33.3648366Z,7.113751,6.144783,1184,0,0,OperatingSource,0,0,TaskSwitchDisplay,1,,1,1,1,1316.819458,-187.138824,1316.819458,0.000000,0.685843,-0.173277,1316.819458,-187.138824,1920,1080,Unknown,"{""areas"":[]}"
20261009T025226250Z_6ca46cab1d00446aa2b0a79bb208a1d8,,,1,131,2026-10-09T02:52:33.4147392Z,7.163922,6.194576,1190,0,0,OperatingSource,0,0,TaskSwitchDisplay,1,,1,1,1,1316.819458,-187.138824,1316.819458,0.000000,0.685843,-0.173277,1316.819458,-187.138824,1920,1080,Unknown,"{""areas"":[]}"
20261009T025226250Z_6ca46cab1d00446aa2b0a79bb208a1d8,,,1,132,2026-10-09T02:52:33.4717173Z,7.220961,6.251704,1197,0,0,OperatingSource,0,0,TaskSwitchDisplay,1,,1,1,1,1316.819458,-187.138824,1316.819458,0.000000,0.685843,-0.173277,1316.819458,-187.138824,1920,1080,Unknown,"{""areas"":[]}"
20261009T025226250Z_6ca46cab1d00446aa2b0a79bb208a1d8,,,1,133,2026-10-09T02:52:33.5253197Z,7.274597,6.305735,1204,0,0,OperatingSource,0,0,TaskSwitchDisplay,1,,1,1,1,1316.819458,-187.138824,1316.819458,0.000000,0.685843,-0.173277,1316.819458,-187.138824,1920,1080,Unknown,"{""areas"":[]}"
20261009T025226250Z_6ca46cab1d00446aa2b0a79bb208a1d8,,,1,134,2026-10-09T02:52:33.5803738Z,7.329069,6.360192,1210,0,0,OperatingSource,0,0,TaskSwitchDisplay,1,,1,1,1,1316.819458,-187.138824,1316.819458,0.000000,0.685843,-0.173277,1316.819458,-187.138824,1920,1080,Unknown,"{""areas"":[]}"
20261009T025226250Z_6ca46cab1d00446aa2b0a79bb208a1d8,,,1,135,2026-10-09T02:52:33.6305235Z,7.379626,6.410462,1217,0,0,OperatingSource,0,0,TaskSwitchDisplay,1,,1,1,1,1316.819458,-187.138824,1316.819458,0.000000,0.685843,-0.173277,1316.819458,-187.138824,1920,1080,Unknown,"{""areas"":[]}"
20261009T025226250Z_6ca46cab1d00446aa2b0a79bb208a1d8,,,1,136,2026-10-09T02:52:33.6814071Z,7.430033,6.461026,1224,0,0,OperatingSource,0,0,TaskSwitchDisplay,1,,1,1,1,1316.819458,-187.138824,1316.819458,0.000000,0.685843,-0.173277,1316.819458,-187.138824,1920,1080,Unknown,"{""areas"":[]}"
20261009T025226250Z_6ca46cab1d00446aa2b0a79bb208a1d8,,,1,137,2026-10-09T02:52:33.7378614Z,7.487238,6.518428,1232,0,0,OperatingSource,0,0,TaskSwitchDisplay,1,,1,1,1,1316.819458,-187.138824,1316.819458,0.000000,0.685843,-0.173277,1316.819458,-187.138824,1920,1080,Unknown,"{""areas"":[]}"
20261009T025226250Z_6ca46cab1d00446aa2b0a79bb208a1d8,,,1,138,2026-10-09T02:52:33.7929665Z,7.541590,6.572350,1239,0,0,OperatingSource,0,0,TaskSwitchDisplay,1,,1,1,0,,,,,,,,,1920,1080,Unknown,"{""areas"":[]}"
20261009T025226250Z_6ca46cab1d00446aa2b0a79bb208a1d8,,,1,139,2026-10-09T02:52:33.8422906Z,7.591618,6.622671,1245,0,0,OperatingSource,0,0,TaskSwitchDisplay,1,,1,1,0,,,,,,,,,1920,1080,Unknown,"{""areas"":[]}"
20261009T025226250Z_6ca46cab1d00446aa2b0a79bb208a1d8,,,1,140,2026-10-09T02:52:33.8946684Z,7.643392,6.674542,1252,0,0,OperatingSource,0,0,TaskSwitchDisplay,1,,1,1,0,,,,,,,,,1920,1080,Unknown,"{""areas"":[]}"
20261009T025226250Z_6ca46cab1d00446aa2b0a79bb208a1d8,,,1,141,2026-10-09T02:52:33.9529889Z,7.701796,6.732324,1260,0,0,OperatingSource,0,0,TaskSwitchDisplay,1,,1,1,0,,,,,,,,,1920,1080,Unknown,"{""areas"":[]}"
20261009T025226250Z_6ca46cab1d00446aa2b0a79bb208a1d8,,,1,142,2026-10-09T02:52:34.0055743Z,7.754793,6.785631,1266,0,0,OperatingSource,0,0,TaskSwitchDisplay,1,,1,0,0,,,,,,,,,1920,1080,Unknown,"{""areas"":[]}"
20261009T025226250Z_6ca46cab1d00446aa2b0a79bb208a1d8,,,1,143,2026-10-09T02:52:34.0580103Z,7.806646,6.837821,1273,0,0,OperatingSource,0,0,TaskSwitchDisplay,1,,1,0,0,,,,,,,,,1920,1080,Unknown,"{""areas"":[]}"
