session_id,participant_id,block_id,experiment_run_index,sample_index,utc_timestamp,real_elapsed_s,simulation_elapsed_s,frame,switch_index,active_crane_index,state,input_locked,global_paused,display_mode,operation_enabled,pause_interval_index,input_mode,movement_dead_zone,joystick2_horizontal,joystick2_vertical,joystick3_vertical,joystick3_slider,slider_axis,raw_current_slider,requested_current_a,requested_move_x,requested_move_y,requested_move_z,requested_spread,last_accepted_move_x,last_accepted_move_y,last_accepted_move_z,last_accepted_spread,accepted_command_frame,command_accepted_this_frame,applied_current_a,safe_current_hold_active,confirmation_button,detach_button,auditory_subtask_enabled,auditory_subtask_running,pedal_axis,raw_pedal,pedal_armed,secondary_task_mode,visual_subtask_enabled,visual_subtask_running,visual_left_red,visual_right_red,pedal_axis_raw,pedal_positive_key,pedal_negative_key,pedal_input_source,pedal_input_conflict,plus_minus_keys_enabled
20261009T025226250Z_6ca46cab1d00446aa2b0a79bb208a1d8,,,1,0,2026-10-09T02:52:26.2902583Z,0.038604,0.000000,275,0,-1,Idle,0,1,TaskSwitchDisplay,1,1,Keyboard,0.100000,0.000000,0.000000,0.000000,0.000000,,,,0.000000,0.000000,0.000000,0.000000,0.000000,0.000000,0.000000,0.000000,-1,0,,0,0,0,0,0,TaskSwitchPedal,,0,Visual,1,0,0,0,,,,,,1
20261009T025226250Z_6ca46cab1d00446aa2b0a79bb208a1d8,,,1,1,2026-10-09T02:52:26.3403518Z,0.089028,0.089752,278,0,-1,Idle,0,1,TaskSwitchDisplay,1,1,Keyboard,0.100000,0.000000,0.000000,0.000000,0.000000,,,,0.000000,0.000000,0.000000,0.000000,0.000000,0.000000,0.000000,0.000000,-1,0,,0,0,0,0,0,TaskSwitchPedal,,0,Visual,1,0,0,0,,,,,,1
20261009T025226250Z_6ca46cab1d00446aa2b0a79bb208a1d8,,,1,2,2026-10-09T02:52:26.3924095Z,0.141446,0.089752,284,0,-1,Idle,0,1,TaskSwitchDisplay,1,1,Keyboard,0.100000,0.000000,0.000000,0.000000,0.000000,,,,0.000000,0.000000,0.000000,0.000000,0.000000,0.000000,0.000000,0.000000,-1,0,,0,0,0,0,0,TaskSwitchPedal,,0,Visual,1,0,0,0,,,,,,1
20261009T025226250Z_6ca46cab1d00446aa2b0a79bb208a1d8,,,1,3,2026-10-09T02:52:26.4466905Z,0.195999,0.089752,290,0,-1,Idle,0,1,TaskSwitchDisplay,1,1,Keyboard,0.100000,0.000000,0.000000,0.000000,0.000000,,,,0.000000,0.000000,0.000000,0.000000,0.000000,0.000000,0.000000,0.000000,-1,0,,0,0,0,0,0,TaskSwitchPedal,,0,Visual,1,0,0,0,,,,,,1
20261009T025226250Z_6ca46cab1d00446aa2b0a79bb208a1d8,,,1,4,2026-10-09T02:52:26.5000859Z,0.248958,0.089752,296,0,-1,Idle,0,1,TaskSwitchDisplay,1,1,Keyboard,0.100000,0.000000,0.000000,0.000000,0.000000,,,,0.000000,0.000000,0.000000,0.000000,0.000000,0.000000,0.000000,0.000000,-1,0,,0,0,0,0,0,TaskSwitchPedal,,0,Visual,1,0,0,0,,,,,,1
20261009T025226250Z_6ca46cab1d00446aa2b0a79bb208a1d8,,,1,5,2026-10-09T02:52:26.5564625Z,0.305614,0.089752,302,0,-1,Idle,0,1,TaskSwitchDisplay,1,1,Keyboard,0.100000,0.000000,0.000000,0.000000,0.000000,,,,0.000000,0.000000,0.000000,0.000000,0.000000,0.000000,0.000000,0.000000,-1,0,,0,0,0,0,0,TaskSwitchPedal,,0,Visual,1,0,0,0,,,,,,1
20261009T025226250Z_6ca46cab1d00446aa2b0a79bb208a1d8,,,1,6,2026-10-09T02:52:26.6155628Z,0.364962,0.089752,308,0,-1,Idle,0,1,TaskSwitchDisplay,1,1,Keyboard,0.100000,0.000000,0.000000,0.000000,0.000000,,,,0.000000,0.000000,0.000000,0.000000,0.000000,0.000000,0.000000,0.000000,-1,0,,0,0,0,0,0,TaskSwitchPedal,,0,Visual,1,0,0,0,,,,,,1
20261009T025226250Z_6ca46cab1d00446aa2b0a79bb208a1d8,,,1,7,2026-10-09T02:52:26.6752179Z,0.424128,0.089752,314,0,-1,Idle,0,1,TaskSwitchDisplay,1,1,Keyboard,0.100000,0.000000,0.000000,0.000000,0.000000,,,,0.000000,0.000000,0.000000,0.000000,0.000000,0.000000,0.000000,0.000000,-1,0,,0,0,0,0,0,TaskSwitchPedal,,0,Visual,1,0,0,0,,,,,,1
20261009T025226250Z_6ca46cab1d00446aa2b0a79bb208a1d8,,,1,8,2026-10-09T02:52:26.7325076Z,0.481067,0.089752,320,0,-1,Idle,0,1,TaskSwitchDisplay,1,1,Keyboard,0.100000,0.000000,0.000000,0.000000,0.000000,,,,0.000000,0.000000,0.000000,0.000000,0.000000,0.000000,0.000000,0.000000,-1,0,,0,0,0,0,0,TaskSwitchPedal,,0,Visual,1,0,0,0,,,,,,1
20261009T025226250Z_6ca46cab1d00446aa2b0a79bb208a1d8,,,1,9,2026-10-09T02:52:26.7846643Z,0.533579,0.089752,326,0,-1,Idle,0,1,TaskSwitchDisplay,1,1,Keyboard,0.100000,0.000000,0.000000,0.000000,0.000000,,,,0.000000,0.000000,0.000000,0.000000,0.000000,0.000000,0.000000,0.000000,-1,0,,0,0,0,0,0,TaskSwitchPedal,,0,Visual,1,0,0,0,,,,,,1
20261009T025226250Z_6ca46cab1d00446aa2b0a79bb208a1d8,,,1,10,2026-10-09T02:52:26.8400791Z,0.589131,0.089752,332,0,-1,Idle,0,1,TaskSwitchDisplay,1,1,Keyboard,0.100000,0.000000,0.000000,0.000000,0.000000,,,,0.000000,0.000000,0.000000,0.000000,0.000000,0.000000,0.000000,0.000000,-1,0,,0,0,0,0,0,TaskSwitchPedal,,0,Visual,1,0,0,0,,,,,,1
20261009T025226250Z_6ca46cab1d00446aa2b0a79bb208a1d8,,,1,11,2026-10-09T02:52:26.8926775Z,0.641160,0.089752,338,0,-1,Idle,0,1,TaskSwitchDisplay,1,1,Keyboard,0.100000,0.000000,0.000000,0.000000,0.000000,,,,0.000000,0.000000,0.000000,0.000000,0.000000,0.000000,0.000000,0.000000,-1,0,,0,0,0,0,0,TaskSwitchPedal,,0,Visual,1,0,0,0,,,,,,1
20261009T025226250Z_6ca46cab1d00446aa2b0a79bb208a1d8,,,1,12,2026-10-09T02:52:26.9489434Z,0.698452,0.089752,344,0,-1,Idle,0,1,TaskSwitchDisplay,1,1,Keyboard,0.100000,0.000000,0.000000,0.000000,0.000000,,,,0.000000,0.000000,0.000000,0.000000,0.000000,0.000000,0.000000,0.000000,-1,0,,0,0,0,0,0,TaskSwitchPedal,,0,Visual,1,0,0,0,,,,,,1
20261009T025226250Z_6ca46cab1d00446aa2b0a79bb208a1d8,,,1,13,2026-10-09T02:52:27.0068618Z,0.756100,0.089752,350,0,-1,Idle,0,1,TaskSwitchDisplay,1,1,Keyboard,0.100000,0.000000,0.000000,0.000000,0.000000,,,,0.000000,0.000000,0.000000,0.000000,0.000000,0.000000,0.000000,0.000000,-1,0,,0,0,0,0,0,TaskSwitchPedal,,0,Visual,1,0,0,0,,,,,,1
20261009T025226250Z_6ca46cab1d00446aa2b0a79bb208a1d8,,,1,14,2026-10-09T02:52:27.0641091Z,0.812642,0.089752,356,0,-1,Idle,0,1,TaskSwitchDisplay,1,1,Keyboard,0.100000,0.000000,0.000000,0.000000,0.000000,,,,0.000000,0.000000,0.000000,0.000000,0.000000,0.000000,0.000000,0.000000,-1,0,,0,0,0,0,0,TaskSwitchPedal,,0,Visual,1,0,0,0,,,,,,1
20261009T025226250Z_6ca46cab1d00446aa2b0a79bb208a1d8,,,1,15,2026-10-09T02:52:27.1165758Z,0.865035,0.089752,362,0,-1,Idle,0,1,TaskSwitchDisplay,1,1,Keyboard,0.100000,0.000000,0.000000,0.000000,0.000000,,,,0.000000,0.000000,0.000000,0.000000,0.000000,0.000000,0.000000,0.000000,-1,0,,0,0,0,0,0,TaskSwitchPedal,,0,Visual,1,0,0,0,,,,,,1
20261009T025226250Z_6ca46cab1d00446aa2b0a79bb208a1d8,,,1,16,2026-10-09T02:52:27.1691363Z,0.917886,0.089752,368,0,-1,Idle,0,1,TaskSwitchDisplay,1,1,Keyboard,0.100000,0.000000,0.000000,0.000000,0.000000,,,,0.000000,0.000000,0.000000,0.000000,0.000000,0.000000,0.000000,0.000000,-1,0,,0,0,0,0,0,TaskSwitchPedal,,0,Visual,1,0,0,0,,,,,,1
20261009T025226250Z_6ca46cab1d00446aa2b0a79bb208a1d8,,,1,17,2026-10-09T02:52:27.2207833Z,0.969590,0.089752,374,0,-1,Idle,0,1,TaskSwitchDisplay,1,1,Keyboard,0.100000,0.000000,0.000000,0.000000,0.000000,,,,0.000000,0.000000,0.000000,0.000000,0.000000,0.000000,0.000000,0.000000,-1,0,,0,0,0,0,0,TaskSwitchPedal,,0,Visual,1,0,0,0,,,,,,1
20261009T025226250Z_6ca46cab1d00446aa2b0a79bb208a1d8,,,1,18,2026-10-09T02:52:27.2808824Z,1.029634,0.089752,380,0,-1,Idle,0,1,TaskSwitchDisplay,1,1,Keyboard,0.100000,0.000000,0.000000,0.000000,0.000000,,,,0.000000,0.000000,0.000000,0.000000,0.000000,0.000000,0.000000,0.000000,-1,0,,0,0,0,0,0,TaskSwitchPedal,,0,Visual,1,0,0,0,,,,,,1
20261009T025226250Z_6ca46cab1d00446aa2b0a79bb208a1d8,,,1,19,2026-10-09T02:52:27.3789182Z,1.128737,0.089752,383,0,0,OperatingSource,0,0,TaskSwitchDisplay,1,,Keyboard,0.100000,0.000000,0.000000,0.000000,0.000000,JoyStick1LeftSlider,0.000000,0.000000,0.000000,0.000000,0.000000,0.000000,0.000000,0.000000,0.000000,0.000000,-1,0,0.000000,0,0,0,0,0,TaskSwitchPedal,0.000000,1,Visual,1,1,0,0,0.000000,0,0,Axis,0,1
20261009T025226250Z_6ca46cab1d00446aa2b0a79bb208a1d8,,,1,20,2026-10-09T02:52:27.4332371Z,1.181805,0.212502,387,0,0,OperatingSource,0,0,TaskSwitchDisplay,1,,Keyboard,0.100000,0.000000,0.000000,0.000000,0.000000,JoyStick1LeftSlider,0.000000,0.000000,0.000000,0.000000,0.000000,0.000000,0.000000,0.000000,0.000000,0.000000,387,1,0.000000,0,0,0,0,0,TaskSwitchPedal,0.000000,1,Visual,1,1,0,0,0.000000,0,0,Axis,0,1
20261009T025226250Z_6ca46cab1d00446aa2b0a79bb208a1d8,,,1,21,2026-10-09T02:52:27.4902412Z,1.238842,0.269233,394,0,0,OperatingSource,0,0,TaskSwitchDisplay,1,,Keyboard,0.100000,0.000000,0.000000,0.000000,0.000000,JoyStick1LeftSlider,0.000000,0.000000,0.000000,0.000000,0.000000,0.000000,0.000000,0.000000,0.000000,0.000000,394,1,0.000000,0,0,0,0,0,TaskSwitchPedal,0.000000,1,Visual,1,1,0,0,0.000000,0,0,Axis,0,1
20261009T025226250Z_6ca46cab1d00446aa2b0a79bb208a1d8,,,1,22,2026-10-09T02:52:27.5439780Z,1.293202,0.324286,401,0,0,OperatingSource,0,0,TaskSwitchDisplay,1,,Keyboard,0.100000,0.000000,0.000000,0.000000,0.000000,JoyStick1LeftSlider,0.000000,0.000000,0.000000,0.000000,0.000000,0.000000,0.000000,0.000000,0.000000,0.000000,399,0,0.000000,0,0,0,0,0,TaskSwitchPedal,0.000000,1,Visual,1,1,0,0,0.000000,0,0,Axis,0,1
20261009T025226250Z_6ca46cab1d00446aa2b0a79bb208a1d8,,,1,23,2026-10-09T02:52:27.6002886Z,1.348900,0.379968,409,0,0,OperatingSource,0,0,TaskSwitchDisplay,1,,Keyboard,0.100000,0.000000,0.000000,0.000000,0.000000,JoyStick1LeftSlider,0.000000,0.000000,0.000000,0.000000,0.000000,0.000000,0.000000,0.000000,0.000000,0.000000,407,0,0.000000,0,0,0,0,0,TaskSwitchPedal,0.000000,1,Visual,1,1,0,0,0.000000,0,0,Axis,0,1
20261009T025226250Z_6ca46cab1d00446aa2b0a79bb208a1d8,,,1,24,2026-10-09T02:52:27.6549656Z,1.404227,0.435413,417,0,0,OperatingSource,0,0,TaskSwitchDisplay,1,,Keyboard,0.100000,0.000000,0.000000,0.000000,0.000000,JoyStick1LeftSlider,0.000000,0.000000,0.000000,0.000000,0.000000,0.000000,0.000000,0.000000,0.000000,0.000000,416,0,0.000000,0,0,0,0,0,TaskSwitchPedal,0.000000,1,Visual,1,1,0,0,0.000000,0,0,Axis,0,1
20261009T025226250Z_6ca46cab1d00446aa2b0a79bb208a1d8,,,1,25,2026-10-09T02:52:27.7063287Z,1.455015,0.486162,424,0,0,OperatingSource,0,0,TaskSwitchDisplay,1,,Keyboard,0.100000,0.000000,0.000000,0.000000,0.000000,JoyStick1LeftSlider,0.000000,0.000000,0.000000,0.000000,0.000000,0.000000,0.000000,0.000000,0.000000,0.000000,422,0,0.000000,0,0,0,0,0,TaskSwitchPedal,0.000000,1,Visual,1,1,0,0,0.000000,0,0,Axis,0,1
20261009T025226250Z_6ca46cab1d00446aa2b0a79bb208a1d8,,,1,26,2026-10-09T02:52:27.7618263Z,1.510407,0.541354,432,0,0,OperatingSource,0,0,TaskSwitchDisplay,1,,Keyboard,0.100000,0.000000,0.000000,0.000000,0.000000,JoyStick1LeftSlider,0.000000,0.000000,0.000000,0.000000,0.000000,0.000000,0.000000,0.000000,0.000000,0.000000,430,0,0.000000,0,0,0,0,0,TaskSwitchPedal,0.000000,1,Visual,1,1,0,0,0.000000,0,0,Axis,0,1
20261009T025226250Z_6ca46cab1d00446aa2b0a79bb208a1d8,,,1,27,2026-10-09T02:52:27.8172089Z,1.566221,0.597289,440,0,0,OperatingSource,0,0,TaskSwitchDisplay,1,,Keyboard,0.100000,0.000000,0.000000,0.000000,0.000000,JoyStick1LeftSlider,0.000000,0.000000,0.000000,0.000000,0.000000,0.000000,0.000000,0.000000,0.000000,0.000000,439,0,0.000000,0,0,0,0,0,TaskSwitchPedal,0.000000,1,Visual,1,1,0,0,0.000000,0,0,Axis,0,1
20261009T025226250Z_6ca46cab1d00446aa2b0a79bb208a1d8,,,1,28,2026-10-09T02:52:27.8687483Z,1.618084,0.648828,447,0,0,OperatingSource,0,0,TaskSwitchDisplay,1,,Keyboard,0.100000,0.000000,0.000000,0.000000,0.000000,JoyStick1LeftSlider,0.000000,0.000000,0.000000,0.000000,0.000000,0.000000,0.000000,0.000000,0.000000,0.000000,447,1,0.000000,0,0,0,0,0,TaskSwitchPedal,0.000000,1,Visual,1,1,0,0,0.000000,0,0,Axis,0,1
20261009T025226250Z_6ca46cab1d00446aa2b0a79bb208a1d8,,,1,29,2026-10-09T02:52:27.9228047Z,1.671617,0.702793,455,0,0,OperatingSource,0,0,TaskSwitchDisplay,1,,Keyboard,0.100000,0.000000,0.000000,0.000000,0.000000,JoyStick1LeftSlider,0.000000,0.000000,0.000000,0.000000,0.000000,0.000000,0.000000,0.000000,0.000000,0.000000,453,0,0.000000,0,0,0,0,0,TaskSwitchPedal,0.000000,1,Visual,1,1,0,0,0.000000,0,0,Axis,0,1
20261009T025226250Z_6ca46cab1d00446aa2b0a79bb208a1d8,,,1,30,2026-10-09T02:52:27.9785497Z,1.727150,0.758193,463,0,0,OperatingSource,0,0,TaskSwitchDisplay,1,,Keyboard,0.100000,0.000000,0.000000,0.000000,0.000000,JoyStick1LeftSlider,0.000000,0.000000,0.000000,0.000000,0.000000,0.000000,0.000000,0.000000,0.000000,0.000000,462,0,0.000000,0,0,0,0,0,TaskSwitchPedal,0.000000,1,Visual,1,1,0,0,0.000000,0,0,Axis,0,1
20261009T025226250Z_6ca46cab1d00446aa2b0a79bb208a1d8,,,1,31,2026-10-09T02:52:28.0333353Z,1.782727,0.813274,471,0,0,OperatingSource,0,0,TaskSwitchDisplay,1,,Keyboard,0.100000,0.000000,0.000000,0.000000,0.000000,JoyStick1LeftSlider,0.000000,0.000000,0.000000,0.000000,0.000000,0.000000,0.000000,0.000000,0.000000,0.000000,471,1,0.000000,0,0,0,0,0,TaskSwitchPedal,0.000000,1,Visual,1,1,0,0,0.000000,0,0,Axis,0,1
20261009T025226250Z_6ca46cab1d00446aa2b0a79bb208a1d8,,,1,32,2026-10-09T02:52:28.0885950Z,1.837084,0.867810,479,0,0,OperatingSource,0,0,TaskSwitchDisplay,1,,Keyboard,0.100000,0.000000,0.000000,0.000000,0.000000,JoyStick1LeftSlider,0.000000,0.000000,0.000000,0.000000,0.000000,0.000000,0.000000,0.000000,0.000000,0.000000,479,1,0.000000,0,0,0,0,0,TaskSwitchPedal,0.000000,1,Visual,1,1,0,0,0.000000,0,0,Axis,0,1
20261009T025226250Z_6ca46cab1d00446aa2b0a79bb208a1d8,,,1,33,2026-10-09T02:52:28.1421329Z,1.891233,0.922135,487,0,0,OperatingSource,0,0,TaskSwitchDisplay,1,,Keyboard,0.100000,0.000000,0.000000,0.000000,0.000000,JoyStick1LeftSlider,0.000000,0.000000,0.000000,0.000000,0.000000,0.000000,0.000000,0.000000,0.000000,0.000000,485,0,0.000000,0,0,0,0,0,TaskSwitchPedal,0.000000,1,Visual,1,1,0,0,0.000000,0,0,Axis,0,1
20261009T025226250Z_6ca46cab1d00446aa2b0a79bb208a1d8,,,1,34,2026-10-09T02:52:28.1926032Z,1.941236,0.971901,494,0,0,OperatingSource,0,0,TaskSwitchDisplay,1,,Keyboard,0.100000,0.000000,0.000000,0.000000,0.000000,JoyStick1LeftSlider,0.000000,0.000000,0.000000,0.000000,0.000000,0.000000,0.000000,0.000000,0.000000,0.000000,494,1,0.000000,0,0,0,0,0,TaskSwitchPedal,0.000000,1,Visual,1,1,0,0,0.000000,0,0,Axis,0,1
20261009T025226250Z_6ca46cab1d00446aa2b0a79bb208a1d8,,,1,35,2026-10-09T02:52:28.2486315Z,1.997129,1.027886,502,0,0,OperatingSource,0,0,TaskSwitchDisplay,1,,Keyboard,0.100000,0.000000,0.000000,0.000000,0.000000,JoyStick1LeftSlider,0.000000,0.000000,0.000000,0.000000,0.000000,0.000000,0.000000,0.000000,0.000000,0.000000,502,1,0.000000,0,0,0,0,0,TaskSwitchPedal,0.000000,1,Visual,1,1,0,0,0.000000,0,0,Axis,0,1
20261009T025226250Z_6ca46cab1d00446aa2b0a79bb208a1d8,,,1,36,2026-10-09T02:52:28.3027702Z,2.051316,1.082377,510,0,0,OperatingSource,0,0,TaskSwitchDisplay,1,,Keyboard,0.100000,0.000000,0.000000,0.000000,0.000000,JoyStick1LeftSlider,0.000000,0.000000,0.000000,0.000000,0.000000,0.000000,0.000000,0.000000,0.000000,0.000000,508,0,0.000000,0,0,0,0,0,TaskSwitchPedal,0.000000,1,Visual,1,1,0,0,0.000000,0,0,Axis,0,1
20261009T025226250Z_6ca46cab1d00446aa2b0a79bb208a1d8,,,1,37,2026-10-09T02:52:28.3516730Z,2.101329,1.131785,517,0,0,OperatingSource,0,0,TaskSwitchDisplay,1,,Keyboard,0.100000,0.000000,0.000000,0.000000,0.000000,JoyStick1LeftSlider,0.000000,0.000000,0.000000,0.000000,0.000000,0.000000,0.000000,0.000000,0.000000,0.000000,517,1,0.000000,0,0,0,0,0,TaskSwitchPedal,0.000000,1,Visual,1,1,0,0,0.000000,0,0,Axis,0,1
20261009T025226250Z_6ca46cab1d00446aa2b0a79bb208a1d8,,,1,38,2026-10-09T02:52:28.4075453Z,2.156872,1.187528,525,0,0,OperatingSource,0,0,TaskSwitchDisplay,1,,Keyboard,0.100000,0.000000,0.000000,0.000000,0.000000,JoyStick1LeftSlider,0.000000,0.000000,0.000000,0.000000,0.000000,0.000000,0.000000,0.000000,0.000000,0.000000,525,1,0.000000,0,0,0,0,0,TaskSwitchPedal,0.000000,1,Visual,1,1,0,0,0.000000,0,0,Axis,0,1
20261009T025226250Z_6ca46cab1d00446aa2b0a79bb208a1d8,,,1,39,2026-10-09T02:52:28.4635969Z,2.212540,1.243537,533,0,0,OperatingSource,0,0,TaskSwitchDisplay,1,,Keyboard,0.100000,0.000000,0.000000,0.000000,0.000000,JoyStick1LeftSlider,0.000000,0.000000,0.000000,0.000000,0.000000,0.000000,0.000000,0.000000,0.000000,0.000000,531,0,0.000000,0,0,0,0,0,TaskSwitchPedal,0.000000,1,Visual,1,1,0,0,0.000000,0,0,Axis,0,1
20261009T025226250Z_6ca46cab1d00446aa2b0a79bb208a1d8,,,1,40,2026-10-09T02:52:28.5200868Z,2.269035,1.300114,541,0,0,OperatingSource,0,0,TaskSwitchDisplay,1,,Keyboard,0.100000,0.000000,0.000000,0.000000,0.000000,JoyStick1LeftSlider,0.000000,0.000000,0.000000,0.000000,0.000000,0.000000,0.000000,0.000000,0.000000,0.000000,540,0,0.000000,0,0,0,0,0,TaskSwitchPedal,0.000000,1,Visual,1,1,0,0,0.000000,0,0,Axis,0,1
20261009T025226250Z_6ca46cab1d00446aa2b0a79bb208a1d8,,,1,41,2026-10-09T02:52:28.5748066Z,2.323249,1.354327,549,0,0,OperatingSource,0,0,TaskSwitchDisplay,1,,Keyboard,0.100000,0.000000,0.000000,0.000000,0.000000,JoyStick1LeftSlider,0.000000,0.000000,0.000000,0.000000,0.000000,0.000000,0.000000,0.000000,0.000000,0.000000,548,0,0.000000,0,0,0,0,0,TaskSwitchPedal,0.000000,1,Visual,1,1,0,0,0.000000,0,0,Axis,0,1
20261009T025226250Z_6ca46cab1d00446aa2b0a79bb208a1d8,,,1,42,2026-10-09T02:52:28.6316743Z,2.380194,1.410881,557,0,0,OperatingSource,0,0,TaskSwitchDisplay,1,,Keyboard,0.100000,0.000000,0.000000,0.000000,0.000000,JoyStick1LeftSlider,0.000000,0.000000,0.000000,0.000000,0.000000,0.000000,0.000000,0.000000,0.000000,0.000000,557,1,0.000000,0,0,0,0,0,TaskSwitchPedal,0.000000,1,Visual,1,1,0,0,0.000000,0,0,Axis,0,1
20261009T025226250Z_6ca46cab1d00446aa2b0a79bb208a1d8,,,1,43,2026-10-09T02:52:28.6812010Z,2.430473,1.461090,564,0,0,OperatingSource,0,0,TaskSwitchDisplay,1,,Keyboard,0.100000,0.000000,0.000000,0.000000,0.000000,JoyStick1LeftSlider,0.000000,0.000000,0.000000,0.000000,0.000000,0.000000,0.000000,0.000000,0.000000,0.000000,563,0,0.000000,0,0,0,0,0,TaskSwitchPedal,0.000000,1,Visual,1,1,0,0,0.000000,0,0,Axis,0,1
20261009T025226250Z_6ca46cab1d00446aa2b0a79bb208a1d8,,,1,44,2026-10-09T02:52:28.7374288Z,2.486258,1.517357,572,0,0,OperatingSource,0,0,TaskSwitchDisplay,1,,Keyboard,0.100000,0.000000,0.000000,0.000000,0.000000,JoyStick1LeftSlider,0.000000,0.000000,0.000000,0.000000,0.000000,0.000000,0.000000,0.000000,0.000000,0.000000,571,0,0.000000,0,0,0,0,0,TaskSwitchPedal,0.000000,1,Visual,1,1,0,0,0.000000,0,0,Axis,0,1
20261009T025226250Z_6ca46cab1d00446aa2b0a79bb208a1d8,,,1,45,2026-10-09T02:52:28.7936096Z,2.542082,1.573131,580,0,0,OperatingSource,0,0,TaskSwitchDisplay,1,,Keyboard,0.100000,0.000000,0.000000,0.000000,0.000000,JoyStick1LeftSlider,0.000000,0.000000,0.000000,0.000000,0.000000,0.000000,0.000000,0.000000,0.000000,0.000000,579,0,0.000000,0,0,0,0,0,TaskSwitchPedal,0.000000,1,Visual,1,1,0,0,0.000000,0,0,Axis,0,1
20261009T025226250Z_6ca46cab1d00446aa2b0a79bb208a1d8,,,1,46,2026-10-09T02:52:28.8491153Z,2.597621,1.628303,588,0,0,OperatingSource,0,0,TaskSwitchDisplay,1,,Keyboard,0.100000,0.000000,0.000000,0.000000,0.000000,JoyStick1LeftSlider,0.000000,0.000000,0.000000,0.000000,0.000000,0.000000,0.000000,0.000000,0.000000,0.000000,588,1,0.000000,0,0,0,0,0,TaskSwitchPedal,0.000000,1,Visual,1,1,0,0,0.000000,0,0,Axis,0,1
20261009T025226250Z_6ca46cab1d00446aa2b0a79bb208a1d8,,,1,47,2026-10-09T02:52:28.8994979Z,2.648012,1.679017,595,0,0,OperatingSource,0,0,TaskSwitchDisplay,1,,Keyboard,0.100000,0.000000,0.000000,0.000000,0.000000,JoyStick1LeftSlider,0.000000,0.000000,0.000000,0.000000,0.000000,0.000000,0.000000,0.000000,0.000000,0.000000,594,0,0.000000,0,0,0,0,0,TaskSwitchPedal,0.000000,1,Visual,1,1,0,0,0.000000,0,0,Axis,0,1
20261009T025226250Z_6ca46cab1d00446aa2b0a79bb208a1d8,,,1,48,2026-10-09T02:52:28.9526389Z,2.701793,1.732963,603,0,0,OperatingSource,0,0,TaskSwitchDisplay,1,,Keyboard,0.100000,0.000000,0.000000,0.000000,0.000000,JoyStick1LeftSlider,0.000000,0.000000,0.000000,0.000000,0.000000,0.000000,0.000000,0.000000,0.000000,0.000000,602,0,0.000000,0,0,0,0,0,TaskSwitchPedal,0.000000,1,Visual,1,1,0,0,0.000000,0,0,Axis,0,1
20261009T025226250Z_6ca46cab1d00446aa2b0a79bb208a1d8,,,1,49,2026-10-09T02:52:29.0058737Z,2.755050,1.786113,611,0,0,OperatingSource,0,0,TaskSwitchDisplay,1,,Keyboard,0.100000,0.000000,0.000000,0.000000,0.000000,JoyStick1LeftSlider,0.000000,0.000000,0.000000,0.000000,0.000000,0.000000,0.000000,0.000000,0.000000,0.000000,609,0,0.000000,0,0,0,0,0,TaskSwitchPedal,0.000000,1,Visual,1,1,0,0,0.000000,0,0,Axis,0,1
20261009T025226250Z_6ca46cab1d00446aa2b0a79bb208a1d8,,,1,50,2026-10-09T02:52:29.0616889Z,2.810674,1.841712,619,0,0,OperatingSource,0,0,TaskSwitchDisplay,1,,Keyboard,0.100000,0.000000,0.000000,0.000000,0.000000,JoyStick1LeftSlider,0.000000,0.000000,0.000000,0.000000,0.000000,0.000000,0.000000,0.000000,0.000000,0.000000,617,0,0.000000,0,0,0,0,0,TaskSwitchPedal,0.000000,1,Visual,1,1,0,0,0.000000,0,0,Axis,0,1
20261009T025226250Z_6ca46cab1d00446aa2b0a79bb208a1d8,,,1,51,2026-10-09T02:52:29.1159797Z,2.864675,1.895710,627,0,0,OperatingSource,0,0,TaskSwitchDisplay,1,,Keyboard,0.100000,0.000000,0.000000,0.000000,0.000000,JoyStick1LeftSlider,0.000000,0.000000,0.000000,0.000000,0.000000,0.000000,0.000000,0.000000,0.000000,0.000000,626,0,0.000000,0,0,0,0,0,TaskSwitchPedal,0.000000,1,Visual,1,1,0,0,0.000000,0,0,Axis,0,1
20261009T025226250Z_6ca46cab1d00446aa2b0a79bb208a1d8,,,1,52,2026-10-09T02:52:29.1693293Z,2.918230,1.948951,635,0,0,OperatingSource,0,0,TaskSwitchDisplay,1,,Keyboard,0.100000,0.000000,0.000000,0.000000,0.000000,JoyStick1LeftSlider,0.000000,0.000000,0.000000,0.000000,0.000000,0.000000,0.000000,0.000000,0.000000,0.000000,635,1,0.000000,0,0,0,0,0,TaskSwitchPedal,0.000000,1,Visual,1,1,0,0,0.000000,0,0,Axis,0,1
20261009T025226250Z_6ca46cab1d00446aa2b0a79bb208a1d8,,,1,53,2026-10-09T02:52:29.2260815Z,2.974872,2.005975,643,0,0,OperatingSource,0,0,TaskSwitchDisplay,1,,Keyboard,0.100000,0.000000,0.000000,0.000000,0.000000,JoyStick1LeftSlider,0.000000,0.000000,0.000000,0.000000,0.000000,0.000000,0.000000,0.000000,0.000000,0.000000,641,0,0.000000,0,0,0,0,0,TaskSwitchPedal,0.000000,1,Visual,1,1,0,0,0.000000,0,0,Axis,0,1
20261009T025226250Z_6ca46cab1d00446aa2b0a79bb208a1d8,,,1,54,2026-10-09T02:52:29.2789052Z,3.028772,2.059739,650,0,0,OperatingSource,0,0,TaskSwitchDisplay,1,,Keyboard,0.100000,0.000000,0.000000,0.000000,0.000000,JoyStick1LeftSlider,0.000000,0.000000,0.000000,0.000000,0.000000,0.000000,0.000000,0.000000,0.000000,0.000000,649,0,0.000000,0,0,0,0,0,TaskSwitchPedal,0.000000,1,Visual,1,1,0,0,0.000000,0,0,Axis,0,1
20261009T025226250Z_6ca46cab1d00446aa2b0a79bb208a1d8,,,1,55,2026-10-09T02:52:29.3354402Z,3.084867,2.115855,656,0,0,OperatingSource,0,0,TaskSwitchDisplay,1,,Keyboard,0.100000,0.000000,0.000000,0.000000,0.000000,JoyStick1LeftSlider,0.000000,0.000000,0.000000,0.000000,0.000000,0.000000,0.000000,0.000000,0.000000,0.000000,655,0,0.000000,0,0,0,0,0,TaskSwitchPedal,0.000000,1,Visual,1,1,0,0,0.000000,0,0,Axis,0,1
20261009T025226250Z_6ca46cab1d00446aa2b0a79bb208a1d8,,,1,56,2026-10-09T02:52:29.3927294Z,3.141472,2.171966,664,0,0,OperatingSource,0,0,TaskSwitchDisplay,1,,Keyboard,0.100000,0.000000,0.000000,0.000000,0.000000,JoyStick1LeftSlider,0.000000,0.000000,0.000000,0.000000,0.000000,0.000000,0.000000,0.000000,0.000000,0.000000,664,1,0.000000,0,0,0,0,0,TaskSwitchPedal,0.000000,1,Visual,1,1,0,0,0.000000,0,0,Axis,0,1
20261009T025226250Z_6ca46cab1d00446aa2b0a79bb208a1d8,,,1,57,2026-10-09T02:52:29.4489703Z,3.198359,2.229178,672,0,0,OperatingSource,0,0,TaskSwitchDisplay,1,,Keyboard,0.100000,0.000000,0.000000,0.000000,0.000000,JoyStick1LeftSlider,0.000000,0.000000,0.000000,0.000000,0.000000,0.000000,0.000000,0.000000,0.000000,0.000000,672,1,0.000000,0,0,0,0,0,TaskSwitchPedal,0.000000,1,Visual,1,1,0,0,0.000000,0,0,Axis,0,1
20261009T025226250Z_6ca46cab1d00446aa2b0a79bb208a1d8,,,1,58,2026-10-09T02:52:29.5053452Z,3.254075,2.285174,680,0,0,OperatingSource,0,0,TaskSwitchDisplay,1,,Keyboard,0.100000,0.000000,0.000000,0.000000,0.000000,JoyStick1LeftSlider,0.000000,0.000000,0.000000,0.000000,0.000000,0.000000,0.000000,0.000000,0.000000,0.000000,678,0,0.000000,0,0,0,0,0,TaskSwitchPedal,0.000000,1,Visual,1,1,0,0,0.000000,0,0,Axis,0,1
20261009T025226250Z_6ca46cab1d00446aa2b0a79bb208a1d8,,,1,59,2026-10-09T02:52:29.5601038Z,3.309209,2.340261,688,0,0,OperatingSource,0,0,TaskSwitchDisplay,1,,Keyboard,0.100000,0.000000,0.000000,0.000000,0.000000,JoyStick1LeftSlider,0.000000,0.000000,0.000000,0.000000,0.000000,0.000000,0.000000,0.000000,0.000000,0.000000,686,0,0.000000,0,0,0,0,0,TaskSwitchPedal,0.000000,1,Visual,1,1,0,0,0.000000,0,0,Axis,0,1
20261009T025226250Z_6ca46cab1d00446aa2b0a79bb208a1d8,,,1,60,2026-10-09T02:52:29.6169761Z,3.365682,2.396750,696,0,0,OperatingSource,0,0,TaskSwitchDisplay,1,,Keyboard,0.100000,0.000000,0.000000,0.000000,0.000000,JoyStick1LeftSlider,0.000000,0.000000,0.000000,0.000000,0.000000,0.000000,0.000000,0.000000,0.000000,0.000000,695,0,0.000000,0,0,0,0,0,TaskSwitchPedal,0.000000,1,Visual,1,1,0,0,0.000000,0,0,Axis,0,1
20261009T025226250Z_6ca46cab1d00446aa2b0a79bb208a1d8,,,1,61,2026-10-09T02:52:29.6729923Z,3.421431,2.452326,704,0,0,OperatingSource,0,0,TaskSwitchDisplay,1,,Keyboard,0.100000,0.000000,0.000000,0.000000,0.000000,JoyStick1LeftSlider,0.000000,0.000000,0.000000,0.000000,0.000000,0.000000,0.000000,0.000000,0.000000,0.000000,704,1,0.000000,0,0,0,0,0,TaskSwitchPedal,0.000000,1,Visual,1,1,0,0,0.000000,0,0,Axis,0,1
20261009T025226250Z_6ca46cab1d00446aa2b0a79bb208a1d8,,,1,62,2026-10-09T02:52:29.7225630Z,3.471967,2.503041,711,0,0,OperatingSource,0,0,TaskSwitchDisplay,1,,Keyboard,0.100000,0.000000,0.000000,0.000000,0.000000,JoyStick1LeftSlider,0.000000,0.000000,0.000000,0.000000,0.000000,0.000000,0.000000,0.000000,0.000000,0.000000,709,0,0.000000,0,0,0,0,0,TaskSwitchPedal,0.000000,1,Visual,1,1,0,0,0.000000,0,0,Axis,0,1
20261009T025226250Z_6ca46cab1d00446aa2b0a79bb208a1d8,,,1,63,2026-10-09T02:52:29.7786418Z,3.527963,2.559033,719,0,0,OperatingSource,0,0,TaskSwitchDisplay,1,,Keyboard,0.100000,0.000000,0.000000,0.000000,0.000000,JoyStick1LeftSlider,0.000000,0.000000,0.000000,0.000000,0.000000,0.000000,0.000000,0.000000,0.000000,0.000000,718,0,0.000000,0,0,0,0,0,TaskSwitchPedal,0.000000,1,Visual,1,1,0,0,0.000000,0,0,Axis,0,1
20261009T025226250Z_6ca46cab1d00446aa2b0a79bb208a1d8,,,1,64,2026-10-09T02:52:29.8291476Z,3.578491,2.609210,726,0,0,OperatingSource,0,0,TaskSwitchDisplay,1,,Keyboard,0.100000,0.000000,0.000000,0.000000,0.000000,JoyStick1LeftSlider,0.000000,0.000000,0.000000,0.000000,0.000000,0.000000,0.000000,0.000000,0.000000,0.000000,726,1,0.000000,0,0,0,0,0,TaskSwitchPedal,0.000000,1,Visual,1,1,0,0,0.000000,0,0,Axis,0,1
20261009T025226250Z_6ca46cab1d00446aa2b0a79bb208a1d8,,,1,65,2026-10-09T02:52:29.8814408Z,3.630056,2.661080,733,0,0,OperatingSource,0,0,TaskSwitchDisplay,1,,Keyboard,0.100000,0.000000,0.000000,0.000000,0.000000,JoyStick1LeftSlider,0.000000,0.000000,0.000000,0.000000,0.000000,0.000000,0.000000,0.000000,0.000000,0.000000,732,0,0.000000,0,0,0,0,0,TaskSwitchPedal,0.000000,1,Visual,1,1,0,0,0.000000,0,0,Axis,0,1
20261009T025226250Z_6ca46cab1d00446aa2b0a79bb208a1d8,,,1,66,2026-10-09T02:52:29.9359244Z,3.684477,2.715567,741,0,0,OperatingSource,0,0,TaskSwitchDisplay,1,,Keyboard,0.100000,0.000000,0.000000,0.000000,0.000000,JoyStick1LeftSlider,0.000000,0.000000,0.000000,0.000000,0.000000,0.000000,0.000000,0.000000,0.000000,0.000000,740,0,0.000000,0,0,0,0,0,TaskSwitchPedal,0.000000,1,Visual,1,1,0,0,0.000000,0,0,Axis,0,1
20261009T025226250Z_6ca46cab1d00446aa2b0a79bb208a1d8,,,1,67,2026-10-09T02:52:29.9915051Z,3.739973,2.770727,749,0,0,OperatingSource,0,0,TaskSwitchDisplay,1,,Keyboard,0.100000,0.000000,0.000000,0.000000,0.000000,JoyStick1LeftSlider,0.000000,0.000000,0.000000,0.000000,0.000000,0.000000,0.000000,0.000000,0.000000,0.000000,749,1,0.000000,0,0,0,0,0,TaskSwitchPedal,0.000000,1,Visual,1,1,0,0,0.000000,0,0,Axis,0,1
20261009T025226250Z_6ca46cab1d00446aa2b0a79bb208a1d8,,,1,68,2026-10-09T02:52:30.0452656Z,3.794697,2.825752,757,0,0,OperatingSource,0,0,TaskSwitchDisplay,1,,Keyboard,0.100000,0.000000,0.000000,0.000000,0.000000,JoyStick1LeftSlider,0.000000,0.000000,0.000000,0.000000,0.000000,0.000000,0.000000,0.000000,0.000000,0.000000,755,0,0.000000,0,0,0,0,0,TaskSwitchPedal,0.000000,1,Visual,1,1,0,0,0.000000,0,0,Axis,0,1
20261009T025226250Z_6ca46cab1d00446aa2b0a79bb208a1d8,,,1,69,2026-10-09T02:52:30.1010672Z,3.850397,2.881539,765,0,0,OperatingSource,0,0,TaskSwitchDisplay,1,,Keyboard,0.100000,0.000000,0.000000,0.000000,0.000000,JoyStick1LeftSlider,0.000000,0.000000,0.000000,0.000000,0.000000,0.000000,0.000000,0.000000,0.000000,0.000000,763,0,0.000000,0,0,0,0,0,TaskSwitchPedal,0.000000,1,Visual,1,1,0,0,0.000000,0,0,Axis,0,1
20261009T025226250Z_6ca46cab1d00446aa2b0a79bb208a1d8,,,1,70,2026-10-09T02:52:30.1545419Z,3.903241,2.934395,772,0,0,OperatingSource,0,0,TaskSwitchDisplay,1,,Keyboard,0.100000,0.000000,0.000000,0.000000,0.000000,JoyStick1LeftSlider,0.000000,0.000000,1.000000,0.000000,0.000000,0.000000,1.000000,0.000000,0.000000,0.000000,771,0,0.000000,0,0,0,0,0,TaskSwitchPedal,0.000000,1,Visual,1,1,0,0,0.000000,0,0,Axis,0,1
20261009T025226250Z_6ca46cab1d00446aa2b0a79bb208a1d8,,,1,71,2026-10-09T02:52:30.2042319Z,3.953574,2.984681,779,0,0,OperatingSource,0,0,TaskSwitchDisplay,1,,Keyboard,0.100000,0.000000,0.000000,0.000000,0.000000,JoyStick1LeftSlider,0.000000,0.000000,1.000000,0.000000,0.000000,0.000000,1.000000,0.000000,0.000000,0.000000,777,0,0.000000,0,0,0,0,0,TaskSwitchPedal,0.000000,1,Visual,1,1,0,0,0.000000,0,0,Axis,0,1
20261009T025226250Z_6ca46cab1d00446aa2b0a79bb208a1d8,,,1,72,2026-10-09T02:52:30.2607442Z,4.009706,3.040743,787,0,0,OperatingSource,0,0,TaskSwitchDisplay,1,,Keyboard,0.100000,0.000000,0.000000,0.000000,0.000000,JoyStick1LeftSlider,0.000000,0.000000,1.000000,0.000000,0.000000,0.000000,1.000000,0.000000,0.000000,0.000000,785,0,0.000000,0,0,0,0,0,TaskSwitchPedal,0.000000,1,Visual,1,1,0,0,0.000000,0,0,Axis,0,1
20261009T025226250Z_6ca46cab1d00446aa2b0a79bb208a1d8,,,1,73,2026-10-09T02:52:30.3165379Z,4.064991,3.096076,795,0,0,OperatingSource,0,0,TaskSwitchDisplay,1,,Keyboard,0.100000,0.000000,0.000000,0.000000,0.000000,JoyStick1LeftSlider,0.000000,0.000000,1.000000,0.000000,0.000000,0.000000,1.000000,0.000000,0.000000,0.000000,794,0,0.000000,0,0,0,0,0,TaskSwitchPedal,0.000000,1,Visual,1,1,0,0,0.000000,0,0,Axis,0,1
20261009T025226250Z_6ca46cab1d00446aa2b0a79bb208a1d8,,,1,74,2026-10-09T02:52:30.3720764Z,4.120777,3.151578,803,0,0,OperatingSource,0,0,TaskSwitchDisplay,1,,Keyboard,0.100000,0.000000,0.000000,0.000000,0.000000,JoyStick1LeftSlider,0.000000,0.000000,1.000000,0.000000,0.000000,0.000000,1.000000,0.000000,0.000000,0.000000,803,1,0.000000,0,0,0,0,0,TaskSwitchPedal,0.000000,1,Visual,1,1,0,0,0.000000,0,0,Axis,0,1
20261009T025226250Z_6ca46cab1d00446aa2b0a79bb208a1d8,,,1,75,2026-10-09T02:52:30.4292885Z,4.177783,3.208451,811,0,0,OperatingSource,0,0,TaskSwitchDisplay,1,,Keyboard,0.100000,0.000000,0.000000,0.000000,0.000000,JoyStick1LeftSlider,0.000000,0.000000,1.000000,0.000000,0.000000,0.000000,1.000000,0.000000,0.000000,0.000000,811,1,0.000000,0,0,0,0,0,TaskSwitchPedal,0.000000,1,Visual,1,1,0,0,0.000000,0,0,Axis,0,1
20261009T025226250Z_6ca46cab1d00446aa2b0a79bb208a1d8,,,1,76,2026-10-09T02:52:30.4828181Z,4.232031,3.263092,819,0,0,OperatingSource,0,0,TaskSwitchDisplay,1,,Keyboard,0.100000,0.000000,0.000000,0.000000,0.000000,JoyStick1LeftSlider,0.000000,0.000000,1.000000,0.000000,0.000000,0.000000,1.000000,0.000000,0.000000,0.000000,817,0,0.000000,0,0,0,0,0,TaskSwitchPedal,0.000000,1,Visual,1,1,0,0,0.000000,0,0,Axis,0,1
20261009T025226250Z_6ca46cab1d00446aa2b0a79bb208a1d8,,,1,77,2026-10-09T02:52:30.5370611Z,4.286208,3.317334,827,0,0,OperatingSource,0,0,TaskSwitchDisplay,1,,Keyboard,0.100000,0.000000,0.000000,0.000000,0.000000,JoyStick1LeftSlider,0.000000,0.000000,1.000000,0.000000,0.000000,0.000000,1.000000,0.000000,0.000000,0.000000,826,0,0.000000,0,0,0,0,0,TaskSwitchPedal,0.000000,1,Visual,1,1,0,0,0.000000,0,0,Axis,0,1
20261009T025226250Z_6ca46cab1d00446aa2b0a79bb208a1d8,,,1,78,2026-10-09T02:52:30.5872694Z,4.336280,3.367120,834,0,0,OperatingSource,0,0,TaskSwitchDisplay,1,,Keyboard,0.100000,0.000000,0.000000,0.000000,0.000000,JoyStick1LeftSlider,0.000000,0.000000,1.000000,0.000000,0.000000,0.000000,1.000000,0.000000,0.000000,0.000000,834,1,0.000000,0,0,0,0,0,TaskSwitchPedal,0.000000,1,Visual,1,1,0,0,0.000000,0,0,Axis,0,1
20261009T025226250Z_6ca46cab1d00446aa2b0a79bb208a1d8,,,1,79,2026-10-09T02:52:30.6384760Z,4.387754,3.418780,841,0,0,OperatingSource,0,0,TaskSwitchDisplay,1,,Keyboard,0.100000,0.000000,0.000000,0.000000,0.000000,JoyStick1LeftSlider,0.000000,0.000000,1.000000,0.000000,0.000000,0.000000,1.000000,0.000000,0.000000,0.000000,840,0,0.000000,0,0,0,0,0,TaskSwitchPedal,0.000000,1,Visual,1,1,0,0,0.000000,0,0,Axis,0,1
20261009T025226250Z_6ca46cab1d00446aa2b0a79bb208a1d8,,,1,80,2026-10-09T02:52:30.6889462Z,4.438673,3.468937,848,0,0,OperatingSource,0,0,TaskSwitchDisplay,1,,Keyboard,0.100000,0.000000,0.000000,0.000000,0.000000,JoyStick1LeftSlider,0.000000,0.000000,1.000000,0.000000,0.000000,0.000000,1.000000,0.000000,0.000000,0.000000,848,1,0.000000,0,0,0,0,0,TaskSwitchPedal,0.000000,1,Visual,1,1,0,0,0.000000,0,0,Axis,0,1
20261009T025226250Z_6ca46cab1d00446aa2b0a79bb208a1d8,,,1,81,2026-10-09T02:52:30.7402326Z,4.489765,3.520591,855,0,0,OperatingSource,0,0,TaskSwitchDisplay,1,,Keyboard,0.100000,0.000000,0.000000,0.000000,0.000000,JoyStick1LeftSlider,0.000000,0.000000,1.000000,0.000000,0.000000,0.000000,1.000000,0.000000,0.000000,0.000000,854,0,0.000000,0,0,0,0,0,TaskSwitchPedal,0.000000,1,Visual,1,1,0,0,0.000000,0,0,Axis,0,1
20261009T025226250Z_6ca46cab1d00446aa2b0a79bb208a1d8,,,1,82,2026-10-09T02:52:30.7915990Z,4.541369,3.572177,862,0,0,OperatingSource,0,0,TaskSwitchDisplay,1,,Keyboard,0.100000,0.000000,0.000000,0.000000,0.000000,JoyStick1LeftSlider,0.000000,0.000000,1.000000,0.000000,0.000000,0.000000,1.000000,0.000000,0.000000,0.000000,862,1,0.000000,0,0,0,0,0,TaskSwitchPedal,0.000000,1,Visual,1,1,0,0,0.000000,0,0,Axis,0,1
20261009T025226250Z_6ca46cab1d00446aa2b0a79bb208a1d8,,,1,83,2026-10-09T02:52:30.8427840Z,4.591991,3.622918,869,0,0,OperatingSource,0,0,TaskSwitchDisplay,1,,Keyboard,0.100000,0.000000,0.000000,0.000000,0.000000,JoyStick1LeftSlider,0.000000,0.000000,1.000000,0.000000,0.000000,0.000000,1.000000,0.000000,0.000000,0.000000,867,0,0.000000,0,0,0,0,0,TaskSwitchPedal,0.000000,1,Visual,1,1,0,0,0.000000,0,0,Axis,0,1
20261009T025226250Z_6ca46cab1d00446aa2b0a79bb208a1d8,,,1,84,2026-10-09T02:52:30.8968434Z,4.646242,3.677311,876,0,0,OperatingSource,0,0,TaskSwitchDisplay,1,,Keyboard,0.100000,0.000000,0.000000,0.000000,0.000000,JoyStick1LeftSlider,0.000000,0.000000,1.000000,0.000000,0.000000,0.000000,1.000000,0.000000,0.000000,0.000000,875,0,0.000000,0,0,0,0,0,TaskSwitchPedal,0.000000,1,Visual,1,1,0,0,0.000000,0,0,Axis,0,1
20261009T025226250Z_6ca46cab1d00446aa2b0a79bb208a1d8,,,1,85,2026-10-09T02:52:30.9489833Z,4.697885,3.728559,883,0,0,OperatingSource,0,0,TaskSwitchDisplay,1,,Keyboard,0.100000,0.000000,0.000000,0.000000,0.000000,JoyStick1LeftSlider,0.000000,0.000000,1.000000,0.000000,0.000000,0.000000,1.000000,0.000000,0.000000,0.000000,883,1,0.000000,0,0,0,0,0,TaskSwitchPedal,0.000000,1,Visual,1,1,0,0,0.000000,0,0,Axis,0,1
20261009T025226250Z_6ca46cab1d00446aa2b0a79bb208a1d8,,,1,86,2026-10-09T02:52:31.0016003Z,4.750528,3.781595,890,0,0,OperatingSource,0,0,TaskSwitchDisplay,1,,Keyboard,0.100000,0.000000,0.000000,0.000000,0.000000,JoyStick1LeftSlider,0.000000,0.000000,1.000000,0.000000,0.000000,0.000000,1.000000,0.000000,0.000000,0.000000,888,0,0.000000,0,0,0,0,0,TaskSwitchPedal,0.000000,1,Visual,1,1,0,0,0.000000,0,0,Axis,0,1
20261009T025226250Z_6ca46cab1d00446aa2b0a79bb208a1d8,,,1,87,2026-10-09T02:52:31.0584280Z,4.807384,3.838381,897,0,0,OperatingSource,0,0,TaskSwitchDisplay,1,,Keyboard,0.100000,0.000000,0.000000,0.000000,0.000000,JoyStick1LeftSlider,0.000000,0.000000,1.000000,0.000000,0.000000,0.000000,1.000000,0.000000,0.000000,0.000000,896,0,0.000000,0,0,0,0,0,TaskSwitchPedal,0.000000,1,Visual,1,1,0,0,0.000000,0,0,Axis,0,1
20261009T025226250Z_6ca46cab1d00446aa2b0a79bb208a1d8,,,1,88,2026-10-09T02:52:31.1137516Z,4.862367,3.892884,904,0,0,OperatingSource,0,0,TaskSwitchDisplay,1,,Keyboard,0.100000,0.000000,0.000000,0.000000,0.000000,JoyStick1LeftSlider,0.000000,0.000000,1.000000,0.000000,0.000000,0.000000,1.000000,0.000000,0.000000,0.000000,904,1,0.000000,0,0,0,0,0,TaskSwitchPedal,0.000000,1,Visual,1,1,0,0,0.000000,0,0,Axis,0,1
20261009T025226250Z_6ca46cab1d00446aa2b0a79bb208a1d8,,,1,89,2026-10-09T02:52:31.1675109Z,4.916347,3.946744,911,0,0,OperatingSource,0,0,TaskSwitchDisplay,1,,Keyboard,0.100000,0.000000,0.000000,0.000000,0.000000,JoyStick1LeftSlider,0.000000,0.000000,1.000000,0.000000,0.000000,0.000000,1.000000,0.000000,0.000000,0.000000,911,1,0.000000,0,0,0,0,0,TaskSwitchPedal,0.000000,1,Visual,1,1,0,0,0.000000,0,0,Axis,0,1
20261009T025226250Z_6ca46cab1d00446aa2b0a79bb208a1d8,,,1,90,2026-10-09T02:52:31.2211765Z,4.969665,4.000418,916,0,0,OperatingSource,0,0,TaskSwitchDisplay,1,,Keyboard,0.100000,0.000000,0.000000,0.000000,0.000000,JoyStick1LeftSlider,0.000000,0.000000,1.000000,0.000000,0.000000,0.000000,1.000000,0.000000,0.000000,0.000000,915,0,0.000000,0,0,0,0,0,TaskSwitchPedal,0.000000,1,Visual,1,1,0,0,0.000000,0,0,Axis,0,1
20261009T025226250Z_6ca46cab1d00446aa2b0a79bb208a1d8,,,1,91,2026-10-09T02:52:31.2737256Z,5.022799,4.053811,923,0,0,OperatingSource,0,0,TaskSwitchDisplay,1,,Keyboard,0.100000,0.000000,0.000000,0.000000,0.000000,JoyStick1LeftSlider,0.000000,0.000000,1.000000,0.000000,0.000000,0.000000,1.000000,0.000000,0.000000,0.000000,922,0,0.000000,0,0,0,0,0,TaskSwitchPedal,0.000000,1,Visual,1,1,0,0,0.000000,0,0,Axis,0,1
20261009T025226250Z_6ca46cab1d00446aa2b0a79bb208a1d8,,,1,92,2026-10-09T02:52:31.3250472Z,5.073585,4.104497,930,0,0,OperatingSource,0,0,TaskSwitchDisplay,1,,Keyboard,0.100000,0.000000,0.000000,0.000000,0.000000,JoyStick1LeftSlider,0.000000,0.000000,1.000000,0.000000,0.000000,0.000000,1.000000,0.000000,0.000000,0.000000,928,0,0.000000,0,0,0,0,0,TaskSwitchPedal,0.000000,1,Visual,1,1,0,0,0.000000,0,0,Axis,0,1
20261009T025226250Z_6ca46cab1d00446aa2b0a79bb208a1d8,,,1,93,2026-10-09T02:52:31.3779919Z,5.127308,4.158216,937,0,0,OperatingSource,0,0,TaskSwitchDisplay,1,,Keyboard,0.100000,0.000000,0.000000,0.000000,0.000000,JoyStick1LeftSlider,0.000000,0.000000,1.000000,-1.000000,0.000000,0.000000,1.000000,0.000000,0.000000,0.000000,936,0,0.000000,0,0,0,0,0,TaskSwitchPedal,0.000000,1,Visual,1,1,0,0,0.000000,0,0,Axis,0,1
20261009T025226250Z_6ca46cab1d00446aa2b0a79bb208a1d8,,,1,94,2026-10-09T02:52:31.4318253Z,5.181090,4.211406,944,0,0,OperatingSource,0,0,TaskSwitchDisplay,1,,Keyboard,0.100000,0.000000,0.000000,0.000000,0.000000,JoyStick1LeftSlider,0.000000,0.000000,1.000000,-1.000000,0.000000,0.000000,1.000000,-1.000000,0.000000,0.000000,944,1,0.000000,0,0,0,0,0,TaskSwitchPedal,0.000000,1,Visual,1,1,0,0,0.000000,0,0,Axis,0,1
20261009T025226250Z_6ca46cab1d00446aa2b0a79bb208a1d8,,,1,95,2026-10-09T02:52:31.4874976Z,5.236999,4.267308,952,0,0,OperatingSource,0,0,TaskSwitchDisplay,1,,Keyboard,0.100000,0.000000,0.000000,0.000000,0.000000,JoyStick1LeftSlider,0.000000,0.000000,1.000000,-1.000000,0.000000,0.000000,1.000000,-1.000000,0.000000,0.000000,952,1,0.000000,0,0,0,0,0,TaskSwitchPedal,0.000000,1,Visual,1,1,0,0,0.000000,0,0,Axis,0,1
20261009T025226250Z_6ca46cab1d00446aa2b0a79bb208a1d8,,,1,96,2026-10-09T02:52:31.5391093Z,5.287648,4.318715,958,0,0,OperatingSource,0,0,TaskSwitchDisplay,1,,Keyboard,0.100000,0.000000,0.000000,0.000000,0.000000,JoyStick1LeftSlider,0.000000,0.000000,0.000000,-1.000000,0.000000,0.000000,0.000000,-1.000000,0.000000,0.000000,957,0,0.000000,0,0,0,0,0,TaskSwitchPedal,0.000000,1,Visual,1,1,0,0,0.000000,0,0,Axis,0,1
20261009T025226250Z_6ca46cab1d00446aa2b0a79bb208a1d8,,,1,97,2026-10-09T02:52:31.5943271Z,5.343348,4.373683,965,0,0,OperatingSource,0,0,TaskSwitchDisplay,1,,Keyboard,0.100000,0.000000,0.000000,0.000000,0.000000,JoyStick1LeftSlider,0.000000,0.000000,0.000000,-1.000000,0.000000,0.000000,0.000000,-1.000000,0.000000,0.000000,965,1,0.000000,0,0,0,0,0,TaskSwitchPedal,0.000000,1,Visual,1,1,0,0,0.000000,0,0,Axis,0,1
20261009T025226250Z_6ca46cab1d00446aa2b0a79bb208a1d8,,,1,98,2026-10-09T02:52:31.6490476Z,5.398093,4.428410,972,0,0,OperatingSource,0,0,TaskSwitchDisplay,1,,Keyboard,0.100000,0.000000,0.000000,0.000000,0.000000,JoyStick1LeftSlider,0.000000,0.000000,0.000000,-1.000000,0.000000,0.000000,0.000000,-1.000000,0.000000,0.000000,972,1,0.000000,0,0,0,0,0,TaskSwitchPedal,0.000000,1,Visual,1,1,0,0,0.000000,0,0,Axis,0,1
20261009T025226250Z_6ca46cab1d00446aa2b0a79bb208a1d8,,,1,99,2026-10-09T02:52:31.7031251Z,5.452498,4.483607,979,0,0,OperatingSource,0,0,TaskSwitchDisplay,1,,Keyboard,0.100000,0.000000,0.000000,0.000000,0.000000,JoyStick1LeftSlider,0.000000,0.000000,0.000000,-1.000000,0.000000,0.000000,0.000000,-1.000000,0.000000,0.000000,977,0,0.000000,0,0,0,0,0,TaskSwitchPedal,0.000000,1,Visual,1,1,0,0,0.000000,0,0,Axis,0,1
20261009T025226250Z_6ca46cab1d00446aa2b0a79bb208a1d8,,,1,100,2026-10-09T02:52:31.7563299Z,5.505360,4.536301,985,0,0,OperatingSource,0,0,TaskSwitchDisplay,1,,Keyboard,0.100000,0.000000,0.000000,0.000000,0.000000,JoyStick1LeftSlider,0.000000,0.000000,0.000000,-1.000000,0.000000,0.000000,0.000000,-1.000000,0.000000,0.000000,984,0,0.000000,0,0,0,0,0,TaskSwitchPedal,0.000000,1,Visual,1,1,0,0,0.000000,0,0,Axis,0,1
20261009T025226250Z_6ca46cab1d00446aa2b0a79bb208a1d8,,,1,101,2026-10-09T02:52:31.8078053Z,5.556283,4.586640,992,0,0,OperatingSource,0,0,TaskSwitchDisplay,1,,Keyboard,0.100000,0.000000,0.000000,0.000000,0.000000,JoyStick1LeftSlider,0.000000,0.000000,0.000000,-1.000000,0.000000,0.000000,0.000000,-1.000000,0.000000,0.000000,992,1,0.000000,0,0,0,0,0,TaskSwitchPedal,0.000000,1,Visual,1,1,0,0,0.000000,0,0,Axis,0,1
20261009T025226250Z_6ca46cab1d00446aa2b0a79bb208a1d8,,,1,102,2026-10-09T02:52:31.8580247Z,5.607301,4.638272,999,0,0,OperatingSource,0,0,TaskSwitchDisplay,1,,Keyboard,0.100000,0.000000,0.000000,0.000000,0.000000,JoyStick1LeftSlider,0.000000,0.000000,0.000000,-1.000000,0.000000,0.000000,0.000000,-1.000000,0.000000,0.000000,998,0,0.000000,0,0,0,0,0,TaskSwitchPedal,0.000000,1,Visual,1,1,0,0,0.000000,0,0,Axis,0,1
20261009T025226250Z_6ca46cab1d00446aa2b0a79bb208a1d8,,,1,103,2026-10-09T02:52:31.9188198Z,5.668436,4.694941,1006,0,0,OperatingSource,0,0,TaskSwitchDisplay,1,,Keyboard,0.100000,0.000000,0.000000,0.000000,0.000000,JoyStick1LeftSlider,0.000000,0.000000,0.000000,-1.000000,0.000000,0.000000,0.000000,-1.000000,0.000000,0.000000,1006,1,0.000000,0,0,0,0,0,TaskSwitchPedal,0.000000,1,Visual,1,1,0,0,0.000000,0,0,Axis,0,1
20261009T025226250Z_6ca46cab1d00446aa2b0a79bb208a1d8,,,1,104,2026-10-09T02:52:31.9763331Z,5.725190,4.756257,1013,0,0,OperatingSource,0,0,TaskSwitchDisplay,1,,Keyboard,0.100000,0.000000,0.000000,0.000000,0.000000,JoyStick1LeftSlider,0.000000,0.000000,0.000000,-1.000000,0.000000,0.000000,0.000000,-1.000000,0.000000,0.000000,1012,0,0.000000,0,0,0,0,0,TaskSwitchPedal,0.000000,1,Visual,1,1,0,0,0.000000,0,0,Axis,0,1
20261009T025226250Z_6ca46cab1d00446aa2b0a79bb208a1d8,,,1,105,2026-10-09T02:52:32.0268140Z,5.775950,4.806403,1020,0,0,OperatingSource,0,0,TaskSwitchDisplay,1,,Keyboard,0.100000,0.000000,0.000000,0.000000,0.000000,JoyStick1LeftSlider,0.000000,0.000000,0.000000,-1.000000,0.000000,0.000000,0.000000,-1.000000,0.000000,0.000000,1020,1,0.000000,0,0,0,0,0,TaskSwitchPedal,0.000000,1,Visual,1,1,0,0,0.000000,0,0,Axis,0,1
20261009T025226250Z_6ca46cab1d00446aa2b0a79bb208a1d8,,,1,106,2026-10-09T02:52:32.0833194Z,5.832063,4.862752,1027,0,0,OperatingSource,0,0,TaskSwitchDisplay,1,,Keyboard,0.100000,0.000000,0.000000,0.000000,0.000000,JoyStick1LeftSlider,0.000000,0.000000,0.000000,-1.000000,0.000000,0.000000,0.000000,-1.000000,0.000000,0.000000,1026,0,0.000000,0,0,0,0,0,TaskSwitchPedal,0.000000,1,Visual,1,1,0,0,0.000000,0,0,Axis,0,1
20261009T025226250Z_6ca46cab1d00446aa2b0a79bb208a1d8,,,1,107,2026-10-09T02:52:32.1344749Z,5.883367,4.913706,1033,0,0,OperatingSource,0,0,TaskSwitchDisplay,1,,Keyboard,0.100000,0.000000,0.000000,0.000000,0.000000,JoyStick1LeftSlider,0.000000,0.000000,0.000000,-1.000000,0.000000,0.000000,0.000000,-1.000000,0.000000,0.000000,1033,1,0.000000,0,0,0,0,0,TaskSwitchPedal,0.000000,1,Visual,1,1,0,0,0.000000,0,0,Axis,0,1
20261009T025226250Z_6ca46cab1d00446aa2b0a79bb208a1d8,,,1,108,2026-10-09T02:52:32.1862256Z,5.934851,4.966050,1040,0,0,OperatingSource,0,0,TaskSwitchDisplay,1,,Keyboard,0.100000,0.000000,0.000000,0.000000,0.000000,JoyStick1LeftSlider,0.000000,0.000000,0.000000,-1.000000,0.000000,0.000000,0.000000,-1.000000,0.000000,0.000000,1038,0,0.000000,0,0,0,0,0,TaskSwitchPedal,0.000000,1,Visual,1,1,0,0,0.000000,0,0,Axis,0,1
20261009T025226250Z_6ca46cab1d00446aa2b0a79bb208a1d8,,,1,109,2026-10-09T02:52:32.2365920Z,5.985895,5.016918,1047,0,0,OperatingSource,0,0,TaskSwitchDisplay,1,,Keyboard,0.100000,0.000000,0.000000,0.000000,0.000000,JoyStick1LeftSlider,0.000000,0.000000,0.000000,-1.000000,0.000000,0.000000,0.000000,-1.000000,0.000000,0.000000,1046,0,0.000000,0,0,0,0,0,TaskSwitchPedal,0.000000,1,Visual,1,1,0,0,0.000000,0,0,Axis,0,1
20261009T025226250Z_6ca46cab1d00446aa2b0a79bb208a1d8,,,1,110,2026-10-09T02:52:32.2903284Z,6.038827,5.069279,1054,0,0,OperatingSource,0,0,TaskSwitchDisplay,1,,Keyboard,0.100000,0.000000,0.000000,0.000000,0.000000,JoyStick1LeftSlider,0.000000,0.000000,0.000000,-1.000000,0.000000,0.000000,0.000000,-1.000000,0.000000,0.000000,1054,1,0.000000,0,0,0,0,0,TaskSwitchPedal,0.000000,1,Visual,1,1,0,0,0.000000,0,0,Axis,0,1
20261009T025226250Z_6ca46cab1d00446aa2b0a79bb208a1d8,,,1,111,2026-10-09T02:52:32.3461691Z,6.094703,5.124573,1061,0,0,OperatingSource,0,0,TaskSwitchDisplay,1,,Keyboard,0.100000,0.000000,0.000000,0.000000,0.000000,JoyStick1LeftSlider,0.000000,0.000000,0.000000,-1.000000,0.000000,0.000000,0.000000,-1.000000,0.000000,0.000000,1059,0,0.000000,0,0,0,0,0,TaskSwitchPedal,0.000000,1,Visual,1,1,0,0,0.000000,0,0,Axis,0,1
20261009T025226250Z_6ca46cab1d00446aa2b0a79bb208a1d8,,,1,112,2026-10-09T02:52:32.3975850Z,6.146198,5.177224,1067,0,0,OperatingSource,0,0,TaskSwitchDisplay,1,,Keyboard,0.100000,0.000000,0.000000,0.000000,0.000000,JoyStick1LeftSlider,0.000000,0.000000,0.000000,-1.000000,0.000000,0.000000,0.000000,-1.000000,0.000000,0.000000,1066,0,0.000000,0,0,0,0,0,TaskSwitchPedal,0.000000,1,Visual,1,1,0,0,0.000000,0,0,Axis,0,1
20261009T025226250Z_6ca46cab1d00446aa2b0a79bb208a1d8,,,1,113,2026-10-09T02:52:32.4506267Z,6.199615,5.230027,1073,0,0,OperatingSource,0,0,TaskSwitchDisplay,1,,Keyboard,0.100000,0.000000,0.000000,0.000000,0.000000,JoyStick1LeftSlider,0.000000,0.000000,0.000000,-1.000000,0.000000,0.000000,0.000000,-1.000000,0.000000,0.000000,1073,1,0.000000,0,0,0,0,0,TaskSwitchPedal,0.000000,1,Visual,1,1,0,0,0.000000,0,0,Axis,0,1
20261009T025226250Z_6ca46cab1d00446aa2b0a79bb208a1d8,,,1,114,2026-10-09T02:52:32.5093852Z,6.258624,5.288809,1080,0,0,OperatingSource,0,0,TaskSwitchDisplay,1,,Keyboard,0.100000,0.000000,0.000000,0.000000,0.000000,JoyStick1LeftSlider,0.000000,0.000000,0.000000,-1.000000,0.000000,0.000000,0.000000,-1.000000,0.000000,0.000000,1080,1,0.000000,0,0,0,0,0,TaskSwitchPedal,0.000000,1,Visual,1,1,0,0,0.000000,0,0,Axis,0,1
20261009T025226250Z_6ca46cab1d00446aa2b0a79bb208a1d8,,,1,115,2026-10-09T02:52:32.5627311Z,6.311491,5.342408,1086,0,0,OperatingSource,0,0,TaskSwitchDisplay,1,,Keyboard,0.100000,0.000000,0.000000,0.000000,0.000000,JoyStick1LeftSlider,0.000000,0.000000,0.000000,-1.000000,0.000000,0.000000,0.000000,-1.000000,0.000000,0.000000,1084,0,0.000000,0,0,0,0,0,TaskSwitchPedal,0.000000,1,Visual,1,1,0,0,0.000000,0,0,Axis,0,1
20261009T025226250Z_6ca46cab1d00446aa2b0a79bb208a1d8,,,1,116,2026-10-09T02:52:32.6147077Z,6.363576,5.393569,1092,0,0,OperatingSource,0,0,TaskSwitchDisplay,1,,Keyboard,0.100000,0.000000,0.000000,0.000000,0.000000,JoyStick1LeftSlider,0.000000,0.000000,0.000000,-1.000000,0.000000,0.000000,0.000000,-1.000000,0.000000,0.000000,1092,1,0.000000,0,0,0,0,0,TaskSwitchPedal,0.000000,1,Visual,1,1,0,0,0.000000,0,0,Axis,0,1
20261009T025226250Z_6ca46cab1d00446aa2b0a79bb208a1d8,,,1,117,2026-10-09T02:52:32.6671501Z,6.416286,5.446754,1099,0,0,OperatingSource,0,0,TaskSwitchDisplay,1,,Keyboard,0.100000,0.000000,0.000000,0.000000,0.000000,JoyStick1LeftSlider,0.000000,0.000000,0.000000,-1.000000,0.000000,0.000000,0.000000,-1.000000,0.000000,0.000000,1099,1,0.000000,0,0,0,0,0,TaskSwitchPedal,0.000000,1,Visual,1,1,0,0,0.000000,0,0,Axis,0,1
20261009T025226250Z_6ca46cab1d00446aa2b0a79bb208a1d8,,,1,118,2026-10-09T02:52:32.7183448Z,6.467255,5.498329,1106,0,0,OperatingSource,0,0,TaskSwitchDisplay,1,,Keyboard,0.100000,0.000000,0.000000,0.000000,0.000000,JoyStick1LeftSlider,0.000000,0.000000,0.000000,-1.000000,0.000000,0.000000,0.000000,-1.000000,0.000000,0.000000,1105,0,0.000000,0,0,0,0,0,TaskSwitchPedal,0.000000,1,Visual,1,1,0,0,0.000000,0,0,Axis,0,1
20261009T025226250Z_6ca46cab1d00446aa2b0a79bb208a1d8,,,1,119,2026-10-09T02:52:32.7686868Z,6.517604,5.547301,1112,0,0,OperatingSource,0,0,TaskSwitchDisplay,1,,Keyboard,0.100000,0.000000,0.000000,0.000000,0.000000,JoyStick1LeftSlider,0.000000,0.000000,0.000000,-1.000000,0.000000,0.000000,0.000000,-1.000000,0.000000,0.000000,1112,1,0.000000,0,0,0,0,0,TaskSwitchPedal,0.000000,1,Visual,1,1,0,0,0.000000,0,0,Axis,0,1
20261009T025226250Z_6ca46cab1d00446aa2b0a79bb208a1d8,,,1,120,2026-10-09T02:52:32.8213311Z,6.570257,5.601428,1119,0,0,OperatingSource,0,0,TaskSwitchDisplay,1,,Keyboard,0.100000,0.000000,0.000000,0.000000,0.000000,JoyStick1LeftSlider,0.000000,0.000000,0.000000,-1.000000,0.000000,0.000000,0.000000,-1.000000,0.000000,0.000000,1118,0,0.000000,0,0,0,0,0,TaskSwitchPedal,0.000000,1,Visual,1,1,0,0,0.000000,0,0,Axis,0,1
20261009T025226250Z_6ca46cab1d00446aa2b0a79bb208a1d8,,,1,121,2026-10-09T02:52:32.8752930Z,6.624092,5.655115,1126,0,0,OperatingSource,0,0,TaskSwitchDisplay,1,,Keyboard,0.100000,0.000000,0.000000,0.000000,0.000000,JoyStick1LeftSlider,0.000000,0.000000,0.000000,0.000000,0.000000,0.000000,0.000000,-1.000000,0.000000,0.000000,1125,0,0.000000,0,0,0,0,0,TaskSwitchPedal,0.000000,1,Visual,1,1,0,0,0.000000,0,0,Axis,0,1
20261009T025226250Z_6ca46cab1d00446aa2b0a79bb208a1d8,,,1,122,2026-10-09T02:52:32.9341226Z,6.683773,5.714533,1134,0,0,OperatingSource,0,0,TaskSwitchDisplay,1,,Keyboard,0.100000,0.000000,0.000000,0.000000,0.000000,JoyStick1LeftSlider,0.000000,0.000000,0.000000,0.000000,0.000000,0.000000,0.000000,0.000000,0.000000,0.000000,1134,1,0.000000,0,0,0,0,0,TaskSwitchPedal,0.000000,1,Visual,1,1,0,0,0.000000,0,0,Axis,0,1
20261009T025226250Z_6ca46cab1d00446aa2b0a79bb208a1d8,,,1,123,2026-10-09T02:52:32.9886758Z,6.738091,5.768640,1141,0,0,OperatingSource,0,0,TaskSwitchDisplay,1,,Keyboard,0.100000,0.000000,0.000000,0.000000,0.000000,JoyStick1LeftSlider,0.000000,0.000000,0.000000,0.000000,0.000000,0.000000,0.000000,0.000000,0.000000,0.000000,1141,1,0.000000,0,0,0,0,0,TaskSwitchPedal,0.000000,1,Visual,1,1,0,0,0.000000,0,0,Axis,0,1
20261009T025226250Z_6ca46cab1d00446aa2b0a79bb208a1d8,,,1,124,2026-10-09T02:52:33.0435955Z,6.792197,5.823240,1148,0,0,OperatingSource,0,0,TaskSwitchDisplay,1,,Keyboard,0.100000,0.000000,0.000000,0.000000,0.000000,JoyStick1LeftSlider,0.000000,0.000000,0.000000,0.000000,0.000000,0.000000,0.000000,0.000000,0.000000,0.000000,1146,0,0.000000,0,0,0,0,0,TaskSwitchPedal,0.000000,1,Visual,1,1,0,0,0.000000,0,0,Axis,0,1
20261009T025226250Z_6ca46cab1d00446aa2b0a79bb208a1d8,,,1,125,2026-10-09T02:52:33.0993451Z,6.848087,5.879132,1155,0,0,OperatingSource,0,0,TaskSwitchDisplay,1,,Keyboard,0.100000,0.000000,0.000000,0.000000,0.000000,JoyStick1LeftSlider,0.000000,0.000000,0.000000,0.000000,0.000000,0.000000,0.000000,0.000000,0.000000,0.000000,1154,0,0.000000,0,0,0,0,0,TaskSwitchPedal,0.000000,1,Visual,1,1,0,0,0.000000,0,0,Axis,0,1
20261009T025226250Z_6ca46cab1d00446aa2b0a79bb208a1d8,,,1,126,2026-10-09T02:52:33.1524355Z,6.901427,5.932131,1161,0,0,OperatingSource,0,0,TaskSwitchDisplay,1,,Keyboard,0.100000,0.000000,0.000000,0.000000,0.000000,JoyStick1LeftSlider,0.000000,0.000000,0.000000,0.000000,0.000000,0.000000,0.000000,0.000000,0.000000,0.000000,1161,1,0.000000,0,0,0,0,0,TaskSwitchPedal,0.000000,1,Visual,1,1,0,0,0.000000,0,0,Axis,0,1
20261009T025226250Z_6ca46cab1d00446aa2b0a79bb208a1d8,,,1,127,2026-10-09T02:52:33.2027599Z,6.952245,5.983393,1165,0,0,OperatingSource,0,0,TaskSwitchDisplay,1,,Keyboard,0.100000,0.000000,0.000000,0.000000,0.000000,JoyStick1LeftSlider,0.000000,0.000000,0.000000,0.000000,0.000000,0.000000,0.000000,0.000000,0.000000,0.000000,1164,0,0.000000,0,0,0,0,0,TaskSwitchPedal,0.000000,1,Visual,1,1,0,0,0.000000,0,0,Axis,0,1
20261009T025226250Z_6ca46cab1d00446aa2b0a79bb208a1d8,,,1,128,2026-10-09T02:52:33.2555352Z,7.004422,6.035595,1171,0,0,OperatingSource,0,0,TaskSwitchDisplay,1,,Keyboard,0.100000,0.000000,0.000000,0.000000,0.000000,JoyStick1LeftSlider,0.000000,0.000000,0.000000,0.000000,0.000000,0.000000,0.000000,0.000000,0.000000,0.000000,1170,0,0.000000,0,0,0,0,0,TaskSwitchPedal,0.000000,1,Visual,1,1,0,0,0.000000,0,0,Axis,0,1
20261009T025226250Z_6ca46cab1d00446aa2b0a79bb208a1d8,,,1,129,2026-10-09T02:52:33.3115749Z,7.060835,6.091451,1178,0,0,OperatingSource,0,0,TaskSwitchDisplay,1,,Keyboard,0.100000,0.000000,0.000000,0.000000,0.000000,JoyStick1LeftSlider,0.000000,0.000000,0.000000,0.000000,0.000000,0.000000,0.000000,0.000000,0.000000,0.000000,1178,1,0.000000,0,0,0,0,0,TaskSwitchPedal,0.000000,1,Visual,1,1,0,0,0.000000,0,0,Axis,0,1
20261009T025226250Z_6ca46cab1d00446aa2b0a79bb208a1d8,,,1,130,2026-10-09T02:52:33.3648366Z,7.113751,6.144783,1184,0,0,OperatingSource,0,0,TaskSwitchDisplay,1,,Keyboard,0.100000,0.000000,0.000000,0.000000,0.000000,JoyStick1LeftSlider,0.000000,0.000000,0.000000,0.000000,0.000000,0.000000,0.000000,0.000000,0.000000,0.000000,1182,0,0.000000,0,0,0,0,0,TaskSwitchPedal,0.000000,1,Visual,1,1,0,0,0.000000,0,0,Axis,0,1
20261009T025226250Z_6ca46cab1d00446aa2b0a79bb208a1d8,,,1,131,2026-10-09T02:52:33.4147392Z,7.163922,6.194576,1190,0,0,OperatingSource,0,0,TaskSwitchDisplay,1,,Keyboard,0.100000,0.000000,0.000000,0.000000,0.000000,JoyStick1LeftSlider,0.000000,0.000000,0.000000,0.000000,0.000000,0.000000,0.000000,0.000000,0.000000,0.000000,1190,1,0.000000,0,0,0,0,0,TaskSwitchPedal,0.000000,1,Visual,1,1,0,0,0.000000,0,0,Axis,0,1
20261009T025226250Z_6ca46cab1d00446aa2b0a79bb208a1d8,,,1,132,2026-10-09T02:52:33.4717173Z,7.220961,6.251704,1197,0,0,OperatingSource,0,0,TaskSwitchDisplay,1,,Keyboard,0.100000,0.000000,0.000000,0.000000,0.000000,JoyStick1LeftSlider,0.000000,0.000000,0.000000,0.000000,0.000000,0.000000,0.000000,0.000000,0.000000,0.000000,1197,1,0.000000,0,0,0,0,0,TaskSwitchPedal,0.000000,1,Visual,1,1,0,0,0.000000,0,0,Axis,0,1
20261009T025226250Z_6ca46cab1d00446aa2b0a79bb208a1d8,,,1,133,2026-10-09T02:52:33.5253197Z,7.274597,6.305735,1204,0,0,OperatingSource,0,0,TaskSwitchDisplay,1,,Keyboard,0.100000,0.000000,0.000000,0.000000,0.000000,JoyStick1LeftSlider,0.000000,0.000000,0.000000,0.000000,0.000000,0.000000,0.000000,0.000000,0.000000,0.000000,1202,0,0.000000,0,0,0,0,0,TaskSwitchPedal,0.000000,1,Visual,1,1,0,0,0.000000,0,0,Axis,0,1
20261009T025226250Z_6ca46cab1d00446aa2b0a79bb208a1d8,,,1,134,2026-10-09T02:52:33.5803738Z,7.329069,6.360192,1210,0,0,OperatingSource,0,0,TaskSwitchDisplay,1,,Keyboard,0.100000,0.000000,0.000000,0.000000,0.000000,JoyStick1LeftSlider,0.000000,0.000000,0.000000,0.000000,0.000000,0.000000,0.000000,0.000000,0.000000,0.000000,1209,0,0.000000,0,0,0,0,0,TaskSwitchPedal,0.000000,1,Visual,1,1,0,0,0.000000,0,0,Axis,0,1
20261009T025226250Z_6ca46cab1d00446aa2b0a79bb208a1d8,,,1,135,2026-10-09T02:52:33.6305235Z,7.379626,6.410462,1217,0,0,OperatingSource,0,0,TaskSwitchDisplay,1,,Keyboard,0.100000,0.000000,0.000000,0.000000,0.000000,JoyStick1LeftSlider,0.000000,0.000000,0.000000,0.000000,0.000000,0.000000,0.000000,0.000000,0.000000,0.000000,1217,1,0.000000,0,0,0,0,0,TaskSwitchPedal,0.000000,1,Visual,1,1,0,0,0.000000,0,0,Axis,0,1
20261009T025226250Z_6ca46cab1d00446aa2b0a79bb208a1d8,,,1,136,2026-10-09T02:52:33.6814071Z,7.430033,6.461026,1224,0,0,OperatingSource,0,0,TaskSwitchDisplay,1,,Keyboard,0.100000,0.000000,0.000000,0.000000,0.000000,JoyStick1LeftSlider,0.000000,0.000000,0.000000,0.000000,0.000000,0.000000,0.000000,0.000000,0.000000,0.000000,1223,0,0.000000,0,0,0,0,0,TaskSwitchPedal,0.000000,1,Visual,1,1,0,0,0.000000,0,0,Axis,0,1
20261009T025226250Z_6ca46cab1d00446aa2b0a79bb208a1d8,,,1,137,2026-10-09T02:52:33.7378614Z,7.487238,6.518428,1232,0,0,OperatingSource,0,0,TaskSwitchDisplay,1,,Keyboard,0.100000,0.000000,0.000000,0.000000,0.000000,JoyStick1LeftSlider,0.000000,0.000000,0.000000,0.000000,0.000000,0.000000,0.000000,0.000000,0.000000,0.000000,1231,0,0.000000,0,0,0,0,0,TaskSwitchPedal,0.000000,1,Visual,1,1,0,0,0.000000,0,0,Axis,0,1
20261009T025226250Z_6ca46cab1d00446aa2b0a79bb208a1d8,,,1,138,2026-10-09T02:52:33.7929665Z,7.541590,6.572350,1239,0,0,OperatingSource,0,0,TaskSwitchDisplay,1,,Keyboard,0.100000,0.000000,0.000000,0.000000,0.000000,JoyStick1LeftSlider,0.000000,0.000000,0.000000,0.000000,0.000000,0.000000,0.000000,0.000000,0.000000,0.000000,1239,1,0.000000,0,0,0,0,0,TaskSwitchPedal,0.000000,1,Visual,1,1,0,0,0.000000,0,0,Axis,0,1
20261009T025226250Z_6ca46cab1d00446aa2b0a79bb208a1d8,,,1,139,2026-10-09T02:52:33.8422906Z,7.591618,6.622671,1245,0,0,OperatingSource,0,0,TaskSwitchDisplay,1,,Keyboard,0.100000,0.000000,0.000000,0.000000,0.000000,JoyStick1LeftSlider,0.000000,0.000000,0.000000,0.000000,0.000000,0.000000,0.000000,0.000000,0.000000,0.000000,1244,0,0.000000,0,0,0,0,0,TaskSwitchPedal,0.000000,1,Visual,1,1,0,0,0.000000,0,0,Axis,0,1
20261009T025226250Z_6ca46cab1d00446aa2b0a79bb208a1d8,,,1,140,2026-10-09T02:52:33.8946684Z,7.643392,6.674542,1252,0,0,OperatingSource,0,0,TaskSwitchDisplay,1,,Keyboard,0.100000,0.000000,0.000000,0.000000,0.000000,JoyStick1LeftSlider,0.000000,0.000000,0.000000,0.000000,0.000000,0.000000,0.000000,0.000000,0.000000,0.000000,1251,0,0.000000,0,0,0,0,0,TaskSwitchPedal,0.000000,1,Visual,1,1,0,0,0.000000,0,0,Axis,0,1
20261009T025226250Z_6ca46cab1d00446aa2b0a79bb208a1d8,,,1,141,2026-10-09T02:52:33.9529889Z,7.701796,6.732324,1260,0,0,OperatingSource,0,0,TaskSwitchDisplay,1,,Keyboard,0.100000,0.000000,0.000000,0.000000,0.000000,JoyStick1LeftSlider,0.000000,0.000000,0.000000,0.000000,0.000000,0.000000,0.000000,0.000000,0.000000,0.000000,1260,1,0.000000,0,0,0,0,0,TaskSwitchPedal,0.000000,1,Visual,1,1,0,0,0.000000,0,0,Axis,0,1
20261009T025226250Z_6ca46cab1d00446aa2b0a79bb208a1d8,,,1,142,2026-10-09T02:52:34.0055743Z,7.754793,6.785631,1266,0,0,OperatingSource,0,0,TaskSwitchDisplay,1,,Keyboard,0.100000,0.000000,0.000000,0.000000,0.000000,JoyStick1LeftSlider,0.000000,0.000000,0.000000,0.000000,0.000000,0.000000,0.000000,0.000000,0.000000,0.000000,1266,1,0.000000,0,0,0,0,0,TaskSwitchPedal,0.000000,1,Visual,1,1,0,0,0.000000,0,0,Axis,0,1
20261009T025226250Z_6ca46cab1d00446aa2b0a79bb208a1d8,,,1,143,2026-10-09T02:52:34.0580103Z,7.806646,6.837821,1273,0,0,OperatingSource,0,0,TaskSwitchDisplay,1,,Keyboard,0.100000,0.000000,0.000000,0.000000,0.000000,JoyStick1LeftSlider,0.000000,0.000000,0.000000,0.000000,0.000000,0.000000,0.000000,0.000000,0.000000,0.000000,1272,0,0.000000,0,0,0,0,0,TaskSwitchPedal,0.000000,1,Visual,1,1,0,0,0.000000,0,0,Axis,0,1
