session_id,participant_id,block_id,experiment_run_index,switch_index,cycle_instance_id,event_cycle_number,source_cycle_number,target_cycle_number,step_elapsed_s,condition_stable_s,position_condition_latched,attached_board_count,input_locked,global_paused,display_mode,operation_input_held,current_y,signed_error_x,signed_error_z,invalidation_weight_kg,invalidation_weight_error_kg,invalidation_step_elapsed_s,invalidation_removed_board_count,event_index,utc_timestamp,real_elapsed_s,simulation_elapsed_s,task_experiment_elapsed_s,event_source,event_type,switch_method,state,active_crane_index,source_crane_index,source_phase,source_step,source_error_type,target_crane_index,target_phase,target_step,target_error_type,event_crane_index,event_crane_role,event_phase,event_step,current_x,current_z,target_x,target_z,has_attached_board,attached_weight_kg,electric_current_a,required_current_a,safe_current_hold_active,since_switch_request_s,since_target_operation_start_s,since_target_phase_completed_s,since_source_operation_resumed_s,detail,target_task_pattern,target_work_condition_json
20261009T011839331Z_58405644cd0f44c7b240432152983d23,,,1,0,,,1,1,,,0,,0,1,MultiDisplay,0,,,,,,,,0,2026-10-09T01:18:39.3634332Z,0.029286,0.000000,,Pause,GlobalPauseAtLoggingStart,OperatorInitiated,Idle,,0,Move1,,None,1,Move1,,None,,,,,,,,,,,,,,,,,,PauseInterval=1,Move1ToLiftUp,
20261009T011839331Z_58405644cd0f44c7b240432152983d23,,,1,0,,,1,1,,,0,,0,1,MultiDisplay,0,,,,,,,,1,2026-10-09T01:18:39.3664762Z,0.033203,0.000000,,Logger,LoggingStarted,OperatorInitiated,Idle,,0,Move1,,None,1,Move1,,None,,,,,,,,,,,,,,,,,,Task Switch event logging started,Move1ToLiftUp,
20261009T011839331Z_58405644cd0f44c7b240432152983d23,,,1,0,,,1,1,,,0,,0,0,TaskSwitchDisplay,0,,,,,,,,2,2026-10-09T01:18:42.1718815Z,2.838675,0.105004,,Pause,GlobalPauseEnded,OperatorInitiated,Idle,,0,Move1,,None,1,Move1,,None,,,,,,,,,,,,,,,,,,PauseInterval=1;DurationSeconds=2.810905,Move1ToLiftUp,
20261009T011839331Z_58405644cd0f44c7b240432152983d23,,,1,0,,,1,1,,,0,,0,0,TaskSwitchDisplay,0,,,,,,,,3,2026-10-09T01:18:42.1784123Z,2.845495,0.105004,14.0740,TaskSwitch,ExperimentPreparing,OperatorInitiated,Idle,,0,Move1,,None,1,Move1,,None,,,,,,,,,,,,,,,,,,,Move1ToLiftUp,"{""role"":""Target"",""index"":1,""pickupX"":16.0,""pickupZ"":-2.0,""placementX"":24.0,""placementZ"":0.0,""pickupCount"":1,""placementCount"":1}"
20261009T011839331Z_58405644cd0f44c7b240432152983d23,,,1,0,,,1,1,,,0,,0,0,TaskSwitchDisplay,0,,,,,,,,4,2026-10-09T01:18:42.1784123Z,2.846112,0.105004,0.0000,TaskSwitch,SwitchScheduleLoaded,OperatorInitiated,Idle,,0,Move1,,None,1,Move1,,None,,,,,,,,,,,,,,,,,,Count=8;File=TaskSwitchSchedulePattern4;BySwitchMethod=True,Move1ToLiftUp,"{""role"":""Target"",""index"":1,""pickupX"":16.0,""pickupZ"":-2.0,""placementX"":24.0,""placementZ"":0.0,""pickupCount"":1,""placementCount"":1}"
20261009T011839331Z_58405644cd0f44c7b240432152983d23,,,1,0,,,1,1,,,0,,0,0,TaskSwitchDisplay,0,,,,,,,,5,2026-10-09T01:18:42.1794110Z,2.846328,0.105004,0.0002,TaskSwitch,WorkConditionsLoaded,OperatorInitiated,Idle,,0,Move1,,None,1,Move1,,None,,,,,,,,,,,,,,,,,,Count=13;SourceCycles=5;File=TaskSwitchWorkConditionsTemplate 4;BySwitchMethod=True,Move1ToLiftUp,"{""role"":""Target"",""index"":1,""pickupX"":16.0,""pickupZ"":-2.0,""placementX"":24.0,""placementZ"":0.0,""pickupCount"":1,""placementCount"":1}"
20261009T011839331Z_58405644cd0f44c7b240432152983d23,,,1,0,,,1,1,,,0,,1,0,TaskSwitchDisplay,0,,,,,,,,6,2026-10-09T01:18:42.1965225Z,2.863822,0.105004,0.0177,TaskSwitch,WorkConditionPrepared,OperatorInitiated,Idle,,0,Move1,,None,1,Move1,,None,,,,,,,,,,,,,,,,,,Role=Source;Index=1;PickupX=4;PickupZ=-4;PlacementX=-4;PlacementZ=-2;PickupCount=1;PlacementCount=1;PickupWeightKg=1766,Move1ToLiftUp,"{""role"":""Target"",""index"":1,""pickupX"":16.0,""pickupZ"":-2.0,""placementX"":24.0,""placementZ"":0.0,""pickupCount"":1,""placementCount"":1}"
20261009T011839331Z_58405644cd0f44c7b240432152983d23,,,1,0,,,1,1,,,0,,1,0,TaskSwitchDisplay,0,,,,,,,,7,2026-10-09T01:18:42.2031347Z,2.870032,0.105004,0.0239,TaskSwitch,WorkConditionPrepared,OperatorInitiated,Idle,,0,Move1,,None,1,Move1,,None,,,,,,,,,,,,,,,,,,Role=Target;Index=1;PickupX=16;PickupZ=-2;PlacementX=24;PlacementZ=0;PickupCount=1;PlacementCount=1;PickupWeightKg=1766,Move1ToLiftUp,"{""role"":""Target"",""index"":1,""pickupX"":16.0,""pickupZ"":-2.0,""placementX"":24.0,""placementZ"":0.0,""pickupCount"":1,""placementCount"":1}"
20261009T011839331Z_58405644cd0f44c7b240432152983d23,,,1,0,,1,1,1,0.000000,0.000000,0,0,1,0,TaskSwitchDisplay,0,9.364000,-4.000000,4.000000,,,,,8,2026-10-09T01:18:42.2051363Z,2.872135,0.105004,,SafetyCurrent,SafeCurrentHoldStarted,OperatorInitiated,Idle,0,0,Move1,,None,1,Move1,,None,0,Source,Move1,,0.000000,0.000000,4.000000,-4.000000,0,0.000,10.000,0.000,1,,,,,current=10.00 A;releaseCondition=AtMost;releaseThresholdA=10.00,Move1ToLiftUp,"{""role"":""Target"",""index"":1,""pickupX"":16.0,""pickupZ"":-2.0,""placementX"":24.0,""placementZ"":0.0,""pickupCount"":1,""placementCount"":1}"
20261009T011839331Z_58405644cd0f44c7b240432152983d23,,,1,0,,1,1,1,0.000000,0.000000,0,0,0,0,TaskSwitchDisplay,0,9.364000,-4.000000,4.000000,,,,,9,2026-10-09T01:18:42.2151669Z,2.882363,0.105004,,WorkPhase,StepStarted,OperatorInitiated,OperatingSource,0,0,Move1,Move1.PickupCoarseMove,None,1,Move1,,None,0,Source,Move1,Move1.PickupCoarseMove,0.000000,0.000000,4.000000,-4.000000,0,0.000,10.000,0.000,1,,,,,,Move1ToLiftUp,"{""role"":""Target"",""index"":1,""pickupX"":16.0,""pickupZ"":-2.0,""placementX"":24.0,""placementZ"":0.0,""pickupCount"":1,""placementCount"":1}"
20261009T011839331Z_58405644cd0f44c7b240432152983d23,,,1,0,,1,1,1,0.000000,0.000000,0,0,0,0,TaskSwitchDisplay,0,9.364000,-4.000000,4.000000,,,,,10,2026-10-09T01:18:42.2151669Z,2.882693,0.105004,0.0366,TaskSwitch,SourceWorkPhaseMonitoringStarted,OperatorInitiated,OperatingSource,0,0,Move1,Move1.PickupCoarseMove,None,1,Move1,,None,0,Source,Move1,Move1.PickupCoarseMove,0.000000,0.000000,4.000000,-4.000000,0,0.000,10.000,0.000,1,,,,,Move1,Move1ToLiftUp,"{""role"":""Target"",""index"":1,""pickupX"":16.0,""pickupZ"":-2.0,""placementX"":24.0,""placementZ"":0.0,""pickupCount"":1,""placementCount"":1}"
20261009T011839331Z_58405644cd0f44c7b240432152983d23,,,1,0,1,1,1,1,0.000000,0.000000,0,0,0,0,TaskSwitchDisplay,0,9.364000,-4.000000,4.000000,,,,,11,2026-10-09T01:18:42.2176811Z,2.884594,0.105004,,Cycle,CycleStarted,OperatorInitiated,OperatingSource,0,0,Move1,Move1.PickupCoarseMove,None,1,Move1,,None,0,Source,Move1,,0.000000,0.000000,4.000000,-4.000000,0,0.000,10.000,0.000,1,,,,,cycle_number=1,Move1ToLiftUp,"{""role"":""Target"",""index"":1,""pickupX"":16.0,""pickupZ"":-2.0,""placementX"":24.0,""placementZ"":0.0,""pickupCount"":1,""placementCount"":1}"
20261009T011839331Z_58405644cd0f44c7b240432152983d23,,,1,0,1,1,1,1,0.000000,0.000000,0,0,0,0,TaskSwitchDisplay,0,9.364000,-4.000000,4.000000,,,,,12,2026-10-09T01:18:42.2176811Z,2.884660,0.105004,,Cycle,CyclePhaseStarted,OperatorInitiated,OperatingSource,0,0,Move1,Move1.PickupCoarseMove,None,1,Move1,,None,0,Source,Move1,,0.000000,0.000000,4.000000,-4.000000,0,0.000,10.000,0.000,1,,,,,cycle_number=1,Move1ToLiftUp,"{""role"":""Target"",""index"":1,""pickupX"":16.0,""pickupZ"":-2.0,""placementX"":24.0,""placementZ"":0.0,""pickupCount"":1,""placementCount"":1}"
20261009T011839331Z_58405644cd0f44c7b240432152983d23,,,1,0,1,1,1,1,0.000000,0.000000,0,0,0,0,TaskSwitchDisplay,0,9.364000,-4.000000,4.000000,,,,,13,2026-10-09T01:18:42.2176811Z,2.884691,0.105004,0.0386,TaskSwitch,ExperimentStarted,OperatorInitiated,OperatingSource,0,0,Move1,Move1.PickupCoarseMove,None,1,Move1,,None,0,Source,Move1,Move1.PickupCoarseMove,0.000000,0.000000,4.000000,-4.000000,0,0.000,10.000,0.000,1,,,,,,Move1ToLiftUp,"{""role"":""Target"",""index"":1,""pickupX"":16.0,""pickupZ"":-2.0,""placementX"":24.0,""placementZ"":0.0,""pickupCount"":1,""placementCount"":1}"
20261009T011839331Z_58405644cd0f44c7b240432152983d23,,,1,0,1,1,1,1,0.000000,0.000000,0,0,0,0,TaskSwitchDisplay,0,9.364000,-4.000000,4.000000,,,,,14,2026-10-09T01:18:42.2196808Z,2.887644,0.105004,0.0415,TaskSwitch,SourceOperationStarted,OperatorInitiated,OperatingSource,0,0,Move1,Move1.PickupCoarseMove,None,1,Move1,,None,0,Source,Move1,Move1.PickupCoarseMove,0.000000,0.000000,4.000000,-4.000000,0,0.000,10.000,0.000,1,,,,,,Move1ToLiftUp,"{""role"":""Target"",""index"":1,""pickupX"":16.0,""pickupZ"":-2.0,""placementX"":24.0,""placementZ"":0.0,""pickupCount"":1,""placementCount"":1}"
20261009T011839331Z_58405644cd0f44c7b240432152983d23,,,1,0,1,1,1,1,0.000000,0.000000,0,0,0,0,TaskSwitchDisplay,0,9.364000,-4.000000,4.000000,,,,,15,2026-10-09T01:18:42.2241955Z,2.890955,0.105004,,SafetyCurrent,SafeCurrentHoldReleased,OperatorInitiated,OperatingSource,0,0,Move1,Move1.PickupCoarseMove,None,1,Move1,,None,0,Source,Move1,Move1.PickupCoarseMove,0.000000,0.000000,4.000000,-4.000000,0,0.000,0.000,0.000,0,,,,,current=0.00 A;releaseCondition=AtMost;releaseThresholdA=10.00,Move1ToLiftUp,"{""role"":""Target"",""index"":1,""pickupX"":16.0,""pickupZ"":-2.0,""placementX"":24.0,""placementZ"":0.0,""pickupCount"":1,""placementCount"":1}"
20261009T011839331Z_58405644cd0f44c7b240432152983d23,,,1,0,1,1,1,1,0.000000,0.000000,0,0,0,0,TaskSwitchDisplay,0,9.364000,-4.000000,4.000000,,,,,16,2026-10-09T01:18:42.2241955Z,2.891173,0.105004,,Input,ElectricCurrentInputAccepted,OperatorInitiated,OperatingSource,0,0,Move1,Move1.PickupCoarseMove,None,1,Move1,,None,0,Source,,,0.000000,0.000000,4.000000,-4.000000,0,0.000,0.000,0.000,0,,,,,current_a=0.000000,Move1ToLiftUp,"{""role"":""Target"",""index"":1,""pickupX"":16.0,""pickupZ"":-2.0,""placementX"":24.0,""placementZ"":0.0,""pickupCount"":1,""placementCount"":1}"
20261009T011839331Z_58405644cd0f44c7b240432152983d23,,,1,0,1,1,1,1,0.000000,0.000000,0,0,0,0,TaskSwitchDisplay,0,9.364000,-4.000000,4.000000,,,,,17,2026-10-09T01:18:42.2457819Z,2.912849,0.110209,,Input,MovementCommandChanged,OperatorInitiated,OperatingSource,0,0,Move1,Move1.PickupCoarseMove,None,1,Move1,,None,0,Source,,,0.000000,0.000000,4.000000,-4.000000,0,0.000,0.000,0.000,0,,,,,x=0.000000;y=0.000000;z=0.000000;spread=0.000000,Move1ToLiftUp,"{""role"":""Target"",""index"":1,""pickupX"":16.0,""pickupZ"":-2.0,""placementX"":24.0,""placementZ"":0.0,""pickupCount"":1,""placementCount"":1}"
20261009T011839331Z_58405644cd0f44c7b240432152983d23,,,1,0,1,1,1,1,1.641376,0.000000,0,0,0,0,TaskSwitchDisplay,1,9.360001,-4.000000,4.000000,,,,,18,2026-10-09T01:18:43.8224686Z,4.490121,1.750208,,Input,MovementCommandChanged,OperatorInitiated,OperatingSource,0,0,Move1,Move1.PickupCoarseMove,None,1,Move1,,None,0,Source,,,0.000000,0.000000,4.000000,-4.000000,0,0.000,0.000,0.000,0,,,,,x=0.000000;y=-1.000000;z=0.000000;spread=0.000000,Move1ToLiftUp,"{""role"":""Target"",""index"":1,""pickupX"":16.0,""pickupZ"":-2.0,""placementX"":24.0,""placementZ"":0.0,""pickupCount"":1,""placementCount"":1}"
20261009T011839331Z_58405644cd0f44c7b240432152983d23,,,1,0,1,1,1,1,2.239271,0.000000,0,0,0,0,TaskSwitchDisplay,0,9.244000,-4.000000,4.000000,,,,,19,2026-10-09T01:18:44.4175590Z,5.084269,2.350208,,Input,MovementCommandChanged,OperatorInitiated,OperatingSource,0,0,Move1,Move1.PickupCoarseMove,None,1,Move1,,None,0,Source,,,0.000000,0.000000,4.000000,-4.000000,0,0.000,0.000,0.000,0,,,,,x=0.000000;y=0.000000;z=0.000000;spread=0.000000,Move1ToLiftUp,"{""role"":""Target"",""index"":1,""pickupX"":16.0,""pickupZ"":-2.0,""placementX"":24.0,""placementZ"":0.0,""pickupCount"":1,""placementCount"":1}"
20261009T011839331Z_58405644cd0f44c7b240432152983d23,,,1,0,1,1,1,1,5.892594,0.000000,0,0,0,0,TaskSwitchDisplay,0,9.244000,-4.000000,4.000000,,,,,20,2026-10-09T01:18:48.1057659Z,8.772771,5.997598,,Logger,LoggingStopped,OperatorInitiated,OperatingSource,0,0,Move1,Move1.PickupCoarseMove,None,1,Move1,,None,0,Source,,,0.000000,0.000000,4.000000,-4.000000,0,0.000,0.000,0.000,0,,,,,Task Switch event logging stopped,Move1ToLiftUp,"{""role"":""Target"",""index"":1,""pickupX"":16.0,""pickupZ"":-2.0,""placementX"":24.0,""placementZ"":0.0,""pickupCount"":1,""placementCount"":1}"
20261009T011839331Z_58405644cd0f44c7b240432152983d23,,,1,0,1,1,1,1,5.892594,0.000000,0,0,0,0,TaskSwitchDisplay,0,9.244000,-4.000000,4.000000,,,,,21,2026-10-09T01:18:48.1083017Z,8.775020,5.997598,,Cycle,CycleSummaryClosed,OperatorInitiated,OperatingSource,0,0,Move1,Move1.PickupCoarseMove,None,1,Move1,,None,0,Source,,,0.000000,0.000000,4.000000,-4.000000,0,0.000,0.000,0.000,0,,,,,Incomplete,Move1ToLiftUp,"{""role"":""Target"",""index"":1,""pickupX"":16.0,""pickupZ"":-2.0,""placementX"":24.0,""placementZ"":0.0,""pickupCount"":1,""placementCount"":1}"
