session_id,participant_id,block_id,experiment_run_index,cycle_instance_id,crane_index,cycle_number,switch_index_at_start,first_phase,outcome,start_s,end_s,elapsed_s,monitoring_s,control_available_s,global_pause_s,steps_completed,weight_invalidations,current_drop_events,rollbacks,duration_sampled_until_s
20261008T083311983Z_6c2da03684844ae59035d797f0bbbd02,,,1,2,1,1,1,Move1,Completed,49.949895,78.800600,28.850705,28.728650,28.727118,0.000000,5,0,0,0,78.738432
20261008T083311983Z_6c2da03684844ae59035d797f0bbbd02,,,1,1,0,1,0,Move1,Completed,4.156397,95.155993,90.999596,60.463572,60.343763,0.000000,10,0,4,0,95.116367
20261008T083311983Z_6c2da03684844ae59035d797f0bbbd02,,,1,4,1,1,2,Move2,Completed,127.642183,156.709580,29.067397,28.940613,28.938938,0.000000,5,0,4,0,156.646877
20261008T083311983Z_6c2da03684844ae59035d797f0bbbd02,,,1,3,0,2,1,Move1,Completed,95.215675,188.373399,93.157725,61.964418,61.817138,0.000000,10,0,4,0,188.328130
20261008T083311983Z_6c2da03684844ae59035d797f0bbbd02,,,1,6,1,1,3,Move1,Completed,189.982930,213.221272,23.238342,23.150063,23.032206,0.000000,5,0,0,0,213.198872
20261008T083311983Z_6c2da03684844ae59035d797f0bbbd02,,,1,7,1,1,4,Move2,Completed,265.776587,293.224348,27.447760,27.331504,27.330337,0.000000,5,0,4,0,293.182579
20261008T083311983Z_6c2da03684844ae59035d797f0bbbd02,,,1,5,0,3,3,Move1,Completed,188.453941,335.466915,147.012973,93.456625,93.217333,0.000000,10,0,4,0,335.410190
20261008T083311983Z_6c2da03684844ae59035d797f0bbbd02,,,1,9,1,1,5,Move1,Completed,353.364343,384.711518,31.347175,31.261872,31.173714,0.000000,5,0,0,0,384.690969
20261008T083311983Z_6c2da03684844ae59035d797f0bbbd02,,,1,8,0,4,4,Move1,Completed,335.557950,434.795716,99.237766,66.444455,66.316264,0.000000,10,0,4,0,434.776094
20261008T083311983Z_6c2da03684844ae59035d797f0bbbd02,,,1,11,1,1,6,Move2,Completed,436.298197,463.474998,27.176801,27.092406,27.065254,0.000000,5,0,4,0,463.454504
20261008T083311983Z_6c2da03684844ae59035d797f0bbbd02,,,1,10,0,5,6,Move1,Completed,434.856545,526.665983,91.809438,62.909492,62.832601,0.000000,10,0,4,0,526.626304
