session_id,participant_id,block_id,experiment_run_index,activation_index,event_type,secondary_task_mode,utc_timestamp,real_elapsed_s,simulation_elapsed_s,frame,switch_index,active_crane_index,state,input_locked,global_paused,operation_enabled,trial_index,stimulus_side,expected_sign,response_sign,outcome,correct,reaction_time_s,presented,held_at_onset,raw_pedal,pedal_axis,invert_axis,press_threshold,release_threshold,response_timeout_s,minimum_valid_reaction_s,minimum_interval_s,maximum_interval_s,random_seed,active_clock_s,scheduled_onset_active_clock_s,actual_onset_active_clock_s,scheduled_onset_estimated_real_s,onset_observed_real_s,onset_frame_delay_s,response_observed_real_s,left_red,right_red,onset_switch_index,onset_crane_index,onset_state,onset_phase,onset_step,current_phase,current_step,app_focused,configuration_json,detail,pause_count,paused_duration_s,wall_reaction_time_s,completion_policy,response_count,incorrect_response_count,too_early_response_count,first_response_sign,first_response_outcome,first_response_correct,first_reaction_time_s,first_response_observed_real_s,first_wall_reaction_time_s,pedal_axis_raw,pedal_positive_key,pedal_negative_key,pedal_input_source,pedal_input_conflict,plus_minus_keys_enabled
20261009T070514944Z_77c9c559d22641f7a79c45cabc90cfed,,,1,1,TrialFinished,Visual,2026-10-09T07:05:39.2024541Z,24.246492,8.550765,1504,0,0,OperatingSource,0,0,1,1,Left,-1,-1,Correct,1,0.803370,1,0,-1.000000,TaskSwitchPedal,0,0.500000,0.200000,,0.100000,5.000000,10.000000,-453003186,12.052850,11.237131,11.249480,23.430780,23.443121,0.012341,24.246492,0,0,0,0,OperatingSource,Move1,Move1.PickupCoarseMove,Move1,Move1.PickupCoarseMove,1,"{""pedalAxisName"":""TaskSwitchPedal"",""usePlusMinusKeys"":true,""positivePedalKey"":61,""negativePedalKey"":45,""invertPedalAxis"":false,""pressThreshold"":0.5,""releaseThreshold"":0.20000000298023225,""minimumIntervalSeconds"":5.0,""maximumIntervalSeconds"":10.0,""minimumValidReactionSeconds"":0.10000000149011612,""randomSeed"":-453003186}",,0,0.000000,0.803370,CorrectSidePress,1,0,0,-1,Correct,1,0.803370,24.246492,0.803370,0.000000,0,1,PlusMinusKeys,0,1
20261009T070514944Z_77c9c559d22641f7a79c45cabc90cfed,,,1,1,TrialFinished,Visual,2026-10-09T07:05:47.2139295Z,32.258820,16.563143,1900,0,0,OperatingSource,0,0,1,2,Left,-1,-1,Correct,1,0.844613,1,0,-1.000000,TaskSwitchPedal,0,0.500000,0.200000,,0.100000,5.000000,10.000000,-453003186,20.065178,19.204396,19.220565,31.398037,31.414206,0.016169,32.258820,0,0,0,0,OperatingSource,Move1,Move1.PickupCoarseMove,Move1,Move1.PickupCoarseMove,1,"{""pedalAxisName"":""TaskSwitchPedal"",""usePlusMinusKeys"":true,""positivePedalKey"":61,""negativePedalKey"":45,""invertPedalAxis"":false,""pressThreshold"":0.5,""releaseThreshold"":0.20000000298023225,""minimumIntervalSeconds"":5.0,""maximumIntervalSeconds"":10.0,""minimumValidReactionSeconds"":0.10000000149011612,""randomSeed"":-453003186}",,0,0.000000,0.844613,CorrectSidePress,1,0,0,-1,Correct,1,0.844613,32.258820,0.844613,0.000000,0,1,PlusMinusKeys,0,1
20261009T070514944Z_77c9c559d22641f7a79c45cabc90cfed,,,1,1,TrialFinished,Visual,2026-10-09T07:05:56.9715408Z,42.016679,26.320162,2409,0,0,OperatingSource,0,0,1,3,Left,-1,-1,Correct,1,0.986697,1,0,-1.000000,TaskSwitchPedal,0,0.500000,0.200000,,0.100000,5.000000,10.000000,-453003186,29.823038,28.832332,28.836341,41.025973,41.029982,0.004009,42.016679,0,0,0,0,OperatingSource,LiftUp,LiftUp.PickupLowering,LiftUp,LiftUp.PickupLowering,1,"{""pedalAxisName"":""TaskSwitchPedal"",""usePlusMinusKeys"":true,""positivePedalKey"":61,""negativePedalKey"":45,""invertPedalAxis"":false,""pressThreshold"":0.5,""releaseThreshold"":0.20000000298023225,""minimumIntervalSeconds"":5.0,""maximumIntervalSeconds"":10.0,""minimumValidReactionSeconds"":0.10000000149011612,""randomSeed"":-453003186}",,0,0.000000,0.986697,CorrectSidePress,1,0,0,-1,Correct,1,0.986697,42.016679,0.986697,0.000000,0,1,PlusMinusKeys,0,1
20261009T070514944Z_77c9c559d22641f7a79c45cabc90cfed,,,1,1,TrialFinished,Visual,2026-10-09T07:06:04.9673904Z,50.012477,34.315517,2792,0,0,OperatingSource,0,0,1,4,Left,-1,-1,Correct,1,0.869069,1,0,-1.000000,TaskSwitchPedal,0,0.500000,0.200000,,0.100000,5.000000,10.000000,-453003186,37.818836,36.934546,36.949767,49.128187,49.143409,0.015222,50.012477,0,0,0,0,OperatingSource,LiftUp,LiftUp.PickupLowering,LiftUp,LiftUp.PickupLowering,1,"{""pedalAxisName"":""TaskSwitchPedal"",""usePlusMinusKeys"":true,""positivePedalKey"":61,""negativePedalKey"":45,""invertPedalAxis"":false,""pressThreshold"":0.5,""releaseThreshold"":0.20000000298023225,""minimumIntervalSeconds"":5.0,""maximumIntervalSeconds"":10.0,""minimumValidReactionSeconds"":0.10000000149011612,""randomSeed"":-453003186}",,0,0.000000,0.869069,CorrectSidePress,1,0,0,-1,Correct,1,0.869069,50.012477,0.869069,0.000000,0,1,PlusMinusKeys,0,1
20261009T070514944Z_77c9c559d22641f7a79c45cabc90cfed,,,1,1,TrialFinished,Visual,2026-10-09T07:06:12.8351375Z,57.880876,42.184964,3169,0,0,OperatingSource,0,0,1,5,Left,-1,-1,Correct,1,0.733946,1,0,-1.000000,TaskSwitchPedal,0,0.500000,0.200000,,0.100000,5.000000,10.000000,-453003186,45.687234,44.951985,44.953288,57.145626,57.146930,0.001304,57.880876,0,0,0,0,OperatingSource,LiftUp,LiftUp.LoadedRaising,LiftUp,LiftUp.LoadedRaising,1,"{""pedalAxisName"":""TaskSwitchPedal"",""usePlusMinusKeys"":true,""positivePedalKey"":61,""negativePedalKey"":45,""invertPedalAxis"":false,""pressThreshold"":0.5,""releaseThreshold"":0.20000000298023225,""minimumIntervalSeconds"":5.0,""maximumIntervalSeconds"":10.0,""minimumValidReactionSeconds"":0.10000000149011612,""randomSeed"":-453003186}",,0,0.000000,0.733946,CorrectSidePress,1,0,0,-1,Correct,1,0.733946,57.880876,0.733946,0.000000,0,1,PlusMinusKeys,0,1
20261009T070514944Z_77c9c559d22641f7a79c45cabc90cfed,,,1,1,TrialFinished,Visual,2026-10-09T07:06:21.9950907Z,67.040397,51.344570,3622,0,0,OperatingSource,0,0,1,6,Left,-1,-1,Correct,1,0.787103,1,0,-1.000000,TaskSwitchPedal,0,0.500000,0.200000,,0.100000,5.000000,10.000000,-453003186,54.846755,54.052004,54.059653,66.245645,66.253294,0.007649,67.040397,0,0,0,0,OperatingSource,Move2,Move2.DestinationCoarseMove,Move2,Move2.DestinationCoarseMove,1,"{""pedalAxisName"":""TaskSwitchPedal"",""usePlusMinusKeys"":true,""positivePedalKey"":61,""negativePedalKey"":45,""invertPedalAxis"":false,""pressThreshold"":0.5,""releaseThreshold"":0.20000000298023225,""minimumIntervalSeconds"":5.0,""maximumIntervalSeconds"":10.0,""minimumValidReactionSeconds"":0.10000000149011612,""randomSeed"":-453003186}",,0,0.000000,0.787103,CorrectSidePress,1,0,0,-1,Correct,1,0.787103,67.040397,0.787103,0.000000,0,1,PlusMinusKeys,0,1
20261009T070514944Z_77c9c559d22641f7a79c45cabc90cfed,,,1,1,TrialFinished,Visual,2026-10-09T07:06:30.4823574Z,75.527211,59.831361,4008,0,0,OperatingSource,0,0,1,7,Right,1,1,Correct,1,0.912658,1,0,1.000000,TaskSwitchPedal,0,0.500000,0.200000,,0.100000,5.000000,10.000000,-453003186,63.333570,62.408183,62.420912,74.601824,74.614554,0.012730,75.527211,0,0,0,0,OperatingSource,Move2,Move2.DestinationCoarseMove,Move2,Move2.DestinationCoarseMove,1,"{""pedalAxisName"":""TaskSwitchPedal"",""usePlusMinusKeys"":true,""positivePedalKey"":61,""negativePedalKey"":45,""invertPedalAxis"":false,""pressThreshold"":0.5,""releaseThreshold"":0.20000000298023225,""minimumIntervalSeconds"":5.0,""maximumIntervalSeconds"":10.0,""minimumValidReactionSeconds"":0.10000000149011612,""randomSeed"":-453003186}",,0,0.000000,0.912658,CorrectSidePress,1,0,0,1,Correct,1,0.912658,75.527211,0.912658,0.000000,1,0,PlusMinusKeys,0,1
20261009T070514944Z_77c9c559d22641f7a79c45cabc90cfed,,,1,1,TrialFinished,Visual,2026-10-09T07:06:37.7739400Z,82.818870,67.122531,4346,0,0,OperatingSource,0,0,1,8,Right,1,1,Correct,1,0.951532,1,0,1.000000,TaskSwitchPedal,0,0.500000,0.200000,,0.100000,5.000000,10.000000,-453003186,70.625229,69.658947,69.673697,81.852588,81.867338,0.014750,82.818870,0,0,0,0,OperatingSource,Place,Place.PlacementLowering,Place,Place.PlacementLowering,1,"{""pedalAxisName"":""TaskSwitchPedal"",""usePlusMinusKeys"":true,""positivePedalKey"":61,""negativePedalKey"":45,""invertPedalAxis"":false,""pressThreshold"":0.5,""releaseThreshold"":0.20000000298023225,""minimumIntervalSeconds"":5.0,""maximumIntervalSeconds"":10.0,""minimumValidReactionSeconds"":0.10000000149011612,""randomSeed"":-453003186}",,0,0.000000,0.951532,CorrectSidePress,1,0,0,1,Correct,1,0.951532,82.818870,0.951532,0.000000,1,0,PlusMinusKeys,0,1
20261009T070514944Z_77c9c559d22641f7a79c45cabc90cfed,,,1,1,TrialFinished,Visual,2026-10-09T07:06:48.1902080Z,93.235822,77.539509,4787,1,0,CountingDown,0,0,1,9,Left,-1,-1,Correct,1,0.898760,1,0,-1.000000,TaskSwitchPedal,0,0.500000,0.200000,,0.100000,5.000000,10.000000,-453003186,81.042181,80.131046,80.143421,92.324688,92.337062,0.012374,93.235822,0,0,1,0,CountingDown,Place,Place.PostPlacementRaising,Place,Place.PostPlacementRaising,1,"{""pedalAxisName"":""TaskSwitchPedal"",""usePlusMinusKeys"":true,""positivePedalKey"":61,""negativePedalKey"":45,""invertPedalAxis"":false,""pressThreshold"":0.5,""releaseThreshold"":0.20000000298023225,""minimumIntervalSeconds"":5.0,""maximumIntervalSeconds"":10.0,""minimumValidReactionSeconds"":0.10000000149011612,""randomSeed"":-453003186}",,0,0.000000,0.898760,CorrectSidePress,1,0,0,-1,Correct,1,0.898760,93.235822,0.898760,0.000000,0,1,PlusMinusKeys,0,1
20261009T070514944Z_77c9c559d22641f7a79c45cabc90cfed,,,1,1,TrialFinished,Visual,2026-10-09T07:06:58.9361468Z,103.981460,88.285567,5317,1,1,OperatingTarget,0,0,1,10,Right,1,1,Correct,1,1.046047,1,0,1.000000,TaskSwitchPedal,0,0.500000,0.200000,,0.100000,5.000000,10.000000,-453003186,91.787818,90.737681,90.741772,102.931322,102.935413,0.004091,103.981460,0,0,1,1,OperatingTarget,Move1,Move1.PickupCoarseMove,Move1,Move1.PickupCoarseMove,1,"{""pedalAxisName"":""TaskSwitchPedal"",""usePlusMinusKeys"":true,""positivePedalKey"":61,""negativePedalKey"":45,""invertPedalAxis"":false,""pressThreshold"":0.5,""releaseThreshold"":0.20000000298023225,""minimumIntervalSeconds"":5.0,""maximumIntervalSeconds"":10.0,""minimumValidReactionSeconds"":0.10000000149011612,""randomSeed"":-453003186}",,0,0.000000,1.046047,CorrectSidePress,1,0,0,1,Correct,1,1.046047,103.981460,1.046047,0.000000,1,0,PlusMinusKeys,0,1
20261009T070514944Z_77c9c559d22641f7a79c45cabc90cfed,,,1,1,TrialFinished,Visual,2026-10-09T07:07:09.5961240Z,114.641631,98.941578,5806,1,1,OperatingTarget,0,0,1,11,Left,-1,-1,Correct,1,0.866808,1,0,-1.000000,TaskSwitchPedal,0,0.500000,0.200000,,0.100000,5.000000,10.000000,-453003186,102.447989,101.573510,101.581181,113.767151,113.774823,0.007671,114.641631,0,0,1,1,OperatingTarget,LiftUp,LiftUp.PickupLowering,LiftUp,LiftUp.PickupLowering,1,"{""pedalAxisName"":""TaskSwitchPedal"",""usePlusMinusKeys"":true,""positivePedalKey"":61,""negativePedalKey"":45,""invertPedalAxis"":false,""pressThreshold"":0.5,""releaseThreshold"":0.20000000298023225,""minimumIntervalSeconds"":5.0,""maximumIntervalSeconds"":10.0,""minimumValidReactionSeconds"":0.10000000149011612,""randomSeed"":-453003186}",,0,0.000000,0.866808,CorrectSidePress,1,0,0,-1,Correct,1,0.866808,114.641631,0.866808,0.000000,0,1,PlusMinusKeys,0,1
20261009T070514944Z_77c9c559d22641f7a79c45cabc90cfed,,,1,1,TrialFinished,Visual,2026-10-09T07:07:15.9821541Z,121.029107,105.333026,6075,1,1,OperatingTarget,0,0,1,12,Left,-1,-1,Correct,1,0.720896,1,0,-1.000000,TaskSwitchPedal,0,0.500000,0.200000,,0.100000,5.000000,10.000000,-453003186,108.835465,108.113426,108.114569,120.307068,120.308210,0.001143,121.029107,0,0,1,1,OperatingTarget,LiftUp,LiftUp.LoadedRaising,LiftUp,LiftUp.LoadedRaising,1,"{""pedalAxisName"":""TaskSwitchPedal"",""usePlusMinusKeys"":true,""positivePedalKey"":61,""negativePedalKey"":45,""invertPedalAxis"":false,""pressThreshold"":0.5,""releaseThreshold"":0.20000000298023225,""minimumIntervalSeconds"":5.0,""maximumIntervalSeconds"":10.0,""minimumValidReactionSeconds"":0.10000000149011612,""randomSeed"":-453003186}",,0,0.000000,0.720896,CorrectSidePress,1,0,0,-1,Correct,1,0.720896,121.029107,0.720896,0.000000,0,1,PlusMinusKeys,0,1
20261009T070514944Z_77c9c559d22641f7a79c45cabc90cfed,,,1,1,TrialFinished,Visual,2026-10-09T07:07:23.4298937Z,128.475602,112.780178,6400,1,0,OperatingSource,0,0,1,13,Left,-1,-1,Correct,1,1.685342,1,0,-1.000000,TaskSwitchPedal,0,0.500000,0.200000,,0.100000,5.000000,10.000000,-453003186,116.281961,114.587293,114.596619,126.780934,126.790260,0.009326,128.475602,0,0,1,0,OperatingSource,Place,Place.PostPlacementRaising,Place,Place.PostPlacementRaising,1,"{""pedalAxisName"":""TaskSwitchPedal"",""usePlusMinusKeys"":true,""positivePedalKey"":61,""negativePedalKey"":45,""invertPedalAxis"":false,""pressThreshold"":0.5,""releaseThreshold"":0.20000000298023225,""minimumIntervalSeconds"":5.0,""maximumIntervalSeconds"":10.0,""minimumValidReactionSeconds"":0.10000000149011612,""randomSeed"":-453003186}",,0,0.000000,1.685342,CorrectSidePress,1,0,0,-1,Correct,1,1.685342,128.475602,1.685342,0.000000,0,1,PlusMinusKeys,0,1
20261009T070514944Z_77c9c559d22641f7a79c45cabc90cfed,,,1,1,TrialFinished,Visual,2026-10-09T07:07:32.9535122Z,138.000183,122.304281,6844,1,0,OperatingSource,0,0,1,14,Right,1,1,Correct,1,0.801019,1,0,1.000000,TaskSwitchPedal,0,0.500000,0.200000,,0.100000,5.000000,10.000000,-453003186,125.806542,124.990021,125.005523,137.183663,137.199164,0.015502,138.000183,0,0,1,0,OperatingSource,Move1,Move1.PickupCoarseMove,Move1,Move1.PickupCoarseMove,1,"{""pedalAxisName"":""TaskSwitchPedal"",""usePlusMinusKeys"":true,""positivePedalKey"":61,""negativePedalKey"":45,""invertPedalAxis"":false,""pressThreshold"":0.5,""releaseThreshold"":0.20000000298023225,""minimumIntervalSeconds"":5.0,""maximumIntervalSeconds"":10.0,""minimumValidReactionSeconds"":0.10000000149011612,""randomSeed"":-453003186}",,0,0.000000,0.801019,CorrectSidePress,1,0,0,1,Correct,1,0.801019,138.000183,0.801019,0.000000,1,0,PlusMinusKeys,0,1
20261009T070514944Z_77c9c559d22641f7a79c45cabc90cfed,,,1,1,TrialFinished,Visual,2026-10-09T07:07:42.5688989Z,147.616420,131.919846,7302,1,0,OperatingSource,0,0,1,15,Right,1,1,Correct,1,0.861820,1,0,1.000000,TaskSwitchPedal,0,0.500000,0.200000,,0.100000,5.000000,10.000000,-453003186,135.422778,134.555304,134.560958,146.748945,146.754600,0.005654,147.616420,0,0,1,0,OperatingSource,Move1,Move1.PickupCoarseMove,Move1,Move1.PickupCoarseMove,1,"{""pedalAxisName"":""TaskSwitchPedal"",""usePlusMinusKeys"":true,""positivePedalKey"":61,""negativePedalKey"":45,""invertPedalAxis"":false,""pressThreshold"":0.5,""releaseThreshold"":0.20000000298023225,""minimumIntervalSeconds"":5.0,""maximumIntervalSeconds"":10.0,""minimumValidReactionSeconds"":0.10000000149011612,""randomSeed"":-453003186}",,0,0.000000,0.861820,CorrectSidePress,1,0,0,1,Correct,1,0.861820,147.616420,0.861820,0.000000,1,0,PlusMinusKeys,0,1
20261009T070514944Z_77c9c559d22641f7a79c45cabc90cfed,,,1,1,TrialFinished,Visual,2026-10-09T07:07:50.4246415Z,155.470713,139.773990,7670,1,0,OperatingSource,0,0,1,16,Left,-1,-1,Correct,1,1.095048,1,0,-1.000000,TaskSwitchPedal,0,0.500000,0.200000,,0.100000,5.000000,10.000000,-453003186,143.277072,142.166103,142.182024,154.359744,154.375665,0.015921,155.470713,0,0,1,0,OperatingSource,Move1,Move1.PickupFineAlign,Move1,Move1.PickupFineAlign,1,"{""pedalAxisName"":""TaskSwitchPedal"",""usePlusMinusKeys"":true,""positivePedalKey"":61,""negativePedalKey"":45,""invertPedalAxis"":false,""pressThreshold"":0.5,""releaseThreshold"":0.20000000298023225,""minimumIntervalSeconds"":5.0,""maximumIntervalSeconds"":10.0,""minimumValidReactionSeconds"":0.10000000149011612,""randomSeed"":-453003186}",,0,0.000000,1.095048,CorrectSidePress,1,0,0,-1,Correct,1,1.095048,155.470713,1.095048,0.000000,0,1,PlusMinusKeys,0,1
20261009T070514944Z_77c9c559d22641f7a79c45cabc90cfed,,,1,1,TrialFinished,Visual,2026-10-09T07:07:57.6359010Z,162.682269,146.986397,7991,2,0,CountingDown,0,0,1,17,Left,-1,-1,Correct,1,0.896797,1,0,-1.000000,TaskSwitchPedal,0,0.500000,0.200000,,0.100000,5.000000,10.000000,-453003186,150.488627,149.588161,149.591831,161.781802,161.785472,0.003670,162.682269,0,0,2,0,CountingDown,LiftUp,LiftUp.PickupLowering,LiftUp,LiftUp.LoadAcquisition,1,"{""pedalAxisName"":""TaskSwitchPedal"",""usePlusMinusKeys"":true,""positivePedalKey"":61,""negativePedalKey"":45,""invertPedalAxis"":false,""pressThreshold"":0.5,""releaseThreshold"":0.20000000298023225,""minimumIntervalSeconds"":5.0,""maximumIntervalSeconds"":10.0,""minimumValidReactionSeconds"":0.10000000149011612,""randomSeed"":-453003186}",,0,0.000000,0.896796,CorrectSidePress,1,0,0,-1,Correct,1,0.896797,162.682269,0.896796,0.000000,0,1,PlusMinusKeys,0,1
20261009T070514944Z_77c9c559d22641f7a79c45cabc90cfed,,,1,1,TrialFinished,Visual,2026-10-09T07:08:06.6952820Z,171.741449,156.045477,8390,2,1,OperatingTarget,0,0,1,18,Left,-1,-1,Correct,1,1.035806,1,0,-1.000000,TaskSwitchPedal,0,0.500000,0.200000,,0.100000,5.000000,10.000000,-453003186,159.547807,158.505683,158.512002,170.699324,170.705643,0.006319,171.741449,0,0,2,1,OperatingTarget,Move2,Move2.DestinationCoarseMove,Move2,Move2.DestinationCoarseMove,1,"{""pedalAxisName"":""TaskSwitchPedal"",""usePlusMinusKeys"":true,""positivePedalKey"":61,""negativePedalKey"":45,""invertPedalAxis"":false,""pressThreshold"":0.5,""releaseThreshold"":0.20000000298023225,""minimumIntervalSeconds"":5.0,""maximumIntervalSeconds"":10.0,""minimumValidReactionSeconds"":0.10000000149011612,""randomSeed"":-453003186}",,0,0.000000,1.035806,CorrectSidePress,1,0,0,-1,Correct,1,1.035806,171.741449,1.035806,0.000000,0,1,PlusMinusKeys,0,1
20261009T070514944Z_77c9c559d22641f7a79c45cabc90cfed,,,1,1,TrialFinished,Visual,2026-10-09T07:08:16.7978204Z,181.844140,166.144876,8799,2,1,OperatingTarget,0,0,1,19,Left,-1,-1,Correct,1,0.856170,1,0,-1.000000,TaskSwitchPedal,0,0.500000,0.200000,,0.100000,5.000000,10.000000,-453003186,169.650499,168.775516,168.794329,180.969157,180.987970,0.018813,181.844140,0,0,2,1,OperatingTarget,Place,Place.PlacementLowering,Place,Place.PlacementLowering,1,"{""pedalAxisName"":""TaskSwitchPedal"",""usePlusMinusKeys"":true,""positivePedalKey"":61,""negativePedalKey"":45,""invertPedalAxis"":false,""pressThreshold"":0.5,""releaseThreshold"":0.20000000298023225,""minimumIntervalSeconds"":5.0,""maximumIntervalSeconds"":10.0,""minimumValidReactionSeconds"":0.10000000149011612,""randomSeed"":-453003186}",,0,0.000000,0.856170,CorrectSidePress,1,0,0,-1,Correct,1,0.856170,181.844140,0.856170,0.000000,0,1,PlusMinusKeys,0,1
20261009T070514944Z_77c9c559d22641f7a79c45cabc90cfed,,,1,1,TrialFinished,Visual,2026-10-09T07:08:26.3937310Z,191.440347,175.744899,9218,2,1,OperatingTarget,0,0,1,20,Right,1,1,Correct,1,1.049189,1,0,1.000000,TaskSwitchPedal,0,0.500000,0.200000,,0.100000,5.000000,10.000000,-453003186,179.246706,178.194501,178.197517,190.388143,190.391158,0.003015,191.440347,0,0,2,1,OperatingTarget,Place,Place.PostPlacementRaising,Place,Place.PostPlacementRaising,1,"{""pedalAxisName"":""TaskSwitchPedal"",""usePlusMinusKeys"":true,""positivePedalKey"":61,""negativePedalKey"":45,""invertPedalAxis"":false,""pressThreshold"":0.5,""releaseThreshold"":0.20000000298023225,""minimumIntervalSeconds"":5.0,""maximumIntervalSeconds"":10.0,""minimumValidReactionSeconds"":0.10000000149011612,""randomSeed"":-453003186}",,0,0.000000,1.049189,CorrectSidePress,1,0,0,1,Correct,1,1.049189,191.440347,1.049189,0.000000,1,0,PlusMinusKeys,0,1
20261009T070514944Z_77c9c559d22641f7a79c45cabc90cfed,,,1,1,TrialFinished,Visual,2026-10-09T07:08:36.0551055Z,201.101756,185.406004,9637,2,0,OperatingSource,0,0,1,21,Left,-1,-1,Correct,1,0.980257,1,0,-1.000000,TaskSwitchPedal,0,0.500000,0.200000,,0.100000,5.000000,10.000000,-453003186,188.908115,187.906511,187.927857,200.100153,200.121499,0.021346,201.101756,0,0,2,0,OperatingSource,LiftUp,LiftUp.LoadedRaising,LiftUp,LiftUp.LoadedRaising,1,"{""pedalAxisName"":""TaskSwitchPedal"",""usePlusMinusKeys"":true,""positivePedalKey"":61,""negativePedalKey"":45,""invertPedalAxis"":false,""pressThreshold"":0.5,""releaseThreshold"":0.20000000298023225,""minimumIntervalSeconds"":5.0,""maximumIntervalSeconds"":10.0,""minimumValidReactionSeconds"":0.10000000149011612,""randomSeed"":-453003186}",,0,0.000000,0.980257,CorrectSidePress,1,0,0,-1,Correct,1,0.980257,201.101756,0.980257,0.000000,0,1,PlusMinusKeys,0,1
20261009T070514944Z_77c9c559d22641f7a79c45cabc90cfed,,,1,1,TrialFinished,Visual,2026-10-09T07:08:44.8482132Z,209.894949,194.198833,10013,3,0,CountingDown,0,0,1,22,Left,-1,-1,Correct,1,1.474415,1,0,-1.000000,TaskSwitchPedal,0,0.500000,0.200000,,0.100000,5.000000,10.000000,-453003186,197.701307,196.204747,196.226892,208.398388,208.420534,0.022145,209.894949,0,0,3,0,CountingDown,Move2,Move2.DestinationCoarseMove,Move2,Move2.DestinationCoarseMove,1,"{""pedalAxisName"":""TaskSwitchPedal"",""usePlusMinusKeys"":true,""positivePedalKey"":61,""negativePedalKey"":45,""invertPedalAxis"":false,""pressThreshold"":0.5,""releaseThreshold"":0.20000000298023225,""minimumIntervalSeconds"":5.0,""maximumIntervalSeconds"":10.0,""minimumValidReactionSeconds"":0.10000000149011612,""randomSeed"":-453003186}",,0,0.000000,1.474415,CorrectSidePress,1,0,0,-1,Correct,1,1.474415,209.894949,1.474415,0.000000,0,1,PlusMinusKeys,0,1
20261009T070514944Z_77c9c559d22641f7a79c45cabc90cfed,,,1,1,TrialFinished,Visual,2026-10-09T07:08:53.5381718Z,218.586356,202.890682,10410,3,1,OperatingTarget,0,0,1,23,Right,1,1,Correct,1,1.009777,1,0,1.000000,TaskSwitchPedal,0,0.500000,0.200000,,0.100000,5.000000,10.000000,-453003186,206.392714,205.364092,205.382937,217.557733,217.576578,0.018845,218.586356,0,0,3,1,OperatingTarget,Move1,Move1.PickupCoarseMove,Move1,Move1.PickupCoarseMove,1,"{""pedalAxisName"":""TaskSwitchPedal"",""usePlusMinusKeys"":true,""positivePedalKey"":61,""negativePedalKey"":45,""invertPedalAxis"":false,""pressThreshold"":0.5,""releaseThreshold"":0.20000000298023225,""minimumIntervalSeconds"":5.0,""maximumIntervalSeconds"":10.0,""minimumValidReactionSeconds"":0.10000000149011612,""randomSeed"":-453003186}",,0,0.000000,1.009777,CorrectSidePress,1,0,0,1,Correct,1,1.009777,218.586356,1.009777,0.000000,1,0,PlusMinusKeys,0,1
20261009T070514944Z_77c9c559d22641f7a79c45cabc90cfed,,,1,1,TrialFinished,Visual,2026-10-09T07:09:03.3793196Z,228.426817,212.730897,10865,3,1,OperatingTarget,0,0,1,24,Right,1,1,Correct,1,0.983792,1,0,1.000000,TaskSwitchPedal,0,0.500000,0.200000,,0.100000,5.000000,10.000000,-453003186,216.233175,215.237100,215.249383,227.430741,227.443024,0.012283,228.426817,0,0,3,1,OperatingTarget,Move1,Move1.PickupFineAlign,Move1,Move1.PickupFineAlign,1,"{""pedalAxisName"":""TaskSwitchPedal"",""usePlusMinusKeys"":true,""positivePedalKey"":61,""negativePedalKey"":45,""invertPedalAxis"":false,""pressThreshold"":0.5,""releaseThreshold"":0.20000000298023225,""minimumIntervalSeconds"":5.0,""maximumIntervalSeconds"":10.0,""minimumValidReactionSeconds"":0.10000000149011612,""randomSeed"":-453003186}",,0,0.000000,0.983792,CorrectSidePress,1,0,0,1,Correct,1,0.983792,228.426817,0.983792,0.000000,1,0,PlusMinusKeys,0,1
20261009T070514944Z_77c9c559d22641f7a79c45cabc90cfed,,,1,1,TrialFinished,Visual,2026-10-09T07:09:14.0562269Z,239.103444,223.405784,11285,3,1,OperatingTarget,0,0,1,25,Left,-1,-1,Correct,1,2.241010,1,0,-1.000000,TaskSwitchPedal,0,0.500000,0.200000,,0.100000,5.000000,10.000000,-453003186,226.909802,224.648965,224.668792,236.842606,236.862433,0.019827,239.103444,0,0,3,1,OperatingTarget,LiftUp,LiftUp.LoadAcquisition,LiftUp,LiftUp.LoadAcquisition,1,"{""pedalAxisName"":""TaskSwitchPedal"",""usePlusMinusKeys"":true,""positivePedalKey"":61,""negativePedalKey"":45,""invertPedalAxis"":false,""pressThreshold"":0.5,""releaseThreshold"":0.20000000298023225,""minimumIntervalSeconds"":5.0,""maximumIntervalSeconds"":10.0,""minimumValidReactionSeconds"":0.10000000149011612,""randomSeed"":-453003186}",,0,0.000000,2.241010,CorrectSidePress,1,0,0,-1,Correct,1,2.241010,239.103444,2.241010,0.000000,0,1,PlusMinusKeys,0,1
20261009T070514944Z_77c9c559d22641f7a79c45cabc90cfed,,,1,1,TrialFinished,Visual,2026-10-09T07:09:23.2878798Z,248.336063,232.638584,11635,3,1,OperatingTarget,0,0,1,26,Left,-1,-1,Correct,1,0.947167,1,0,-1.000000,TaskSwitchPedal,0,0.500000,0.200000,,0.100000,5.000000,10.000000,-453003186,236.142421,235.160457,235.195255,247.354098,247.388896,0.034798,248.336063,0,0,3,1,OperatingTarget,LiftUp,LiftUp.LoadAcquisition,LiftUp,LiftUp.LoadedRaising,1,"{""pedalAxisName"":""TaskSwitchPedal"",""usePlusMinusKeys"":true,""positivePedalKey"":61,""negativePedalKey"":45,""invertPedalAxis"":false,""pressThreshold"":0.5,""releaseThreshold"":0.20000000298023225,""minimumIntervalSeconds"":5.0,""maximumIntervalSeconds"":10.0,""minimumValidReactionSeconds"":0.10000000149011612,""randomSeed"":-453003186}",,0,0.000000,0.947167,CorrectSidePress,1,0,0,-1,Correct,1,0.947167,248.336063,0.947167,0.000000,0,1,PlusMinusKeys,0,1
20261009T070514944Z_77c9c559d22641f7a79c45cabc90cfed,,,1,1,TrialFinished,Visual,2026-10-09T07:09:31.8818955Z,256.929700,241.233691,11988,3,0,OperatingSource,0,0,1,27,Right,1,1,Correct,1,0.944523,1,0,1.000000,TaskSwitchPedal,0,0.500000,0.200000,,0.100000,5.000000,10.000000,-453003186,244.736058,243.765564,243.791535,255.959206,255.985177,0.025971,256.929700,0,0,3,0,OperatingSource,Move2,Move2.DestinationCoarseMove,Move2,Move2.DestinationCoarseMove,1,"{""pedalAxisName"":""TaskSwitchPedal"",""usePlusMinusKeys"":true,""positivePedalKey"":61,""negativePedalKey"":45,""invertPedalAxis"":false,""pressThreshold"":0.5,""releaseThreshold"":0.20000000298023225,""minimumIntervalSeconds"":5.0,""maximumIntervalSeconds"":10.0,""minimumValidReactionSeconds"":0.10000000149011612,""randomSeed"":-453003186}",,0,0.000000,0.944523,CorrectSidePress,1,0,0,1,Correct,1,0.944523,256.929700,0.944523,0.000000,1,0,PlusMinusKeys,0,1
20261009T070514944Z_77c9c559d22641f7a79c45cabc90cfed,,,1,1,TrialFinished,Visual,2026-10-09T07:09:40.0841910Z,265.132693,249.436456,12303,3,0,OperatingSource,0,0,1,28,Left,-1,-1,Correct,1,0.796946,1,0,-1.000000,TaskSwitchPedal,0,0.500000,0.200000,,0.100000,5.000000,10.000000,-453003186,252.939052,252.131189,252.142105,264.324830,264.335747,0.010917,265.132693,0,0,3,0,OperatingSource,Move2,Move2.DestinationCoarseMove,Move2,Move2.DestinationCoarseMove,1,"{""pedalAxisName"":""TaskSwitchPedal"",""usePlusMinusKeys"":true,""positivePedalKey"":61,""negativePedalKey"":45,""invertPedalAxis"":false,""pressThreshold"":0.5,""releaseThreshold"":0.20000000298023225,""minimumIntervalSeconds"":5.0,""maximumIntervalSeconds"":10.0,""minimumValidReactionSeconds"":0.10000000149011612,""randomSeed"":-453003186}",,0,0.000000,0.796946,CorrectSidePress,1,0,0,-1,Correct,1,0.796946,265.132693,0.796946,0.000000,0,1,PlusMinusKeys,0,1
20261009T070514944Z_77c9c559d22641f7a79c45cabc90cfed,,,1,1,TrialFinished,Visual,2026-10-09T07:09:47.2648793Z,272.314171,256.618254,12566,3,0,OperatingSource,0,0,1,29,Left,-1,-1,Correct,1,0.757483,1,0,-1.000000,TaskSwitchPedal,0,0.500000,0.200000,,0.100000,5.000000,10.000000,-453003186,260.120529,259.361035,259.363046,271.554676,271.556688,0.002012,272.314171,0,0,3,0,OperatingSource,Move2,Move2.DestinationCoarseMove,Move2,Move2.DestinationCoarseMove,1,"{""pedalAxisName"":""TaskSwitchPedal"",""usePlusMinusKeys"":true,""positivePedalKey"":61,""negativePedalKey"":45,""invertPedalAxis"":false,""pressThreshold"":0.5,""releaseThreshold"":0.20000000298023225,""minimumIntervalSeconds"":5.0,""maximumIntervalSeconds"":10.0,""minimumValidReactionSeconds"":0.10000000149011612,""randomSeed"":-453003186}",,0,0.000000,0.757482,CorrectSidePress,1,0,0,-1,Correct,1,0.757483,272.314171,0.757482,0.000000,0,1,PlusMinusKeys,0,1
20261009T070514944Z_77c9c559d22641f7a79c45cabc90cfed,,,1,1,TrialFinished,Visual,2026-10-09T07:09:57.9915527Z,283.039962,267.344017,12962,3,0,OperatingSource,0,0,1,30,Left,-1,-1,Correct,1,0.758477,1,0,-1.000000,TaskSwitchPedal,0,0.500000,0.200000,,0.100000,5.000000,10.000000,-453003186,270.846321,270.082160,270.087843,282.275801,282.281485,0.005683,283.039962,0,0,3,0,OperatingSource,Place,Place.PlacementLowering,Place,Place.LoadRelease,1,"{""pedalAxisName"":""TaskSwitchPedal"",""usePlusMinusKeys"":true,""positivePedalKey"":61,""negativePedalKey"":45,""invertPedalAxis"":false,""pressThreshold"":0.5,""releaseThreshold"":0.20000000298023225,""minimumIntervalSeconds"":5.0,""maximumIntervalSeconds"":10.0,""minimumValidReactionSeconds"":0.10000000149011612,""randomSeed"":-453003186}",,0,0.000000,0.758478,CorrectSidePress,1,0,0,-1,Correct,1,0.758477,283.039962,0.758478,0.000000,0,1,PlusMinusKeys,0,1
20261009T070514944Z_77c9c559d22641f7a79c45cabc90cfed,,,1,1,TrialFinished,Visual,2026-10-09T07:10:06.4698709Z,291.518328,275.822853,13336,3,0,OperatingSource,0,0,1,31,Right,1,1,Correct,1,1.044085,1,0,1.000000,TaskSwitchPedal,0,0.500000,0.200000,,0.100000,5.000000,10.000000,-453003186,279.324686,278.261600,278.280601,290.455241,290.474243,0.019001,291.518328,0,0,3,0,OperatingSource,Move1,Move1.PickupCoarseMove,Move1,Move1.PickupCoarseMove,1,"{""pedalAxisName"":""TaskSwitchPedal"",""usePlusMinusKeys"":true,""positivePedalKey"":61,""negativePedalKey"":45,""invertPedalAxis"":false,""pressThreshold"":0.5,""releaseThreshold"":0.20000000298023225,""minimumIntervalSeconds"":5.0,""maximumIntervalSeconds"":10.0,""minimumValidReactionSeconds"":0.10000000149011612,""randomSeed"":-453003186}",,0,0.000000,1.044085,CorrectSidePress,1,0,0,1,Correct,1,1.044085,291.518328,1.044085,0.000000,1,0,PlusMinusKeys,0,1
20261009T070514944Z_77c9c559d22641f7a79c45cabc90cfed,,,1,1,TrialFinished,Visual,2026-10-09T07:10:15.1866193Z,300.235537,284.539402,13732,4,0,CountingDown,0,0,1,32,Right,1,1,Correct,1,1.034651,1,0,1.000000,TaskSwitchPedal,0,0.500000,0.200000,,0.100000,5.000000,10.000000,-453003186,288.041896,286.996078,287.007245,299.189719,299.200886,0.011167,300.235537,0,0,4,0,CountingDown,Move1,Move1.PickupCoarseMove,Move1,Move1.PickupCoarseMove,1,"{""pedalAxisName"":""TaskSwitchPedal"",""usePlusMinusKeys"":true,""positivePedalKey"":61,""negativePedalKey"":45,""invertPedalAxis"":false,""pressThreshold"":0.5,""releaseThreshold"":0.20000000298023225,""minimumIntervalSeconds"":5.0,""maximumIntervalSeconds"":10.0,""minimumValidReactionSeconds"":0.10000000149011612,""randomSeed"":-453003186}",,0,0.000000,1.034651,CorrectSidePress,1,0,0,1,Correct,1,1.034651,300.235537,1.034651,0.000000,1,0,PlusMinusKeys,0,1
20261009T070514944Z_77c9c559d22641f7a79c45cabc90cfed,,,1,1,TrialFinished,Visual,2026-10-09T07:10:25.9661227Z,311.014465,295.318480,14192,4,1,OperatingTarget,0,0,1,33,Right,1,1,Correct,1,0.781936,1,0,1.000000,TaskSwitchPedal,0,0.500000,0.200000,,0.100000,5.000000,10.000000,-453003186,298.820824,298.032477,298.038888,310.226118,310.232529,0.006411,311.014465,0,0,4,1,OperatingTarget,Move2,Move2.DestinationCoarseMove,Move2,Move2.DestinationCoarseMove,1,"{""pedalAxisName"":""TaskSwitchPedal"",""usePlusMinusKeys"":true,""positivePedalKey"":61,""negativePedalKey"":45,""invertPedalAxis"":false,""pressThreshold"":0.5,""releaseThreshold"":0.20000000298023225,""minimumIntervalSeconds"":5.0,""maximumIntervalSeconds"":10.0,""minimumValidReactionSeconds"":0.10000000149011612,""randomSeed"":-453003186}",,0,0.000000,0.781936,CorrectSidePress,1,0,0,1,Correct,1,0.781936,311.014465,0.781936,0.000000,1,0,PlusMinusKeys,0,1
20261009T070514944Z_77c9c559d22641f7a79c45cabc90cfed,,,1,1,TrialFinished,Visual,2026-10-09T07:10:32.9619235Z,318.010708,302.313452,14440,4,1,OperatingTarget,0,0,1,34,Left,-1,-1,Correct,1,0.841031,1,0,-1.000000,TaskSwitchPedal,0,0.500000,0.200000,,0.100000,5.000000,10.000000,-453003186,305.817067,304.960226,304.976036,317.153867,317.169677,0.015810,318.010708,0,0,4,1,OperatingTarget,Place,Place.PlacementLowering,Place,Place.PlacementLowering,1,"{""pedalAxisName"":""TaskSwitchPedal"",""usePlusMinusKeys"":true,""positivePedalKey"":61,""negativePedalKey"":45,""invertPedalAxis"":false,""pressThreshold"":0.5,""releaseThreshold"":0.20000000298023225,""minimumIntervalSeconds"":5.0,""maximumIntervalSeconds"":10.0,""minimumValidReactionSeconds"":0.10000000149011612,""randomSeed"":-453003186}",,0,0.000000,0.841031,CorrectSidePress,1,0,0,-1,Correct,1,0.841031,318.010708,0.841031,0.000000,0,1,PlusMinusKeys,0,1
20261009T070514944Z_77c9c559d22641f7a79c45cabc90cfed,,,1,1,TrialFinished,Visual,2026-10-09T07:10:40.7398871Z,325.788908,310.091598,14729,4,1,OperatingTarget,0,0,1,35,Right,1,1,Correct,1,0.898881,1,0,1.000000,TaskSwitchPedal,0,0.500000,0.200000,,0.100000,5.000000,10.000000,-453003186,313.595266,312.687240,312.696385,324.880882,324.890027,0.009146,325.788908,0,0,4,1,OperatingTarget,Place,Place.PostPlacementRaising,Place,Place.PostPlacementRaising,1,"{""pedalAxisName"":""TaskSwitchPedal"",""usePlusMinusKeys"":true,""positivePedalKey"":61,""negativePedalKey"":45,""invertPedalAxis"":false,""pressThreshold"":0.5,""releaseThreshold"":0.20000000298023225,""minimumIntervalSeconds"":5.0,""maximumIntervalSeconds"":10.0,""minimumValidReactionSeconds"":0.10000000149011612,""randomSeed"":-453003186}",,0,0.000000,0.898880,CorrectSidePress,1,0,0,1,Correct,1,0.898881,325.788908,0.898880,0.000000,1,0,PlusMinusKeys,0,1
20261009T070514944Z_77c9c559d22641f7a79c45cabc90cfed,,,1,1,TrialFinished,Visual,2026-10-09T07:10:52.1497252Z,337.199617,321.504046,15262,4,0,OperatingSource,0,0,1,36,Right,1,1,Correct,1,1.743045,1,0,1.000000,TaskSwitchPedal,0,0.500000,0.200000,,0.100000,5.000000,10.000000,-453003186,325.005976,323.242806,323.262930,335.436448,335.456572,0.020124,337.199617,0,0,4,0,OperatingSource,Move1,Move1.PickupCoarseMove,Move1,Move1.PickupCoarseMove,1,"{""pedalAxisName"":""TaskSwitchPedal"",""usePlusMinusKeys"":true,""positivePedalKey"":61,""negativePedalKey"":45,""invertPedalAxis"":false,""pressThreshold"":0.5,""releaseThreshold"":0.20000000298023225,""minimumIntervalSeconds"":5.0,""maximumIntervalSeconds"":10.0,""minimumValidReactionSeconds"":0.10000000149011612,""randomSeed"":-453003186}",,0,0.000000,1.743045,CorrectSidePress,1,0,0,1,Correct,1,1.743045,337.199617,1.743045,0.000000,1,0,PlusMinusKeys,0,1
20261009T070514944Z_77c9c559d22641f7a79c45cabc90cfed,,,1,1,TrialFinished,Visual,2026-10-09T07:11:01.9501938Z,347.000927,331.305073,15702,4,0,OperatingSource,0,0,1,37,Left,-1,-1,Correct,1,0.944926,1,0,-1.000000,TaskSwitchPedal,0,0.500000,0.200000,,0.100000,5.000000,10.000000,-453003186,334.807285,333.806840,333.862359,346.000482,346.056001,0.055519,347.000927,0,0,4,0,OperatingSource,Move1,Move1.PickupFineAlign,Move1,Move1.PickupFineAlign,1,"{""pedalAxisName"":""TaskSwitchPedal"",""usePlusMinusKeys"":true,""positivePedalKey"":61,""negativePedalKey"":45,""invertPedalAxis"":false,""pressThreshold"":0.5,""releaseThreshold"":0.20000000298023225,""minimumIntervalSeconds"":5.0,""maximumIntervalSeconds"":10.0,""minimumValidReactionSeconds"":0.10000000149011612,""randomSeed"":-453003186}",,0,0.000000,0.944926,CorrectSidePress,1,0,0,-1,Correct,1,0.944926,347.000927,0.944926,0.000000,0,1,PlusMinusKeys,0,1
20261009T070514944Z_77c9c559d22641f7a79c45cabc90cfed,,,1,1,TrialFinished,Visual,2026-10-09T07:11:12.6214266Z,357.670206,341.971728,16116,4,0,OperatingSource,0,0,1,38,Right,1,1,Correct,1,0.923075,1,0,1.000000,TaskSwitchPedal,0,0.500000,0.200000,,0.100000,5.000000,10.000000,-453003186,345.476564,344.538767,344.553489,356.732408,356.747130,0.014722,357.670206,0,0,4,0,OperatingSource,LiftUp,LiftUp.PickupLowering,LiftUp,LiftUp.LoadAcquisition,1,"{""pedalAxisName"":""TaskSwitchPedal"",""usePlusMinusKeys"":true,""positivePedalKey"":61,""negativePedalKey"":45,""invertPedalAxis"":false,""pressThreshold"":0.5,""releaseThreshold"":0.20000000298023225,""minimumIntervalSeconds"":5.0,""maximumIntervalSeconds"":10.0,""minimumValidReactionSeconds"":0.10000000149011612,""randomSeed"":-453003186}",,0,0.000000,0.923075,CorrectSidePress,1,0,0,1,Correct,1,0.923075,357.670206,0.923075,0.000000,1,0,PlusMinusKeys,0,1
20261009T070514944Z_77c9c559d22641f7a79c45cabc90cfed,,,1,1,TrialFinished,Visual,2026-10-09T07:11:18.5997850Z,363.649098,347.952926,16327,4,0,OperatingSource,0,0,1,39,Right,1,1,Correct,1,0.865114,1,0,1.000000,TaskSwitchPedal,0,0.500000,0.200000,,0.100000,5.000000,10.000000,-453003186,351.455457,350.588447,350.590343,362.782089,362.783984,0.001895,363.649098,0,0,4,0,OperatingSource,LiftUp,LiftUp.LoadedRaising,LiftUp,LiftUp.LoadedRaising,1,"{""pedalAxisName"":""TaskSwitchPedal"",""usePlusMinusKeys"":true,""positivePedalKey"":61,""negativePedalKey"":45,""invertPedalAxis"":false,""pressThreshold"":0.5,""releaseThreshold"":0.20000000298023225,""minimumIntervalSeconds"":5.0,""maximumIntervalSeconds"":10.0,""minimumValidReactionSeconds"":0.10000000149011612,""randomSeed"":-453003186}",,0,0.000000,0.865114,CorrectSidePress,1,0,0,1,Correct,1,0.865114,363.649098,0.865114,0.000000,1,0,PlusMinusKeys,0,1
20261009T070514944Z_77c9c559d22641f7a79c45cabc90cfed,,,1,1,TrialFinished,Visual,2026-10-09T07:11:28.7276943Z,373.776858,358.080130,16697,4,0,OperatingSource,0,0,1,40,Right,1,1,Correct,1,0.853724,1,0,1.000000,TaskSwitchPedal,0,0.500000,0.200000,,0.100000,5.000000,10.000000,-453003186,361.583217,360.710611,360.729493,372.904253,372.923135,0.018882,373.776858,0,0,4,0,OperatingSource,Move2,Move2.DestinationCoarseMove,Move2,Move2.DestinationCoarseMove,1,"{""pedalAxisName"":""TaskSwitchPedal"",""usePlusMinusKeys"":true,""positivePedalKey"":61,""negativePedalKey"":45,""invertPedalAxis"":false,""pressThreshold"":0.5,""releaseThreshold"":0.20000000298023225,""minimumIntervalSeconds"":5.0,""maximumIntervalSeconds"":10.0,""minimumValidReactionSeconds"":0.10000000149011612,""randomSeed"":-453003186}",,0,0.000000,0.853724,CorrectSidePress,1,0,0,1,Correct,1,0.853724,373.776858,0.853724,0.000000,1,0,PlusMinusKeys,0,1
20261009T070514944Z_77c9c559d22641f7a79c45cabc90cfed,,,1,1,TrialFinished,Visual,2026-10-09T07:11:38.5650063Z,383.615487,367.919590,17065,5,1,OperatingTarget,0,0,1,41,Left,-1,-1,Correct,1,1.442286,1,0,-1.000000,TaskSwitchPedal,0,0.500000,0.200000,,0.100000,5.000000,10.000000,-453003186,371.421845,369.977659,369.979560,382.171300,382.173201,0.001901,383.615487,0,0,5,1,OperatingTarget,Move1,Move1.PickupCoarseMove,Move1,Move1.PickupCoarseMove,1,"{""pedalAxisName"":""TaskSwitchPedal"",""usePlusMinusKeys"":true,""positivePedalKey"":61,""negativePedalKey"":45,""invertPedalAxis"":false,""pressThreshold"":0.5,""releaseThreshold"":0.20000000298023225,""minimumIntervalSeconds"":5.0,""maximumIntervalSeconds"":10.0,""minimumValidReactionSeconds"":0.10000000149011612,""randomSeed"":-453003186}",,0,0.000000,1.442285,CorrectSidePress,1,0,0,-1,Correct,1,1.442286,383.615487,1.442285,0.000000,0,1,PlusMinusKeys,0,1
20261009T070514944Z_77c9c559d22641f7a79c45cabc90cfed,,,1,1,TrialFinished,Visual,2026-10-09T07:11:48.8507230Z,393.902127,378.206329,17544,5,1,OperatingTarget,0,0,1,42,Left,-1,-1,Correct,1,1.184140,1,0,-1.000000,TaskSwitchPedal,0,0.500000,0.200000,,0.100000,5.000000,10.000000,-453003186,381.708485,380.513017,380.524345,392.706659,392.717986,0.011328,393.902127,0,0,5,1,OperatingTarget,Move1,Move1.PickupCoarseMove,Move1,Move1.PickupCoarseMove,1,"{""pedalAxisName"":""TaskSwitchPedal"",""usePlusMinusKeys"":true,""positivePedalKey"":61,""negativePedalKey"":45,""invertPedalAxis"":false,""pressThreshold"":0.5,""releaseThreshold"":0.20000000298023225,""minimumIntervalSeconds"":5.0,""maximumIntervalSeconds"":10.0,""minimumValidReactionSeconds"":0.10000000149011612,""randomSeed"":-453003186}",,0,0.000000,1.184141,CorrectSidePress,1,0,0,-1,Correct,1,1.184140,393.902127,1.184141,0.000000,0,1,PlusMinusKeys,0,1
20261009T070514944Z_77c9c559d22641f7a79c45cabc90cfed,,,1,1,TrialFinished,Visual,2026-10-09T07:12:00.5906305Z,405.640773,389.945428,18085,5,1,OperatingTarget,0,0,1,43,Right,1,1,Correct,1,2.237732,1,0,1.000000,TaskSwitchPedal,0,0.500000,0.200000,,0.100000,5.000000,10.000000,-453003186,393.447132,391.196124,391.209400,403.389765,403.403042,0.013277,405.640773,0,0,5,1,OperatingTarget,Move1,Move1.PickupFineAlign,LiftUp,LiftUp.PickupLowering,1,"{""pedalAxisName"":""TaskSwitchPedal"",""usePlusMinusKeys"":true,""positivePedalKey"":61,""negativePedalKey"":45,""invertPedalAxis"":false,""pressThreshold"":0.5,""releaseThreshold"":0.20000000298023225,""minimumIntervalSeconds"":5.0,""maximumIntervalSeconds"":10.0,""minimumValidReactionSeconds"":0.10000000149011612,""randomSeed"":-453003186}",,0,0.000000,2.237732,CorrectSidePress,1,0,0,1,Correct,1,2.237732,405.640773,2.237732,0.000000,1,0,PlusMinusKeys,0,1
20261009T070514944Z_77c9c559d22641f7a79c45cabc90cfed,,,1,1,TrialFinished,Visual,2026-10-09T07:12:09.5881696Z,414.638477,398.941696,18396,5,1,OperatingTarget,0,0,1,44,Right,1,1,Correct,1,1.130623,1,0,1.000000,TaskSwitchPedal,0,0.500000,0.200000,,0.100000,5.000000,10.000000,-453003186,402.444835,401.252274,401.314212,413.445915,413.507854,0.061939,414.638477,0,0,5,1,OperatingTarget,LiftUp,LiftUp.LoadAcquisition,LiftUp,LiftUp.LoadedRaising,1,"{""pedalAxisName"":""TaskSwitchPedal"",""usePlusMinusKeys"":true,""positivePedalKey"":61,""negativePedalKey"":45,""invertPedalAxis"":false,""pressThreshold"":0.5,""releaseThreshold"":0.20000000298023225,""minimumIntervalSeconds"":5.0,""maximumIntervalSeconds"":10.0,""minimumValidReactionSeconds"":0.10000000149011612,""randomSeed"":-453003186}",,0,0.000000,1.130623,CorrectSidePress,1,0,0,1,Correct,1,1.130623,414.638477,1.130623,0.000000,1,0,PlusMinusKeys,0,1
20261009T070514944Z_77c9c559d22641f7a79c45cabc90cfed,,,1,1,TrialFinished,Visual,2026-10-09T07:12:19.6519994Z,424.702973,409.007314,18756,5,0,OperatingSource,0,0,1,45,Right,1,1,Correct,1,0.883256,1,0,1.000000,TaskSwitchPedal,0,0.500000,0.200000,,0.100000,5.000000,10.000000,-453003186,412.509332,411.610110,411.626076,423.803751,423.819718,0.015966,424.702973,0,0,5,0,OperatingSource,Move2,Move2.DestinationCoarseMove,Move2,Move2.DestinationCoarseMove,1,"{""pedalAxisName"":""TaskSwitchPedal"",""usePlusMinusKeys"":true,""positivePedalKey"":61,""negativePedalKey"":45,""invertPedalAxis"":false,""pressThreshold"":0.5,""releaseThreshold"":0.20000000298023225,""minimumIntervalSeconds"":5.0,""maximumIntervalSeconds"":10.0,""minimumValidReactionSeconds"":0.10000000149011612,""randomSeed"":-453003186}",,0,0.000000,0.883255,CorrectSidePress,1,0,0,1,Correct,1,0.883256,424.702973,0.883255,0.000000,1,0,PlusMinusKeys,0,1
20261009T070514944Z_77c9c559d22641f7a79c45cabc90cfed,,,1,1,TrialFinished,Visual,2026-10-09T07:12:26.0536559Z,431.105046,415.408831,18973,5,0,OperatingSource,0,0,1,46,Right,1,1,Correct,1,0.956629,1,0,1.000000,TaskSwitchPedal,0,0.500000,0.200000,,0.100000,5.000000,10.000000,-453003186,418.911405,417.937758,417.954776,430.131399,430.148418,0.017018,431.105046,0,0,5,0,OperatingSource,Place,Place.PlacementLowering,Place,Place.PlacementLowering,1,"{""pedalAxisName"":""TaskSwitchPedal"",""usePlusMinusKeys"":true,""positivePedalKey"":61,""negativePedalKey"":45,""invertPedalAxis"":false,""pressThreshold"":0.5,""releaseThreshold"":0.20000000298023225,""minimumIntervalSeconds"":5.0,""maximumIntervalSeconds"":10.0,""minimumValidReactionSeconds"":0.10000000149011612,""randomSeed"":-453003186}",,0,0.000000,0.956629,CorrectSidePress,1,0,0,1,Correct,1,0.956629,431.105046,0.956629,0.000000,1,0,PlusMinusKeys,0,1
20261009T070514944Z_77c9c559d22641f7a79c45cabc90cfed,,,1,1,TrialFinished,Visual,2026-10-09T07:12:32.8184699Z,437.868675,422.172100,19186,5,0,OperatingSource,0,0,1,47,Left,-1,-1,Correct,1,0.860926,1,0,-1.000000,TaskSwitchPedal,0,0.500000,0.200000,,0.100000,5.000000,10.000000,-453003186,425.675034,424.791151,424.814108,436.984793,437.007750,0.022957,437.868675,0,0,5,0,OperatingSource,Place,Place.PlacementLowering,Place,Place.LoadRelease,1,"{""pedalAxisName"":""TaskSwitchPedal"",""usePlusMinusKeys"":true,""positivePedalKey"":61,""negativePedalKey"":45,""invertPedalAxis"":false,""pressThreshold"":0.5,""releaseThreshold"":0.20000000298023225,""minimumIntervalSeconds"":5.0,""maximumIntervalSeconds"":10.0,""minimumValidReactionSeconds"":0.10000000149011612,""randomSeed"":-453003186}",,0,0.000000,0.860926,CorrectSidePress,1,0,0,-1,Correct,1,0.860926,437.868675,0.860926,0.000000,0,1,PlusMinusKeys,0,1
20261009T070514944Z_77c9c559d22641f7a79c45cabc90cfed,,,1,1,TrialFinished,Visual,2026-10-09T07:12:39.0923421Z,444.143007,428.447491,19435,5,0,OperatingSource,0,0,1,48,Right,1,1,Correct,1,0.762635,1,0,1.000000,TaskSwitchPedal,0,0.500000,0.200000,,0.100000,5.000000,10.000000,-453003186,431.949365,431.169933,431.186730,443.363575,443.380372,0.016796,444.143007,0,0,5,0,OperatingSource,Place,Place.PostPlacementRaising,Place,Place.PostPlacementRaising,1,"{""pedalAxisName"":""TaskSwitchPedal"",""usePlusMinusKeys"":true,""positivePedalKey"":61,""negativePedalKey"":45,""invertPedalAxis"":false,""pressThreshold"":0.5,""releaseThreshold"":0.20000000298023225,""minimumIntervalSeconds"":5.0,""maximumIntervalSeconds"":10.0,""minimumValidReactionSeconds"":0.10000000149011612,""randomSeed"":-453003186}",,0,0.000000,0.762635,CorrectSidePress,1,0,0,1,Correct,1,0.762635,444.143007,0.762635,0.000000,1,0,PlusMinusKeys,0,1
20261009T070514944Z_77c9c559d22641f7a79c45cabc90cfed,,,1,1,TrialFinished,Visual,2026-10-09T07:12:48.7111610Z,453.763400,438.067783,19893,5,0,OperatingSource,0,0,1,49,Right,1,1,Correct,1,0.795013,1,0,1.000000,TaskSwitchPedal,0,0.500000,0.200000,,0.100000,5.000000,10.000000,-453003186,441.569759,440.764009,440.774746,452.957650,452.968387,0.010737,453.763400,0,0,5,0,OperatingSource,Move1,Move1.PickupCoarseMove,Move1,Move1.PickupCoarseMove,1,"{""pedalAxisName"":""TaskSwitchPedal"",""usePlusMinusKeys"":true,""positivePedalKey"":61,""negativePedalKey"":45,""invertPedalAxis"":false,""pressThreshold"":0.5,""releaseThreshold"":0.20000000298023225,""minimumIntervalSeconds"":5.0,""maximumIntervalSeconds"":10.0,""minimumValidReactionSeconds"":0.10000000149011612,""randomSeed"":-453003186}",,0,0.000000,0.795013,CorrectSidePress,1,0,0,1,Correct,1,0.795013,453.763400,0.795013,0.000000,1,0,PlusMinusKeys,0,1
20261009T070514944Z_77c9c559d22641f7a79c45cabc90cfed,,,1,1,TrialFinished,Visual,2026-10-09T07:12:55.2672883Z,460.317783,444.622268,20191,5,0,OperatingSource,0,0,1,50,Right,1,1,Correct,1,0.809444,1,0,1.000000,TaskSwitchPedal,0,0.500000,0.200000,,0.100000,5.000000,10.000000,-453003186,448.124141,447.306536,447.314697,459.500178,459.508338,0.008160,460.317783,0,0,5,0,OperatingSource,Move1,Move1.PickupCoarseMove,Move1,Move1.PickupCoarseMove,1,"{""pedalAxisName"":""TaskSwitchPedal"",""usePlusMinusKeys"":true,""positivePedalKey"":61,""negativePedalKey"":45,""invertPedalAxis"":false,""pressThreshold"":0.5,""releaseThreshold"":0.20000000298023225,""minimumIntervalSeconds"":5.0,""maximumIntervalSeconds"":10.0,""minimumValidReactionSeconds"":0.10000000149011612,""randomSeed"":-453003186}",,0,0.000000,0.809444,CorrectSidePress,1,0,0,1,Correct,1,0.809444,460.317783,0.809444,0.000000,1,0,PlusMinusKeys,0,1
20261009T070514944Z_77c9c559d22641f7a79c45cabc90cfed,,,1,1,TrialFinished,Visual,2026-10-09T07:13:03.1784024Z,468.229308,452.532846,20524,5,0,OperatingSource,0,0,1,51,Right,1,1,Correct,1,0.861232,1,0,1.000000,TaskSwitchPedal,0,0.500000,0.200000,,0.100000,5.000000,10.000000,-453003186,456.035667,455.168357,455.174435,467.361998,467.368076,0.006078,468.229308,0,0,5,0,OperatingSource,LiftUp,LiftUp.PickupLowering,LiftUp,LiftUp.PickupLowering,1,"{""pedalAxisName"":""TaskSwitchPedal"",""usePlusMinusKeys"":true,""positivePedalKey"":61,""negativePedalKey"":45,""invertPedalAxis"":false,""pressThreshold"":0.5,""releaseThreshold"":0.20000000298023225,""minimumIntervalSeconds"":5.0,""maximumIntervalSeconds"":10.0,""minimumValidReactionSeconds"":0.10000000149011612,""randomSeed"":-453003186}",,0,0.000000,0.861232,CorrectSidePress,1,0,0,1,Correct,1,0.861232,468.229308,0.861232,0.000000,1,0,PlusMinusKeys,0,1
20261009T070514944Z_77c9c559d22641f7a79c45cabc90cfed,,,1,1,TrialFinished,Visual,2026-10-09T07:13:11.1407332Z,476.191525,460.495792,20790,5,0,OperatingSource,0,0,1,52,Right,1,1,Correct,1,1.135081,1,0,1.000000,TaskSwitchPedal,0,0.500000,0.200000,,0.100000,5.000000,10.000000,-453003186,463.997883,462.838906,462.862803,475.032547,475.056444,0.023898,476.191525,0,0,5,0,OperatingSource,LiftUp,LiftUp.LoadAcquisition,LiftUp,LiftUp.LoadAcquisition,1,"{""pedalAxisName"":""TaskSwitchPedal"",""usePlusMinusKeys"":true,""positivePedalKey"":61,""negativePedalKey"":45,""invertPedalAxis"":false,""pressThreshold"":0.5,""releaseThreshold"":0.20000000298023225,""minimumIntervalSeconds"":5.0,""maximumIntervalSeconds"":10.0,""minimumValidReactionSeconds"":0.10000000149011612,""randomSeed"":-453003186}",,0,0.000000,1.135081,CorrectSidePress,1,0,0,1,Correct,1,1.135081,476.191525,1.135081,0.000000,1,0,PlusMinusKeys,0,1
20261009T070514944Z_77c9c559d22641f7a79c45cabc90cfed,,,1,1,TrialFinished,Visual,2026-10-09T07:13:21.3347311Z,486.386685,470.687471,21113,5,0,OperatingSource,0,0,1,53,Right,1,1,Correct,1,2.806776,1,0,1.000000,TaskSwitchPedal,0,0.500000,0.200000,,0.100000,5.000000,10.000000,-453003186,474.193043,471.382189,471.386267,483.575831,483.579909,0.004078,486.386685,0,0,5,0,OperatingSource,LiftUp,LiftUp.LoadAcquisition,LiftUp,LiftUp.LoadAcquisition,1,"{""pedalAxisName"":""TaskSwitchPedal"",""usePlusMinusKeys"":true,""positivePedalKey"":61,""negativePedalKey"":45,""invertPedalAxis"":false,""pressThreshold"":0.5,""releaseThreshold"":0.20000000298023225,""minimumIntervalSeconds"":5.0,""maximumIntervalSeconds"":10.0,""minimumValidReactionSeconds"":0.10000000149011612,""randomSeed"":-453003186}",,0,0.000000,2.806776,CorrectSidePress,1,0,0,1,Correct,1,2.806776,486.386685,2.806776,0.000000,1,0,PlusMinusKeys,0,1
20261009T070514944Z_77c9c559d22641f7a79c45cabc90cfed,,,1,1,TrialFinished,Visual,2026-10-09T07:13:30.3238884Z,495.374892,479.677586,21395,5,0,OperatingSource,0,0,1,54,Left,-1,-1,Correct,1,0.866622,1,0,-1.000000,TaskSwitchPedal,0,0.500000,0.200000,,0.100000,5.000000,10.000000,-453003186,483.181250,482.313229,482.314628,494.506870,494.508269,0.001399,495.374892,0,0,5,0,OperatingSource,LiftUp,LiftUp.LoadedRaising,LiftUp,LiftUp.LoadedRaising,1,"{""pedalAxisName"":""TaskSwitchPedal"",""usePlusMinusKeys"":true,""positivePedalKey"":61,""negativePedalKey"":45,""invertPedalAxis"":false,""pressThreshold"":0.5,""releaseThreshold"":0.20000000298023225,""minimumIntervalSeconds"":5.0,""maximumIntervalSeconds"":10.0,""minimumValidReactionSeconds"":0.10000000149011612,""randomSeed"":-453003186}",,0,0.000000,0.866623,CorrectSidePress,1,0,0,-1,Correct,1,0.866622,495.374892,0.866623,0.000000,0,1,PlusMinusKeys,0,1
20261009T070514944Z_77c9c559d22641f7a79c45cabc90cfed,,,1,1,TrialFinished,Visual,2026-10-09T07:13:39.9003823Z,504.952935,489.254998,21704,5,0,OperatingSource,0,0,1,55,Right,1,1,Correct,1,0.784458,1,0,1.000000,TaskSwitchPedal,0,0.500000,0.200000,,0.100000,5.000000,10.000000,-453003186,492.759293,491.967655,491.974835,504.161296,504.168477,0.007181,504.952935,0,0,5,0,OperatingSource,Move2,Move2.DestinationCoarseMove,Move2,Move2.DestinationCoarseMove,1,"{""pedalAxisName"":""TaskSwitchPedal"",""usePlusMinusKeys"":true,""positivePedalKey"":61,""negativePedalKey"":45,""invertPedalAxis"":false,""pressThreshold"":0.5,""releaseThreshold"":0.20000000298023225,""minimumIntervalSeconds"":5.0,""maximumIntervalSeconds"":10.0,""minimumValidReactionSeconds"":0.10000000149011612,""randomSeed"":-453003186}",,0,0.000000,0.784458,CorrectSidePress,1,0,0,1,Correct,1,0.784458,504.952935,0.784458,0.000000,1,0,PlusMinusKeys,0,1
20261009T070514944Z_77c9c559d22641f7a79c45cabc90cfed,,,1,1,TrialFinished,Visual,2026-10-09T07:13:50.7446399Z,515.796687,500.099655,22043,5,0,OperatingSource,0,0,1,56,Left,-1,-1,Correct,1,0.846960,1,0,-1.000000,TaskSwitchPedal,0,0.500000,0.200000,,0.100000,5.000000,10.000000,-453003186,503.603045,502.746394,502.756085,514.940035,514.949727,0.009691,515.796687,0,0,5,0,OperatingSource,Move2,Move2.DestinationFineAlign,Move2,,1,"{""pedalAxisName"":""TaskSwitchPedal"",""usePlusMinusKeys"":true,""positivePedalKey"":61,""negativePedalKey"":45,""invertPedalAxis"":false,""pressThreshold"":0.5,""releaseThreshold"":0.20000000298023225,""minimumIntervalSeconds"":5.0,""maximumIntervalSeconds"":10.0,""minimumValidReactionSeconds"":0.10000000149011612,""randomSeed"":-453003186}",,0,0.000000,0.846960,CorrectSidePress,1,0,0,-1,Correct,1,0.846960,515.796687,0.846960,0.000000,0,1,PlusMinusKeys,0,1
20261009T070514944Z_77c9c559d22641f7a79c45cabc90cfed,,,1,1,TrialFinished,Visual,2026-10-09T07:13:58.3850246Z,523.436508,507.739904,22262,6,0,CountingDown,0,0,1,57,Left,-1,-1,Correct,1,1.577113,1,0,-1.000000,TaskSwitchPedal,0,0.500000,0.200000,,0.100000,5.000000,10.000000,-453003186,511.242866,509.582339,509.665753,521.775981,521.859394,0.083413,523.436508,0,0,6,0,CountingDown,Place,Place.PlacementLowering,Place,Place.LoadRelease,1,"{""pedalAxisName"":""TaskSwitchPedal"",""usePlusMinusKeys"":true,""positivePedalKey"":61,""negativePedalKey"":45,""invertPedalAxis"":false,""pressThreshold"":0.5,""releaseThreshold"":0.20000000298023225,""minimumIntervalSeconds"":5.0,""maximumIntervalSeconds"":10.0,""minimumValidReactionSeconds"":0.10000000149011612,""randomSeed"":-453003186}",,0,0.000000,1.577113,CorrectSidePress,1,0,0,-1,Correct,1,1.577113,523.436508,1.577113,0.000000,0,1,PlusMinusKeys,0,1
20261009T070514944Z_77c9c559d22641f7a79c45cabc90cfed,,,1,1,TrialFinished,Visual,2026-10-09T07:14:07.3286207Z,532.380387,516.684551,22594,6,1,OperatingTarget,0,0,1,58,Left,-1,-1,Correct,1,0.798725,1,0,-1.000000,TaskSwitchPedal,0,0.500000,0.200000,,0.100000,5.000000,10.000000,-453003186,520.186745,519.377935,519.388020,531.571576,531.581662,0.010086,532.380387,0,0,6,1,OperatingTarget,Move2,Move2.DestinationCoarseMove,Move2,Move2.DestinationCoarseMove,1,"{""pedalAxisName"":""TaskSwitchPedal"",""usePlusMinusKeys"":true,""positivePedalKey"":61,""negativePedalKey"":45,""invertPedalAxis"":false,""pressThreshold"":0.5,""releaseThreshold"":0.20000000298023225,""minimumIntervalSeconds"":5.0,""maximumIntervalSeconds"":10.0,""minimumValidReactionSeconds"":0.10000000149011612,""randomSeed"":-453003186}",,0,0.000000,0.798725,CorrectSidePress,1,0,0,-1,Correct,1,0.798725,532.380387,0.798725,0.000000,0,1,PlusMinusKeys,0,1
20261009T070514944Z_77c9c559d22641f7a79c45cabc90cfed,,,1,1,TrialFinished,Visual,2026-10-09T07:14:13.5729029Z,538.625206,522.928077,22780,6,1,OperatingTarget,0,0,1,59,Left,-1,-1,Correct,1,0.723156,1,0,-1.000000,TaskSwitchPedal,0,0.500000,0.200000,,0.100000,5.000000,10.000000,-453003186,526.431564,525.701292,525.708408,537.894934,537.902050,0.007116,538.625206,0,0,6,1,OperatingTarget,Place,Place.PlacementLowering,Place,Place.PlacementLowering,1,"{""pedalAxisName"":""TaskSwitchPedal"",""usePlusMinusKeys"":true,""positivePedalKey"":61,""negativePedalKey"":45,""invertPedalAxis"":false,""pressThreshold"":0.5,""releaseThreshold"":0.20000000298023225,""minimumIntervalSeconds"":5.0,""maximumIntervalSeconds"":10.0,""minimumValidReactionSeconds"":0.10000000149011612,""randomSeed"":-453003186}",,0,0.000000,0.723156,CorrectSidePress,1,0,0,-1,Correct,1,0.723156,538.625206,0.723156,0.000000,0,1,PlusMinusKeys,0,1
20261009T070514944Z_77c9c559d22641f7a79c45cabc90cfed,,,1,1,TrialFinished,Visual,2026-10-09T07:14:24.2649380Z,549.316912,533.621287,23144,6,1,OperatingTarget,0,0,1,60,Left,-1,-1,Correct,1,0.779804,1,0,-1.000000,TaskSwitchPedal,0,0.500000,0.200000,,0.100000,5.000000,10.000000,-453003186,537.123270,536.339985,536.343467,548.533626,548.537108,0.003482,549.316912,0,0,6,1,OperatingTarget,Place,Place.PostPlacementRaising,Place,Place.PostPlacementRaising,1,"{""pedalAxisName"":""TaskSwitchPedal"",""usePlusMinusKeys"":true,""positivePedalKey"":61,""negativePedalKey"":45,""invertPedalAxis"":false,""pressThreshold"":0.5,""releaseThreshold"":0.20000000298023225,""minimumIntervalSeconds"":5.0,""maximumIntervalSeconds"":10.0,""minimumValidReactionSeconds"":0.10000000149011612,""randomSeed"":-453003186}",,0,0.000000,0.779804,CorrectSidePress,1,0,0,-1,Correct,1,0.779804,549.316912,0.779804,0.000000,0,1,PlusMinusKeys,0,1
20261009T070514944Z_77c9c559d22641f7a79c45cabc90cfed,,,1,1,TrialFinished,Visual,2026-10-09T07:14:31.0582201Z,556.110118,540.414309,23461,6,0,OperatingSource,0,0,1,61,Right,1,1,Correct,1,1.654326,1,0,1.000000,TaskSwitchPedal,0,0.500000,0.200000,,0.100000,5.000000,10.000000,-453003186,543.916476,542.255610,542.262150,554.449252,554.455791,0.006540,556.110118,0,0,6,0,WaitingForSourceConfirmation,Place,Place.PostPlacementRaising,Place,Place.PostPlacementRaising,1,"{""pedalAxisName"":""TaskSwitchPedal"",""usePlusMinusKeys"":true,""positivePedalKey"":61,""negativePedalKey"":45,""invertPedalAxis"":false,""pressThreshold"":0.5,""releaseThreshold"":0.20000000298023225,""minimumIntervalSeconds"":5.0,""maximumIntervalSeconds"":10.0,""minimumValidReactionSeconds"":0.10000000149011612,""randomSeed"":-453003186}",,0,0.000000,1.654326,CorrectSidePress,1,0,0,1,Correct,1,1.654326,556.110118,1.654326,0.000000,1,0,PlusMinusKeys,0,1
20261009T070514944Z_77c9c559d22641f7a79c45cabc90cfed,,,1,1,TrialFinished,Visual,2026-10-09T07:14:38.8058362Z,563.858194,548.162794,23812,6,0,OperatingSource,0,0,1,62,Right,1,1,Correct,1,0.896765,1,0,1.000000,TaskSwitchPedal,0,0.500000,0.200000,,0.100000,5.000000,10.000000,-453003186,551.664553,550.753357,550.767787,562.946998,562.961429,0.014431,563.858194,0,0,6,0,OperatingSource,Move1,Move1.PickupCoarseMove,Move1,Move1.PickupCoarseMove,1,"{""pedalAxisName"":""TaskSwitchPedal"",""usePlusMinusKeys"":true,""positivePedalKey"":61,""negativePedalKey"":45,""invertPedalAxis"":false,""pressThreshold"":0.5,""releaseThreshold"":0.20000000298023225,""minimumIntervalSeconds"":5.0,""maximumIntervalSeconds"":10.0,""minimumValidReactionSeconds"":0.10000000149011612,""randomSeed"":-453003186}",,0,0.000000,0.896765,CorrectSidePress,1,0,0,1,Correct,1,0.896765,563.858194,0.896765,0.000000,1,0,PlusMinusKeys,0,1
20261009T070514944Z_77c9c559d22641f7a79c45cabc90cfed,,,1,1,TrialFinished,Visual,2026-10-09T07:14:49.3475464Z,574.400090,558.704631,24264,7,1,WaitingForConfirmation,1,0,1,63,Left,-1,-1,Correct,1,1.486582,1,0,-1.000000,TaskSwitchPedal,0,0.500000,0.200000,,0.100000,5.000000,10.000000,-453003186,562.206448,560.712145,560.719866,572.905787,572.913508,0.007721,574.400090,0,0,7,0,CountingDown,Move1,Move1.PickupCoarseMove,Place,,1,"{""pedalAxisName"":""TaskSwitchPedal"",""usePlusMinusKeys"":true,""positivePedalKey"":61,""negativePedalKey"":45,""invertPedalAxis"":false,""pressThreshold"":0.5,""releaseThreshold"":0.20000000298023225,""minimumIntervalSeconds"":5.0,""maximumIntervalSeconds"":10.0,""minimumValidReactionSeconds"":0.10000000149011612,""randomSeed"":-453003186}",,0,0.000000,1.486582,CorrectSidePress,1,0,0,-1,Correct,1,1.486582,574.400090,1.486582,0.000000,0,1,PlusMinusKeys,0,1
20261009T070514944Z_77c9c559d22641f7a79c45cabc90cfed,,,1,1,TrialFinished,Visual,2026-10-09T07:14:58.1916622Z,583.244208,567.548467,24667,7,1,OperatingTarget,0,0,1,64,Left,-1,-1,Correct,1,1.056271,1,0,-1.000000,TaskSwitchPedal,0,0.500000,0.200000,,0.100000,5.000000,10.000000,-453003186,571.050566,569.992375,569.994296,582.186016,582.187937,0.001921,583.244208,0,0,7,1,OperatingTarget,Move1,Move1.PickupCoarseMove,Move1,Move1.PickupCoarseMove,1,"{""pedalAxisName"":""TaskSwitchPedal"",""usePlusMinusKeys"":true,""positivePedalKey"":61,""negativePedalKey"":45,""invertPedalAxis"":false,""pressThreshold"":0.5,""releaseThreshold"":0.20000000298023225,""minimumIntervalSeconds"":5.0,""maximumIntervalSeconds"":10.0,""minimumValidReactionSeconds"":0.10000000149011612,""randomSeed"":-453003186}",,0,0.000000,1.056270,CorrectSidePress,1,0,0,-1,Correct,1,1.056271,583.244208,1.056270,0.000000,0,1,PlusMinusKeys,0,1
20261009T070514944Z_77c9c559d22641f7a79c45cabc90cfed,,,1,1,TrialFinished,Visual,2026-10-09T07:15:05.5208067Z,590.573242,574.877006,24986,7,1,OperatingTarget,0,0,1,65,Left,-1,-1,Correct,1,1.028705,1,0,-1.000000,TaskSwitchPedal,0,0.500000,0.200000,,0.100000,5.000000,10.000000,-453003186,578.379600,577.342832,577.350895,589.536473,589.544537,0.008064,590.573242,0,0,7,1,OperatingTarget,Move1,Move1.PickupFineAlign,Move1,Move1.PickupFineAlign,1,"{""pedalAxisName"":""TaskSwitchPedal"",""usePlusMinusKeys"":true,""positivePedalKey"":61,""negativePedalKey"":45,""invertPedalAxis"":false,""pressThreshold"":0.5,""releaseThreshold"":0.20000000298023225,""minimumIntervalSeconds"":5.0,""maximumIntervalSeconds"":10.0,""minimumValidReactionSeconds"":0.10000000149011612,""randomSeed"":-453003186}",,0,0.000000,1.028705,CorrectSidePress,1,0,0,-1,Correct,1,1.028705,590.573242,1.028705,0.000000,0,1,PlusMinusKeys,0,1
20261009T070514944Z_77c9c559d22641f7a79c45cabc90cfed,,,1,1,TrialFinished,Visual,2026-10-09T07:15:15.8583005Z,600.911136,585.215327,25343,7,1,OperatingTarget,0,0,1,66,Left,-1,-1,Correct,1,0.846742,1,0,-1.000000,TaskSwitchPedal,0,0.500000,0.200000,,0.100000,5.000000,10.000000,-453003186,588.717494,587.865666,587.870752,600.059307,600.064394,0.005087,600.911136,0,0,7,1,OperatingTarget,LiftUp,LiftUp.LoadAcquisition,LiftUp,LiftUp.LoadAcquisition,1,"{""pedalAxisName"":""TaskSwitchPedal"",""usePlusMinusKeys"":true,""positivePedalKey"":61,""negativePedalKey"":45,""invertPedalAxis"":false,""pressThreshold"":0.5,""releaseThreshold"":0.20000000298023225,""minimumIntervalSeconds"":5.0,""maximumIntervalSeconds"":10.0,""minimumValidReactionSeconds"":0.10000000149011612,""randomSeed"":-453003186}",,0,0.000000,0.846742,CorrectSidePress,1,0,0,-1,Correct,1,0.846742,600.911136,0.846742,0.000000,0,1,PlusMinusKeys,0,1
20261009T070514944Z_77c9c559d22641f7a79c45cabc90cfed,,,1,1,TrialFinished,Visual,2026-10-09T07:15:25.8290845Z,610.881834,595.184880,25652,7,0,WaitingForSourceConfirmation,1,0,1,67,Right,1,1,Correct,1,0.751505,1,0,1.000000,TaskSwitchPedal,0,0.500000,0.200000,,0.100000,5.000000,10.000000,-453003186,598.688192,597.919857,597.936687,610.113499,610.130329,0.016830,610.881834,0,0,7,1,OperatingTarget,LiftUp,LiftUp.LoadedRaising,Move1,Move1.PickupCoarseMove,1,"{""pedalAxisName"":""TaskSwitchPedal"",""usePlusMinusKeys"":true,""positivePedalKey"":61,""negativePedalKey"":45,""invertPedalAxis"":false,""pressThreshold"":0.5,""releaseThreshold"":0.20000000298023225,""minimumIntervalSeconds"":5.0,""maximumIntervalSeconds"":10.0,""minimumValidReactionSeconds"":0.10000000149011612,""randomSeed"":-453003186}",,0,0.000000,0.751505,CorrectSidePress,1,0,0,1,Correct,1,0.751505,610.881834,0.751505,0.000000,1,0,PlusMinusKeys,0,1
20261009T070514944Z_77c9c559d22641f7a79c45cabc90cfed,,,1,1,TrialFinished,Visual,2026-10-09T07:15:32.3185031Z,617.371334,601.674885,25947,7,0,OperatingSource,0,0,1,68,Left,-1,-1,Correct,1,0.956831,1,0,-1.000000,TaskSwitchPedal,0,0.500000,0.200000,,0.100000,5.000000,10.000000,-453003186,605.177692,604.213507,604.220862,616.407148,616.414503,0.007355,617.371334,0,0,7,0,OperatingSource,Move1,Move1.PickupCoarseMove,Move1,Move1.PickupCoarseMove,1,"{""pedalAxisName"":""TaskSwitchPedal"",""usePlusMinusKeys"":true,""positivePedalKey"":61,""negativePedalKey"":45,""invertPedalAxis"":false,""pressThreshold"":0.5,""releaseThreshold"":0.20000000298023225,""minimumIntervalSeconds"":5.0,""maximumIntervalSeconds"":10.0,""minimumValidReactionSeconds"":0.10000000149011612,""randomSeed"":-453003186}",,0,0.000000,0.956830,CorrectSidePress,1,0,0,-1,Correct,1,0.956831,617.371334,0.956830,0.000000,0,1,PlusMinusKeys,0,1
20261009T070514944Z_77c9c559d22641f7a79c45cabc90cfed,,,1,1,TrialFinished,Visual,2026-10-09T07:15:41.3897020Z,626.443450,610.747749,26353,7,0,OperatingSource,0,0,1,69,Left,-1,-1,Correct,1,0.818343,1,0,-1.000000,TaskSwitchPedal,0,0.500000,0.200000,,0.100000,5.000000,10.000000,-453003186,614.249808,613.410276,613.431465,625.603918,625.625106,0.021189,626.443450,0,0,7,0,OperatingSource,Move1,Move1.PickupCoarseMove,Move1,Move1.PickupFineAlign,1,"{""pedalAxisName"":""TaskSwitchPedal"",""usePlusMinusKeys"":true,""positivePedalKey"":61,""negativePedalKey"":45,""invertPedalAxis"":false,""pressThreshold"":0.5,""releaseThreshold"":0.20000000298023225,""minimumIntervalSeconds"":5.0,""maximumIntervalSeconds"":10.0,""minimumValidReactionSeconds"":0.10000000149011612,""randomSeed"":-453003186}",,0,0.000000,0.818344,CorrectSidePress,1,0,0,-1,Correct,1,0.818343,626.443450,0.818344,0.000000,0,1,PlusMinusKeys,0,1
20261009T070514944Z_77c9c559d22641f7a79c45cabc90cfed,,,1,1,TrialFinished,Visual,2026-10-09T07:15:51.9024452Z,636.955589,621.256465,26702,8,0,CountingDown,0,0,1,70,Right,1,1,Correct,1,1.171585,1,0,1.000000,TaskSwitchPedal,0,0.500000,0.200000,,0.100000,5.000000,10.000000,-453003186,624.761947,623.584171,623.590362,635.777812,635.784003,0.006191,636.955589,0,0,8,0,CountingDown,LiftUp,LiftUp.LoadAcquisition,LiftUp,LiftUp.LoadAcquisition,1,"{""pedalAxisName"":""TaskSwitchPedal"",""usePlusMinusKeys"":true,""positivePedalKey"":61,""negativePedalKey"":45,""invertPedalAxis"":false,""pressThreshold"":0.5,""releaseThreshold"":0.20000000298023225,""minimumIntervalSeconds"":5.0,""maximumIntervalSeconds"":10.0,""minimumValidReactionSeconds"":0.10000000149011612,""randomSeed"":-453003186}",,0,0.000000,1.171586,CorrectSidePress,1,0,0,1,Correct,1,1.171585,636.955589,1.171586,0.000000,1,0,PlusMinusKeys,0,1
20261009T070514944Z_77c9c559d22641f7a79c45cabc90cfed,,,1,1,TrialFinished,Visual,2026-10-09T07:15:59.6641785Z,644.717800,629.019347,26983,8,1,OperatingTarget,0,0,1,71,Left,-1,-1,Correct,1,1.039981,1,0,-1.000000,TaskSwitchPedal,0,0.500000,0.200000,,0.100000,5.000000,10.000000,-453003186,632.524158,631.465970,631.484178,643.659612,643.677819,0.018207,644.717800,0,0,8,1,OperatingTarget,Move2,Move2.DestinationCoarseMove,Move2,Move2.DestinationCoarseMove,1,"{""pedalAxisName"":""TaskSwitchPedal"",""usePlusMinusKeys"":true,""positivePedalKey"":61,""negativePedalKey"":45,""invertPedalAxis"":false,""pressThreshold"":0.5,""releaseThreshold"":0.20000000298023225,""minimumIntervalSeconds"":5.0,""maximumIntervalSeconds"":10.0,""minimumValidReactionSeconds"":0.10000000149011612,""randomSeed"":-453003186}",,0,0.000000,1.039981,CorrectSidePress,1,0,0,-1,Correct,1,1.039981,644.717800,1.039981,0.000000,0,1,PlusMinusKeys,0,1
20261009T070514944Z_77c9c559d22641f7a79c45cabc90cfed,,,1,1,TrialFinished,Visual,2026-10-09T07:16:09.7726731Z,654.826545,639.129228,27285,8,1,OperatingTarget,0,0,1,72,Left,-1,-1,Correct,1,1.036473,1,0,-1.000000,TaskSwitchPedal,0,0.500000,0.200000,,0.100000,5.000000,10.000000,-453003186,642.632903,641.532135,641.596431,653.725777,653.790072,0.064295,654.826545,0,0,8,1,OperatingTarget,Move2,Move2.DestinationFineAlign,Move2,Move2.DestinationFineAlign,1,"{""pedalAxisName"":""TaskSwitchPedal"",""usePlusMinusKeys"":true,""positivePedalKey"":61,""negativePedalKey"":45,""invertPedalAxis"":false,""pressThreshold"":0.5,""releaseThreshold"":0.20000000298023225,""minimumIntervalSeconds"":5.0,""maximumIntervalSeconds"":10.0,""minimumValidReactionSeconds"":0.10000000149011612,""randomSeed"":-453003186}",,0,0.000000,1.036473,CorrectSidePress,1,0,0,-1,Correct,1,1.036473,654.826545,1.036473,0.000000,0,1,PlusMinusKeys,0,1
20261009T070514944Z_77c9c559d22641f7a79c45cabc90cfed,,,1,1,TrialFinished,Visual,2026-10-09T07:16:19.1362924Z,664.190649,648.492842,27556,8,1,OperatingTarget,0,0,1,73,Right,1,1,Correct,1,1.363977,1,0,1.000000,TaskSwitchPedal,0,0.500000,0.200000,,0.100000,5.000000,10.000000,-453003186,651.997007,650.565344,650.633030,662.758986,662.826672,0.067686,664.190649,0,0,8,1,OperatingTarget,Place,Place.PlacementLowering,Place,Place.LoadRelease,1,"{""pedalAxisName"":""TaskSwitchPedal"",""usePlusMinusKeys"":true,""positivePedalKey"":61,""negativePedalKey"":45,""invertPedalAxis"":false,""pressThreshold"":0.5,""releaseThreshold"":0.20000000298023225,""minimumIntervalSeconds"":5.0,""maximumIntervalSeconds"":10.0,""minimumValidReactionSeconds"":0.10000000149011612,""randomSeed"":-453003186}",,0,0.000000,1.363977,CorrectSidePress,1,0,0,1,Correct,1,1.363977,664.190649,1.363977,0.000000,1,0,PlusMinusKeys,0,1
20261009T070514944Z_77c9c559d22641f7a79c45cabc90cfed,,,1,1,TrialFinished,Visual,2026-10-09T07:16:28.1447328Z,673.199265,657.503171,27910,8,1,OperatingTarget,0,0,1,74,Right,1,1,Correct,1,0.987091,1,0,1.000000,TaskSwitchPedal,0,0.500000,0.200000,,0.100000,5.000000,10.000000,-453003186,661.005623,660.012428,660.018532,672.206069,672.212173,0.006104,673.199265,0,0,8,1,OperatingTarget,Place,Place.PostPlacementRaising,Place,Place.PostPlacementRaising,1,"{""pedalAxisName"":""TaskSwitchPedal"",""usePlusMinusKeys"":true,""positivePedalKey"":61,""negativePedalKey"":45,""invertPedalAxis"":false,""pressThreshold"":0.5,""releaseThreshold"":0.20000000298023225,""minimumIntervalSeconds"":5.0,""maximumIntervalSeconds"":10.0,""minimumValidReactionSeconds"":0.10000000149011612,""randomSeed"":-453003186}",,0,0.000000,0.987091,CorrectSidePress,1,0,0,1,Correct,1,0.987091,673.199265,0.987091,0.000000,1,0,PlusMinusKeys,0,1
20261009T070514944Z_77c9c559d22641f7a79c45cabc90cfed,,,1,1,TrialFinished,Visual,2026-10-09T07:16:38.1006873Z,683.154649,667.457612,28250,8,0,OperatingSource,0,0,1,75,Right,1,1,Correct,1,1.056101,1,0,1.000000,TaskSwitchPedal,0,0.500000,0.200000,,0.100000,5.000000,10.000000,-453003186,670.961008,669.886199,669.904907,682.079840,682.098549,0.018708,683.154649,0,0,8,0,OperatingSource,LiftUp,LiftUp.LoadedRaising,LiftUp,LiftUp.LoadedRaising,1,"{""pedalAxisName"":""TaskSwitchPedal"",""usePlusMinusKeys"":true,""positivePedalKey"":61,""negativePedalKey"":45,""invertPedalAxis"":false,""pressThreshold"":0.5,""releaseThreshold"":0.20000000298023225,""minimumIntervalSeconds"":5.0,""maximumIntervalSeconds"":10.0,""minimumValidReactionSeconds"":0.10000000149011612,""randomSeed"":-453003186}",,0,0.000000,1.056101,CorrectSidePress,1,0,0,1,Correct,1,1.056101,683.154649,1.056101,0.000000,1,0,PlusMinusKeys,0,1
20261009T070514944Z_77c9c559d22641f7a79c45cabc90cfed,,,1,1,TrialFinished,Visual,2026-10-09T07:16:47.7162990Z,692.771233,677.074920,28523,8,0,OperatingSource,0,0,1,76,Right,1,1,Correct,1,1.068167,1,0,1.000000,TaskSwitchPedal,0,0.500000,0.200000,,0.100000,5.000000,10.000000,-453003186,680.577592,679.501833,679.509425,691.695474,691.703066,0.007592,692.771233,0,0,8,0,OperatingSource,Move2,Move2.DestinationCoarseMove,Move2,Move2.DestinationCoarseMove,1,"{""pedalAxisName"":""TaskSwitchPedal"",""usePlusMinusKeys"":true,""positivePedalKey"":61,""negativePedalKey"":45,""invertPedalAxis"":false,""pressThreshold"":0.5,""releaseThreshold"":0.20000000298023225,""minimumIntervalSeconds"":5.0,""maximumIntervalSeconds"":10.0,""minimumValidReactionSeconds"":0.10000000149011612,""randomSeed"":-453003186}",,0,0.000000,1.068167,CorrectSidePress,1,0,0,1,Correct,1,1.068167,692.771233,1.068167,0.000000,1,0,PlusMinusKeys,0,1
20261009T070514944Z_77c9c559d22641f7a79c45cabc90cfed,,,1,1,TrialFinished,Visual,2026-10-09T07:16:56.7360803Z,701.791317,686.094823,28787,8,0,OperatingSource,0,0,1,77,Left,-1,-1,Correct,1,1.013538,1,0,-1.000000,TaskSwitchPedal,0,0.500000,0.200000,,0.100000,5.000000,10.000000,-453003186,689.597675,688.571190,688.584137,700.764832,700.777778,0.012947,701.791317,0,0,8,0,OperatingSource,Move2,Move2.DestinationCoarseMove,Move2,Move2.DestinationCoarseMove,1,"{""pedalAxisName"":""TaskSwitchPedal"",""usePlusMinusKeys"":true,""positivePedalKey"":61,""negativePedalKey"":45,""invertPedalAxis"":false,""pressThreshold"":0.5,""releaseThreshold"":0.20000000298023225,""minimumIntervalSeconds"":5.0,""maximumIntervalSeconds"":10.0,""minimumValidReactionSeconds"":0.10000000149011612,""randomSeed"":-453003186}",,0,0.000000,1.013538,CorrectSidePress,1,0,0,-1,Correct,1,1.013538,701.791317,1.013538,0.000000,0,1,PlusMinusKeys,0,1
20261009T070514944Z_77c9c559d22641f7a79c45cabc90cfed,,,1,1,TrialFinished,Visual,2026-10-09T07:17:07.1097303Z,712.165226,696.469014,29096,8,0,OperatingSource,0,0,1,78,Right,1,1,Correct,1,0.772541,1,0,1.000000,TaskSwitchPedal,0,0.500000,0.200000,,0.100000,5.000000,10.000000,-453003186,699.971585,699.191576,699.199043,711.385217,711.392685,0.007468,712.165226,0,0,8,0,OperatingSource,Place,Place.PostPlacementRaising,Place,Place.PostPlacementRaising,1,"{""pedalAxisName"":""TaskSwitchPedal"",""usePlusMinusKeys"":true,""positivePedalKey"":61,""negativePedalKey"":45,""invertPedalAxis"":false,""pressThreshold"":0.5,""releaseThreshold"":0.20000000298023225,""minimumIntervalSeconds"":5.0,""maximumIntervalSeconds"":10.0,""minimumValidReactionSeconds"":0.10000000149011612,""randomSeed"":-453003186}",,0,0.000000,0.772542,CorrectSidePress,1,0,0,1,Correct,1,0.772541,712.165226,0.772542,0.000000,1,0,PlusMinusKeys,0,1
20261009T070514944Z_77c9c559d22641f7a79c45cabc90cfed,,,1,1,TrialFinished,Visual,2026-10-09T07:17:08.7729277Z,713.828823,698.130972,29173,8,0,OperatingSource,0,0,1,79,Right,1,,CancelledBeforeOnset,,,0,0,0.000000,TaskSwitchPedal,0,0.500000,0.200000,,0.100000,5.000000,10.000000,-453003186,701.635166,705.977987,,718.171629,,,,0,0,,,,,,Place,,1,"{""pedalAxisName"":""TaskSwitchPedal"",""usePlusMinusKeys"":true,""positivePedalKey"":61,""negativePedalKey"":45,""invertPedalAxis"":false,""pressThreshold"":0.5,""releaseThreshold"":0.20000000298023225,""minimumIntervalSeconds"":5.0,""maximumIntervalSeconds"":10.0,""minimumValidReactionSeconds"":0.10000000149011612,""randomSeed"":-453003186}",ExperimentCompleted,0,0.000000,,CorrectSidePress,0,0,0,,,,,,,0.000000,0,0,Axis,0,1
