session_id,participant_id,block_id,experiment_run_index,activation_index,event_type,utc_timestamp,real_elapsed_s,simulation_elapsed_s,frame,switch_index,active_crane_index,state,input_locked,global_paused,operation_enabled,trial_index,tone,frequency_hz,expected_sign,response_sign,outcome,correct,reaction_time_s,presented,held_at_onset,raw_pedal,pedal_axis,invert_axis,high_uses_positive,press_threshold,release_threshold,response_timeout_s,minimum_valid_reaction_s,tone_duration_s,volume,random_seed,dsp_time_s,scheduled_onset_dsp_s,onset_estimated_real_s,onset_observed_real_s,onset_observation_lag_s,response_observed_real_s,onset_switch_index,onset_crane_index,onset_state,onset_phase,onset_step,current_phase,current_step,app_focused,configuration_json,detail,pause_count,paused_duration_s,wall_reaction_time_s
20261007T102252334Z_a2ac4ef9bb5b432c8b5db52d721e2425,,,1,1,SubtaskStarted,2026-10-07T10:22:54.6305840Z,2.281418,0.151679,198,0,0,OperatingSource,0,0,1,,,,,,,,,0,0,0.000000,TaskSwitchPedal,0,1,0.500000,0.200000,2.000000,0.100000,0.200000,0.200000,-1331305820,5016.618667,,,,,,,,,,,Move1,Move1.PickupCoarseMove,1,"{""pedalAxisName"":""TaskSwitchPedal"",""invertPedalAxis"":false,""highToneUsesPositivePedal"":true,""pressThreshold"":0.5,""releaseThreshold"":0.20000000298023225,""lowToneHz"":500.0,""highToneHz"":1000.0,""toneDurationSeconds"":0.20000000298023225,""volume"":0.20000000298023225,""minimumIntervalSeconds"":3.0,""maximumIntervalSeconds"":5.0,""responseTimeoutSeconds"":2.0,""minimumValidReactionSeconds"":0.10000000149011612,""randomSeed"":-1331305820}","{""pedalAxisName"":""TaskSwitchPedal"",""invertPedalAxis"":false,""highToneUsesPositivePedal"":true,""pressThreshold"":0.5,""releaseThreshold"":0.20000000298023225,""lowToneHz"":500.0,""highToneHz"":1000.0,""toneDurationSeconds"":0.20000000298023225,""volume"":0.20000000298023225,""minimumIntervalSeconds"":3.0,""maximumIntervalSeconds"":5.0,""responseTimeoutSeconds"":2.0,""minimumValidReactionSeconds"":0.10000000149011612,""randomSeed"":-1331305820}",0,0.000000,
20261007T102252334Z_a2ac4ef9bb5b432c8b5db52d721e2425,,,1,1,StimulusScheduled,2026-10-07T10:22:54.6346054Z,2.285509,0.151679,198,0,0,OperatingSource,0,0,1,1,Low,500.000000,-1,,,,,0,0,0.000000,TaskSwitchPedal,0,1,0.500000,0.200000,2.000000,0.100000,0.200000,0.200000,-1331305820,5016.618667,5019.661796,5.328638,,,,,,,,,Move1,Move1.PickupCoarseMove,1,"{""pedalAxisName"":""TaskSwitchPedal"",""invertPedalAxis"":false,""highToneUsesPositivePedal"":true,""pressThreshold"":0.5,""releaseThreshold"":0.20000000298023225,""lowToneHz"":500.0,""highToneHz"":1000.0,""toneDurationSeconds"":0.20000000298023225,""volume"":0.20000000298023225,""minimumIntervalSeconds"":3.0,""maximumIntervalSeconds"":5.0,""responseTimeoutSeconds"":2.0,""minimumValidReactionSeconds"":0.10000000149011612,""randomSeed"":-1331305820}",,0,0.000000,
20261007T102252334Z_a2ac4ef9bb5b432c8b5db52d721e2425,,,1,1,StimulusOnsetObserved,2026-10-07T10:22:57.6556569Z,5.308663,3.306130,353,0,0,OperatingSource,0,0,1,1,Low,500.000000,-1,,,,,1,0,0.000000,TaskSwitchPedal,0,1,0.500000,0.200000,2.000000,0.100000,0.200000,0.200000,-1331305820,5019.669333,5019.661796,5.328638,5.308663,-0.019975,,0,0,OperatingSource,Move1,Move1.PickupCoarseMove,Move1,Move1.PickupCoarseMove,1,"{""pedalAxisName"":""TaskSwitchPedal"",""invertPedalAxis"":false,""highToneUsesPositivePedal"":true,""pressThreshold"":0.5,""releaseThreshold"":0.20000000298023225,""lowToneHz"":500.0,""highToneHz"":1000.0,""toneDurationSeconds"":0.20000000298023225,""volume"":0.20000000298023225,""minimumIntervalSeconds"":3.0,""maximumIntervalSeconds"":5.0,""responseTimeoutSeconds"":2.0,""minimumValidReactionSeconds"":0.10000000149011612,""randomSeed"":-1331305820}",,0,0.000000,
20261007T102252334Z_a2ac4ef9bb5b432c8b5db52d721e2425,,,1,1,TrialFinished,2026-10-07T10:22:59.6704593Z,7.322737,5.320873,477,0,0,OperatingSource,0,0,1,1,Low,500.000000,-1,,Miss,,,1,0,0.000000,TaskSwitchPedal,0,1,0.500000,0.200000,2.000000,0.100000,0.200000,0.200000,-1331305820,5021.674667,5019.661796,5.328638,5.308663,-0.019975,,0,0,OperatingSource,Move1,Move1.PickupCoarseMove,Move1,Move1.PickupCoarseMove,1,"{""pedalAxisName"":""TaskSwitchPedal"",""invertPedalAxis"":false,""highToneUsesPositivePedal"":true,""pressThreshold"":0.5,""releaseThreshold"":0.20000000298023225,""lowToneHz"":500.0,""highToneHz"":1000.0,""toneDurationSeconds"":0.20000000298023225,""volume"":0.20000000298023225,""minimumIntervalSeconds"":3.0,""maximumIntervalSeconds"":5.0,""responseTimeoutSeconds"":2.0,""minimumValidReactionSeconds"":0.10000000149011612,""randomSeed"":-1331305820}",,0,0.000000,
20261007T102252334Z_a2ac4ef9bb5b432c8b5db52d721e2425,,,1,1,StimulusScheduled,2026-10-07T10:22:59.6709671Z,7.323786,5.320873,477,0,0,OperatingSource,0,0,1,2,Low,500.000000,-1,,,,,0,0,0.000000,TaskSwitchPedal,0,1,0.500000,0.200000,2.000000,0.100000,0.200000,0.200000,-1331305820,5021.674667,5023.863661,9.512780,,,,,,,,,Move1,Move1.PickupCoarseMove,1,"{""pedalAxisName"":""TaskSwitchPedal"",""invertPedalAxis"":false,""highToneUsesPositivePedal"":true,""pressThreshold"":0.5,""releaseThreshold"":0.20000000298023225,""lowToneHz"":500.0,""highToneHz"":1000.0,""toneDurationSeconds"":0.20000000298023225,""volume"":0.20000000298023225,""minimumIntervalSeconds"":3.0,""maximumIntervalSeconds"":5.0,""responseTimeoutSeconds"":2.0,""minimumValidReactionSeconds"":0.10000000149011612,""randomSeed"":-1331305820}",,0,0.000000,
20261007T102252334Z_a2ac4ef9bb5b432c8b5db52d721e2425,,,1,1,StimulusOnsetObserved,2026-10-07T10:23:01.8763287Z,9.529461,7.527286,604,1,0,WaitingForPhaseBoundary,0,0,1,2,Low,500.000000,-1,,,,,1,0,0.000000,TaskSwitchPedal,0,1,0.500000,0.200000,2.000000,0.100000,0.200000,0.200000,-1331305820,5023.893333,5023.863661,9.512780,9.529461,0.016681,,1,0,WaitingForPhaseBoundary,Move1,Move1.PickupCoarseMove,Move1,Move1.PickupCoarseMove,1,"{""pedalAxisName"":""TaskSwitchPedal"",""invertPedalAxis"":false,""highToneUsesPositivePedal"":true,""pressThreshold"":0.5,""releaseThreshold"":0.20000000298023225,""lowToneHz"":500.0,""highToneHz"":1000.0,""toneDurationSeconds"":0.20000000298023225,""volume"":0.20000000298023225,""minimumIntervalSeconds"":3.0,""maximumIntervalSeconds"":5.0,""responseTimeoutSeconds"":2.0,""minimumValidReactionSeconds"":0.10000000149011612,""randomSeed"":-1331305820}",,0,0.000000,
20261007T102252334Z_a2ac4ef9bb5b432c8b5db52d721e2425,,,1,1,TrialFinished,2026-10-07T10:23:03.8832882Z,11.536656,9.534965,722,1,0,WaitingForPhaseBoundary,0,0,1,2,Low,500.000000,-1,,Miss,,,1,0,0.000000,TaskSwitchPedal,0,1,0.500000,0.200000,2.000000,0.100000,0.200000,0.200000,-1331305820,5025.877333,5023.863661,9.512780,9.529461,0.016681,,1,0,WaitingForPhaseBoundary,Move1,Move1.PickupCoarseMove,Move1,Move1.PickupCoarseMove,1,"{""pedalAxisName"":""TaskSwitchPedal"",""invertPedalAxis"":false,""highToneUsesPositivePedal"":true,""pressThreshold"":0.5,""releaseThreshold"":0.20000000298023225,""lowToneHz"":500.0,""highToneHz"":1000.0,""toneDurationSeconds"":0.20000000298023225,""volume"":0.20000000298023225,""minimumIntervalSeconds"":3.0,""maximumIntervalSeconds"":5.0,""responseTimeoutSeconds"":2.0,""minimumValidReactionSeconds"":0.10000000149011612,""randomSeed"":-1331305820}",,0,0.000000,
20261007T102252334Z_a2ac4ef9bb5b432c8b5db52d721e2425,,,1,1,StimulusScheduled,2026-10-07T10:23:03.8842980Z,11.536975,9.534965,722,1,0,WaitingForPhaseBoundary,0,0,1,3,High,1000.000000,1,,,,,0,0,0.000000,TaskSwitchPedal,0,1,0.500000,0.200000,2.000000,0.100000,0.200000,0.200000,-1331305820,5025.877333,5027.269224,12.928866,,,,,,,,,Move1,Move1.PickupCoarseMove,1,"{""pedalAxisName"":""TaskSwitchPedal"",""invertPedalAxis"":false,""highToneUsesPositivePedal"":true,""pressThreshold"":0.5,""releaseThreshold"":0.20000000298023225,""lowToneHz"":500.0,""highToneHz"":1000.0,""toneDurationSeconds"":0.20000000298023225,""volume"":0.20000000298023225,""minimumIntervalSeconds"":3.0,""maximumIntervalSeconds"":5.0,""responseTimeoutSeconds"":2.0,""minimumValidReactionSeconds"":0.10000000149011612,""randomSeed"":-1331305820}",,0,0.000000,
20261007T102252334Z_a2ac4ef9bb5b432c8b5db52d721e2425,,,1,1,StimulusOnsetObserved,2026-10-07T10:23:05.2776411Z,12.931184,10.929233,804,1,0,WaitingForPhaseBoundary,0,0,1,3,High,1000.000000,1,,,,,1,0,0.000000,TaskSwitchPedal,0,1,0.500000,0.200000,2.000000,0.100000,0.200000,0.200000,-1331305820,5027.285333,5027.269224,12.928866,12.931184,0.002319,,1,0,WaitingForPhaseBoundary,Move1,Move1.PickupCoarseMove,Move1,Move1.PickupCoarseMove,1,"{""pedalAxisName"":""TaskSwitchPedal"",""invertPedalAxis"":false,""highToneUsesPositivePedal"":true,""pressThreshold"":0.5,""releaseThreshold"":0.20000000298023225,""lowToneHz"":500.0,""highToneHz"":1000.0,""toneDurationSeconds"":0.20000000298023225,""volume"":0.20000000298023225,""minimumIntervalSeconds"":3.0,""maximumIntervalSeconds"":5.0,""responseTimeoutSeconds"":2.0,""minimumValidReactionSeconds"":0.10000000149011612,""randomSeed"":-1331305820}",,0,0.000000,
20261007T102252334Z_a2ac4ef9bb5b432c8b5db52d721e2425,,,1,1,TrialFinished,2026-10-07T10:23:07.2637065Z,14.917086,12.915760,927,1,0,WaitingForPhaseBoundary,0,0,1,3,High,1000.000000,1,,Miss,,,1,0,0.000000,TaskSwitchPedal,0,1,0.500000,0.200000,2.000000,0.100000,0.200000,0.200000,-1331305820,5029.269333,5027.269224,12.928866,12.931184,0.002319,,1,0,WaitingForPhaseBoundary,Move1,Move1.PickupCoarseMove,Move1,Move1.PickupCoarseMove,1,"{""pedalAxisName"":""TaskSwitchPedal"",""invertPedalAxis"":false,""highToneUsesPositivePedal"":true,""pressThreshold"":0.5,""releaseThreshold"":0.20000000298023225,""lowToneHz"":500.0,""highToneHz"":1000.0,""toneDurationSeconds"":0.20000000298023225,""volume"":0.20000000298023225,""minimumIntervalSeconds"":3.0,""maximumIntervalSeconds"":5.0,""responseTimeoutSeconds"":2.0,""minimumValidReactionSeconds"":0.10000000149011612,""randomSeed"":-1331305820}",,0,0.000000,
20261007T102252334Z_a2ac4ef9bb5b432c8b5db52d721e2425,,,1,1,StimulusScheduled,2026-10-07T10:23:07.2637065Z,14.917389,12.915760,927,1,0,WaitingForPhaseBoundary,0,0,1,4,High,1000.000000,1,,,,,0,0,0.000000,TaskSwitchPedal,0,1,0.500000,0.200000,2.000000,0.100000,0.200000,0.200000,-1331305820,5029.269333,5030.460219,16.108274,,,,,,,,,Move1,Move1.PickupCoarseMove,1,"{""pedalAxisName"":""TaskSwitchPedal"",""invertPedalAxis"":false,""highToneUsesPositivePedal"":true,""pressThreshold"":0.5,""releaseThreshold"":0.20000000298023225,""lowToneHz"":500.0,""highToneHz"":1000.0,""toneDurationSeconds"":0.20000000298023225,""volume"":0.20000000298023225,""minimumIntervalSeconds"":3.0,""maximumIntervalSeconds"":5.0,""responseTimeoutSeconds"":2.0,""minimumValidReactionSeconds"":0.10000000149011612,""randomSeed"":-1331305820}",,0,0.000000,
20261007T102252334Z_a2ac4ef9bb5b432c8b5db52d721e2425,,,1,1,StimulusOnsetObserved,2026-10-07T10:23:08.4693210Z,16.122101,14.120087,995,1,0,WaitingForPhaseBoundary,0,0,1,4,High,1000.000000,1,,,,,1,0,0.000000,TaskSwitchPedal,0,1,0.500000,0.200000,2.000000,0.100000,0.200000,0.200000,-1331305820,5030.485333,5030.460219,16.108274,16.122101,0.013826,,1,0,WaitingForPhaseBoundary,Move1,Move1.PickupCoarseMove,Move1,Move1.PickupCoarseMove,1,"{""pedalAxisName"":""TaskSwitchPedal"",""invertPedalAxis"":false,""highToneUsesPositivePedal"":true,""pressThreshold"":0.5,""releaseThreshold"":0.20000000298023225,""lowToneHz"":500.0,""highToneHz"":1000.0,""toneDurationSeconds"":0.20000000298023225,""volume"":0.20000000298023225,""minimumIntervalSeconds"":3.0,""maximumIntervalSeconds"":5.0,""responseTimeoutSeconds"":2.0,""minimumValidReactionSeconds"":0.10000000149011612,""randomSeed"":-1331305820}",,0,0.000000,
20261007T102252334Z_a2ac4ef9bb5b432c8b5db52d721e2425,,,1,1,TrialFinished,2026-10-07T10:23:10.4831353Z,18.136034,16.134713,1119,1,0,WaitingForPhaseBoundary,0,0,1,4,High,1000.000000,1,,Miss,,,1,0,0.000000,TaskSwitchPedal,0,1,0.500000,0.200000,2.000000,0.100000,0.200000,0.200000,-1331305820,5032.469333,5030.460219,16.108274,16.122101,0.013826,,1,0,WaitingForPhaseBoundary,Move1,Move1.PickupCoarseMove,Move1,Move1.PickupCoarseMove,1,"{""pedalAxisName"":""TaskSwitchPedal"",""invertPedalAxis"":false,""highToneUsesPositivePedal"":true,""pressThreshold"":0.5,""releaseThreshold"":0.20000000298023225,""lowToneHz"":500.0,""highToneHz"":1000.0,""toneDurationSeconds"":0.20000000298023225,""volume"":0.20000000298023225,""minimumIntervalSeconds"":3.0,""maximumIntervalSeconds"":5.0,""responseTimeoutSeconds"":2.0,""minimumValidReactionSeconds"":0.10000000149011612,""randomSeed"":-1331305820}",,0,0.000000,
20261007T102252334Z_a2ac4ef9bb5b432c8b5db52d721e2425,,,1,1,StimulusScheduled,2026-10-07T10:23:10.4831353Z,18.136432,16.134713,1119,1,0,WaitingForPhaseBoundary,0,0,1,5,High,1000.000000,1,,,,,0,0,0.000000,TaskSwitchPedal,0,1,0.500000,0.200000,2.000000,0.100000,0.200000,0.200000,-1331305820,5032.469333,5034.000197,19.667296,,,,,,,,,Move1,Move1.PickupCoarseMove,1,"{""pedalAxisName"":""TaskSwitchPedal"",""invertPedalAxis"":false,""highToneUsesPositivePedal"":true,""pressThreshold"":0.5,""releaseThreshold"":0.20000000298023225,""lowToneHz"":500.0,""highToneHz"":1000.0,""toneDurationSeconds"":0.20000000298023225,""volume"":0.20000000298023225,""minimumIntervalSeconds"":3.0,""maximumIntervalSeconds"":5.0,""responseTimeoutSeconds"":2.0,""minimumValidReactionSeconds"":0.10000000149011612,""randomSeed"":-1331305820}",,0,0.000000,
20261007T102252334Z_a2ac4ef9bb5b432c8b5db52d721e2425,,,1,1,StimulusOnsetObserved,2026-10-07T10:23:11.9975824Z,19.650795,17.648555,1208,1,0,WaitingForPhaseBoundary,0,0,1,5,High,1000.000000,1,,,,,1,0,0.000000,TaskSwitchPedal,0,1,0.500000,0.200000,2.000000,0.100000,0.200000,0.200000,-1331305820,5034.005333,5034.000197,19.667296,19.650795,-0.016501,,1,0,WaitingForPhaseBoundary,Move1,Move1.PickupCoarseMove,Move1,Move1.PickupCoarseMove,1,"{""pedalAxisName"":""TaskSwitchPedal"",""invertPedalAxis"":false,""highToneUsesPositivePedal"":true,""pressThreshold"":0.5,""releaseThreshold"":0.20000000298023225,""lowToneHz"":500.0,""highToneHz"":1000.0,""toneDurationSeconds"":0.20000000298023225,""volume"":0.20000000298023225,""minimumIntervalSeconds"":3.0,""maximumIntervalSeconds"":5.0,""responseTimeoutSeconds"":2.0,""minimumValidReactionSeconds"":0.10000000149011612,""randomSeed"":-1331305820}",,0,0.000000,
20261007T102252334Z_a2ac4ef9bb5b432c8b5db52d721e2425,,,1,1,TrialFinished,2026-10-07T10:23:14.0007196Z,21.654236,19.652827,1330,1,0,WaitingForPhaseBoundary,0,0,1,5,High,1000.000000,1,,Miss,,,1,0,0.000000,TaskSwitchPedal,0,1,0.500000,0.200000,2.000000,0.100000,0.200000,0.200000,-1331305820,5036.010667,5034.000197,19.667296,19.650795,-0.016501,,1,0,WaitingForPhaseBoundary,Move1,Move1.PickupCoarseMove,Move1,Move1.PickupCoarseMove,1,"{""pedalAxisName"":""TaskSwitchPedal"",""invertPedalAxis"":false,""highToneUsesPositivePedal"":true,""pressThreshold"":0.5,""releaseThreshold"":0.20000000298023225,""lowToneHz"":500.0,""highToneHz"":1000.0,""toneDurationSeconds"":0.20000000298023225,""volume"":0.20000000298023225,""minimumIntervalSeconds"":3.0,""maximumIntervalSeconds"":5.0,""responseTimeoutSeconds"":2.0,""minimumValidReactionSeconds"":0.10000000149011612,""randomSeed"":-1331305820}",,0,0.000000,
20261007T102252334Z_a2ac4ef9bb5b432c8b5db52d721e2425,,,1,1,StimulusScheduled,2026-10-07T10:23:14.0019379Z,21.654635,19.652827,1330,1,0,WaitingForPhaseBoundary,0,0,1,6,Low,500.000000,-1,,,,,0,0,0.000000,TaskSwitchPedal,0,1,0.500000,0.200000,2.000000,0.100000,0.200000,0.200000,-1331305820,5036.010667,5038.824334,24.468302,,,,,,,,,Move1,Move1.PickupCoarseMove,1,"{""pedalAxisName"":""TaskSwitchPedal"",""invertPedalAxis"":false,""highToneUsesPositivePedal"":true,""pressThreshold"":0.5,""releaseThreshold"":0.20000000298023225,""lowToneHz"":500.0,""highToneHz"":1000.0,""toneDurationSeconds"":0.20000000298023225,""volume"":0.20000000298023225,""minimumIntervalSeconds"":3.0,""maximumIntervalSeconds"":5.0,""responseTimeoutSeconds"":2.0,""minimumValidReactionSeconds"":0.10000000149011612,""randomSeed"":-1331305820}",,0,0.000000,
20261007T102252334Z_a2ac4ef9bb5b432c8b5db52d721e2425,,,1,1,StimulusOnsetObserved,2026-10-07T10:23:16.8448387Z,24.498143,22.496734,1502,1,0,WaitingForPhaseBoundary,0,0,1,6,Low,500.000000,-1,,,,,1,0,0.000000,TaskSwitchPedal,0,1,0.500000,0.200000,2.000000,0.100000,0.200000,0.200000,-1331305820,5038.826667,5038.824334,24.468302,24.498143,0.029841,,1,0,WaitingForPhaseBoundary,Move1,Move1.PickupCoarseMove,Move1,Move1.PickupCoarseMove,1,"{""pedalAxisName"":""TaskSwitchPedal"",""invertPedalAxis"":false,""highToneUsesPositivePedal"":true,""pressThreshold"":0.5,""releaseThreshold"":0.20000000298023225,""lowToneHz"":500.0,""highToneHz"":1000.0,""toneDurationSeconds"":0.20000000298023225,""volume"":0.20000000298023225,""minimumIntervalSeconds"":3.0,""maximumIntervalSeconds"":5.0,""responseTimeoutSeconds"":2.0,""minimumValidReactionSeconds"":0.10000000149011612,""randomSeed"":-1331305820}",,0,0.000000,
20261007T102252334Z_a2ac4ef9bb5b432c8b5db52d721e2425,,,1,1,TrialFinished,2026-10-07T10:23:18.8191979Z,26.473114,24.471806,1631,1,0,WaitingForPhaseBoundary,0,0,1,6,Low,500.000000,-1,,Miss,,,1,0,0.000000,TaskSwitchPedal,0,1,0.500000,0.200000,2.000000,0.100000,0.200000,0.200000,-1331305820,5040.832000,5038.824334,24.468302,24.498143,0.029841,,1,0,WaitingForPhaseBoundary,Move1,Move1.PickupCoarseMove,Move1,Move1.PickupCoarseMove,1,"{""pedalAxisName"":""TaskSwitchPedal"",""invertPedalAxis"":false,""highToneUsesPositivePedal"":true,""pressThreshold"":0.5,""releaseThreshold"":0.20000000298023225,""lowToneHz"":500.0,""highToneHz"":1000.0,""toneDurationSeconds"":0.20000000298023225,""volume"":0.20000000298023225,""minimumIntervalSeconds"":3.0,""maximumIntervalSeconds"":5.0,""responseTimeoutSeconds"":2.0,""minimumValidReactionSeconds"":0.10000000149011612,""randomSeed"":-1331305820}",,0,0.000000,
20261007T102252334Z_a2ac4ef9bb5b432c8b5db52d721e2425,,,1,1,StimulusScheduled,2026-10-07T10:23:18.8191979Z,26.473407,24.471806,1631,1,0,WaitingForPhaseBoundary,0,0,1,7,Low,500.000000,-1,,,,,0,0,0.000000,TaskSwitchPedal,0,1,0.500000,0.200000,2.000000,0.100000,0.200000,0.200000,-1331305820,5040.832000,5042.322406,27.963813,,,,,,,,,Move1,Move1.PickupCoarseMove,1,"{""pedalAxisName"":""TaskSwitchPedal"",""invertPedalAxis"":false,""highToneUsesPositivePedal"":true,""pressThreshold"":0.5,""releaseThreshold"":0.20000000298023225,""lowToneHz"":500.0,""highToneHz"":1000.0,""toneDurationSeconds"":0.20000000298023225,""volume"":0.20000000298023225,""minimumIntervalSeconds"":3.0,""maximumIntervalSeconds"":5.0,""responseTimeoutSeconds"":2.0,""minimumValidReactionSeconds"":0.10000000149011612,""randomSeed"":-1331305820}",,0,0.000000,
20261007T102252334Z_a2ac4ef9bb5b432c8b5db52d721e2425,,,1,1,StimulusOnsetObserved,2026-10-07T10:23:20.3148630Z,27.967876,25.965513,1725,1,0,WaitingForPhaseBoundary,0,0,1,7,Low,500.000000,-1,,,,,1,0,0.000000,TaskSwitchPedal,0,1,0.500000,0.200000,2.000000,0.100000,0.200000,0.200000,-1331305820,5042.325333,5042.322406,27.963813,27.967876,0.004063,,1,0,WaitingForPhaseBoundary,Move1,Move1.PickupCoarseMove,Move1,Move1.PickupCoarseMove,1,"{""pedalAxisName"":""TaskSwitchPedal"",""invertPedalAxis"":false,""highToneUsesPositivePedal"":true,""pressThreshold"":0.5,""releaseThreshold"":0.20000000298023225,""lowToneHz"":500.0,""highToneHz"":1000.0,""toneDurationSeconds"":0.20000000298023225,""volume"":0.20000000298023225,""minimumIntervalSeconds"":3.0,""maximumIntervalSeconds"":5.0,""responseTimeoutSeconds"":2.0,""minimumValidReactionSeconds"":0.10000000149011612,""randomSeed"":-1331305820}",,0,0.000000,
20261007T102252334Z_a2ac4ef9bb5b432c8b5db52d721e2425,,,1,1,TrialFinished,2026-10-07T10:23:22.3282009Z,29.981571,27.979515,1849,1,0,WaitingForPhaseBoundary,0,0,1,7,Low,500.000000,-1,,Miss,,,1,0,0.000000,TaskSwitchPedal,0,1,0.500000,0.200000,2.000000,0.100000,0.200000,0.200000,-1331305820,5044.330667,5042.322406,27.963813,27.967876,0.004063,,1,0,WaitingForPhaseBoundary,Move1,Move1.PickupCoarseMove,Move1,Move1.PickupCoarseMove,1,"{""pedalAxisName"":""TaskSwitchPedal"",""invertPedalAxis"":false,""highToneUsesPositivePedal"":true,""pressThreshold"":0.5,""releaseThreshold"":0.20000000298023225,""lowToneHz"":500.0,""highToneHz"":1000.0,""toneDurationSeconds"":0.20000000298023225,""volume"":0.20000000298023225,""minimumIntervalSeconds"":3.0,""maximumIntervalSeconds"":5.0,""responseTimeoutSeconds"":2.0,""minimumValidReactionSeconds"":0.10000000149011612,""randomSeed"":-1331305820}",,0,0.000000,
20261007T102252334Z_a2ac4ef9bb5b432c8b5db52d721e2425,,,1,1,StimulusScheduled,2026-10-07T10:23:22.3317202Z,29.984937,27.979515,1849,1,0,WaitingForPhaseBoundary,0,0,1,8,High,1000.000000,1,,,,,0,0,0.000000,TaskSwitchPedal,0,1,0.500000,0.200000,2.000000,0.100000,0.200000,0.200000,-1331305820,5044.330667,5046.633010,32.287280,,,,,,,,,Move1,Move1.PickupCoarseMove,1,"{""pedalAxisName"":""TaskSwitchPedal"",""invertPedalAxis"":false,""highToneUsesPositivePedal"":true,""pressThreshold"":0.5,""releaseThreshold"":0.20000000298023225,""lowToneHz"":500.0,""highToneHz"":1000.0,""toneDurationSeconds"":0.20000000298023225,""volume"":0.20000000298023225,""minimumIntervalSeconds"":3.0,""maximumIntervalSeconds"":5.0,""responseTimeoutSeconds"":2.0,""minimumValidReactionSeconds"":0.10000000149011612,""randomSeed"":-1331305820}",,0,0.000000,
20261007T102252334Z_a2ac4ef9bb5b432c8b5db52d721e2425,,,1,1,StimulusOnsetObserved,2026-10-07T10:23:24.6280319Z,32.281186,30.279280,1985,1,0,WaitingForPhaseBoundary,0,0,1,8,High,1000.000000,1,,,,,1,0,0.000000,TaskSwitchPedal,0,1,0.500000,0.200000,2.000000,0.100000,0.200000,0.200000,-1331305820,5046.634667,5046.633010,32.287280,32.281186,-0.006094,,1,0,WaitingForPhaseBoundary,Move1,Move1.PickupCoarseMove,Move1,Move1.PickupCoarseMove,1,"{""pedalAxisName"":""TaskSwitchPedal"",""invertPedalAxis"":false,""highToneUsesPositivePedal"":true,""pressThreshold"":0.5,""releaseThreshold"":0.20000000298023225,""lowToneHz"":500.0,""highToneHz"":1000.0,""toneDurationSeconds"":0.20000000298023225,""volume"":0.20000000298023225,""minimumIntervalSeconds"":3.0,""maximumIntervalSeconds"":5.0,""responseTimeoutSeconds"":2.0,""minimumValidReactionSeconds"":0.10000000149011612,""randomSeed"":-1331305820}",,0,0.000000,
20261007T102252334Z_a2ac4ef9bb5b432c8b5db52d721e2425,,,1,1,TrialFinished,2026-10-07T10:23:26.6297267Z,34.283080,32.281060,2112,1,0,WaitingForPhaseBoundary,0,0,1,8,High,1000.000000,1,,Miss,,,1,0,0.000000,TaskSwitchPedal,0,1,0.500000,0.200000,2.000000,0.100000,0.200000,0.200000,-1331305820,5048.640000,5046.633010,32.287280,32.281186,-0.006094,,1,0,WaitingForPhaseBoundary,Move1,Move1.PickupCoarseMove,Move1,Move1.PickupCoarseMove,1,"{""pedalAxisName"":""TaskSwitchPedal"",""invertPedalAxis"":false,""highToneUsesPositivePedal"":true,""pressThreshold"":0.5,""releaseThreshold"":0.20000000298023225,""lowToneHz"":500.0,""highToneHz"":1000.0,""toneDurationSeconds"":0.20000000298023225,""volume"":0.20000000298023225,""minimumIntervalSeconds"":3.0,""maximumIntervalSeconds"":5.0,""responseTimeoutSeconds"":2.0,""minimumValidReactionSeconds"":0.10000000149011612,""randomSeed"":-1331305820}",,0,0.000000,
20261007T102252334Z_a2ac4ef9bb5b432c8b5db52d721e2425,,,1,1,StimulusScheduled,2026-10-07T10:23:26.6297267Z,34.283360,32.281060,2112,1,0,WaitingForPhaseBoundary,0,0,1,9,Low,500.000000,-1,,,,,0,0,0.000000,TaskSwitchPedal,0,1,0.500000,0.200000,2.000000,0.100000,0.200000,0.200000,-1331305820,5048.640000,5050.499808,36.143168,,,,,,,,,Move1,Move1.PickupCoarseMove,1,"{""pedalAxisName"":""TaskSwitchPedal"",""invertPedalAxis"":false,""highToneUsesPositivePedal"":true,""pressThreshold"":0.5,""releaseThreshold"":0.20000000298023225,""lowToneHz"":500.0,""highToneHz"":1000.0,""toneDurationSeconds"":0.20000000298023225,""volume"":0.20000000298023225,""minimumIntervalSeconds"":3.0,""maximumIntervalSeconds"":5.0,""responseTimeoutSeconds"":2.0,""minimumValidReactionSeconds"":0.10000000149011612,""randomSeed"":-1331305820}",,0,0.000000,
20261007T102252334Z_a2ac4ef9bb5b432c8b5db52d721e2425,,,1,1,StimulusOnsetObserved,2026-10-07T10:23:28.5105798Z,36.163789,34.161663,2226,1,0,WaitingForPhaseBoundary,0,0,1,9,Low,500.000000,-1,,,,,1,0,0.000000,TaskSwitchPedal,0,1,0.500000,0.200000,2.000000,0.100000,0.200000,0.200000,-1331305820,5050.517333,5050.499808,36.143168,36.163789,0.020622,,1,0,WaitingForPhaseBoundary,Move1,Move1.PickupCoarseMove,Move1,Move1.PickupCoarseMove,1,"{""pedalAxisName"":""TaskSwitchPedal"",""invertPedalAxis"":false,""highToneUsesPositivePedal"":true,""pressThreshold"":0.5,""releaseThreshold"":0.20000000298023225,""lowToneHz"":500.0,""highToneHz"":1000.0,""toneDurationSeconds"":0.20000000298023225,""volume"":0.20000000298023225,""minimumIntervalSeconds"":3.0,""maximumIntervalSeconds"":5.0,""responseTimeoutSeconds"":2.0,""minimumValidReactionSeconds"":0.10000000149011612,""randomSeed"":-1331305820}",,0,0.000000,
20261007T102252334Z_a2ac4ef9bb5b432c8b5db52d721e2425,,,1,1,TrialFinished,2026-10-07T10:23:30.5054505Z,38.159754,36.157783,2350,1,0,WaitingForPhaseBoundary,0,0,1,9,Low,500.000000,-1,,Miss,,,1,0,0.000000,TaskSwitchPedal,0,1,0.500000,0.200000,2.000000,0.100000,0.200000,0.200000,-1331305820,5052.501333,5050.499808,36.143168,36.163789,0.020622,,1,0,WaitingForPhaseBoundary,Move1,Move1.PickupCoarseMove,Move1,Move1.PickupCoarseMove,1,"{""pedalAxisName"":""TaskSwitchPedal"",""invertPedalAxis"":false,""highToneUsesPositivePedal"":true,""pressThreshold"":0.5,""releaseThreshold"":0.20000000298023225,""lowToneHz"":500.0,""highToneHz"":1000.0,""toneDurationSeconds"":0.20000000298023225,""volume"":0.20000000298023225,""minimumIntervalSeconds"":3.0,""maximumIntervalSeconds"":5.0,""responseTimeoutSeconds"":2.0,""minimumValidReactionSeconds"":0.10000000149011612,""randomSeed"":-1331305820}",,0,0.000000,
20261007T102252334Z_a2ac4ef9bb5b432c8b5db52d721e2425,,,1,1,StimulusScheduled,2026-10-07T10:23:30.5069608Z,38.160186,36.157783,2350,1,0,WaitingForPhaseBoundary,0,0,1,10,High,1000.000000,1,,,,,0,0,0.000000,TaskSwitchPedal,0,1,0.500000,0.200000,2.000000,0.100000,0.200000,0.200000,-1331305820,5052.501333,5054.643277,40.302130,,,,,,,,,Move1,Move1.PickupCoarseMove,1,"{""pedalAxisName"":""TaskSwitchPedal"",""invertPedalAxis"":false,""highToneUsesPositivePedal"":true,""pressThreshold"":0.5,""releaseThreshold"":0.20000000298023225,""lowToneHz"":500.0,""highToneHz"":1000.0,""toneDurationSeconds"":0.20000000298023225,""volume"":0.20000000298023225,""minimumIntervalSeconds"":3.0,""maximumIntervalSeconds"":5.0,""responseTimeoutSeconds"":2.0,""minimumValidReactionSeconds"":0.10000000149011612,""randomSeed"":-1331305820}",,0,0.000000,
20261007T102252334Z_a2ac4ef9bb5b432c8b5db52d721e2425,,,1,1,StimulusOnsetObserved,2026-10-07T10:23:32.6408957Z,40.294339,38.292171,2470,1,0,WaitingForPhaseBoundary,0,0,1,10,High,1000.000000,1,,,,,1,0,0.000000,TaskSwitchPedal,0,1,0.500000,0.200000,2.000000,0.100000,0.200000,0.200000,-1331305820,5054.656000,5054.643277,40.302130,40.294339,-0.007791,,1,0,WaitingForPhaseBoundary,Move1,Move1.PickupCoarseMove,Move1,Move1.PickupCoarseMove,1,"{""pedalAxisName"":""TaskSwitchPedal"",""invertPedalAxis"":false,""highToneUsesPositivePedal"":true,""pressThreshold"":0.5,""releaseThreshold"":0.20000000298023225,""lowToneHz"":500.0,""highToneHz"":1000.0,""toneDurationSeconds"":0.20000000298023225,""volume"":0.20000000298023225,""minimumIntervalSeconds"":3.0,""maximumIntervalSeconds"":5.0,""responseTimeoutSeconds"":2.0,""minimumValidReactionSeconds"":0.10000000149011612,""randomSeed"":-1331305820}",,0,0.000000,
20261007T102252334Z_a2ac4ef9bb5b432c8b5db52d721e2425,,,1,1,TrialFinished,2026-10-07T10:23:34.6757699Z,42.329204,40.326588,2595,1,0,WaitingForPhaseBoundary,0,0,1,10,High,1000.000000,1,,Miss,,,1,0,0.000000,TaskSwitchPedal,0,1,0.500000,0.200000,2.000000,0.100000,0.200000,0.200000,-1331305820,5056.661333,5054.643277,40.302130,40.294339,-0.007791,,1,0,WaitingForPhaseBoundary,Move1,Move1.PickupCoarseMove,Move1,Move1.PickupCoarseMove,1,"{""pedalAxisName"":""TaskSwitchPedal"",""invertPedalAxis"":false,""highToneUsesPositivePedal"":true,""pressThreshold"":0.5,""releaseThreshold"":0.20000000298023225,""lowToneHz"":500.0,""highToneHz"":1000.0,""toneDurationSeconds"":0.20000000298023225,""volume"":0.20000000298023225,""minimumIntervalSeconds"":3.0,""maximumIntervalSeconds"":5.0,""responseTimeoutSeconds"":2.0,""minimumValidReactionSeconds"":0.10000000149011612,""randomSeed"":-1331305820}",,0,0.000000,
20261007T102252334Z_a2ac4ef9bb5b432c8b5db52d721e2425,,,1,1,StimulusScheduled,2026-10-07T10:23:34.6757699Z,42.329562,40.326588,2595,1,0,WaitingForPhaseBoundary,0,0,1,11,Low,500.000000,-1,,,,,0,0,0.000000,TaskSwitchPedal,0,1,0.500000,0.200000,2.000000,0.100000,0.200000,0.200000,-1331305820,5056.661333,5058.960262,44.628490,,,,,,,,,Move1,Move1.PickupCoarseMove,1,"{""pedalAxisName"":""TaskSwitchPedal"",""invertPedalAxis"":false,""highToneUsesPositivePedal"":true,""pressThreshold"":0.5,""releaseThreshold"":0.20000000298023225,""lowToneHz"":500.0,""highToneHz"":1000.0,""toneDurationSeconds"":0.20000000298023225,""volume"":0.20000000298023225,""minimumIntervalSeconds"":3.0,""maximumIntervalSeconds"":5.0,""responseTimeoutSeconds"":2.0,""minimumValidReactionSeconds"":0.10000000149011612,""randomSeed"":-1331305820}",,0,0.000000,
20261007T102252334Z_a2ac4ef9bb5b432c8b5db52d721e2425,,,1,1,StimulusOnsetObserved,2026-10-07T10:23:36.9705983Z,44.624578,42.621857,2728,1,0,WaitingForPhaseBoundary,0,0,1,11,Low,500.000000,-1,,,,,1,0,0.000000,TaskSwitchPedal,0,1,0.500000,0.200000,2.000000,0.100000,0.200000,0.200000,-1331305820,5058.965333,5058.960262,44.628490,44.624578,-0.003912,,1,0,WaitingForPhaseBoundary,Move1,Move1.PickupCoarseMove,Move1,Move1.PickupCoarseMove,1,"{""pedalAxisName"":""TaskSwitchPedal"",""invertPedalAxis"":false,""highToneUsesPositivePedal"":true,""pressThreshold"":0.5,""releaseThreshold"":0.20000000298023225,""lowToneHz"":500.0,""highToneHz"":1000.0,""toneDurationSeconds"":0.20000000298023225,""volume"":0.20000000298023225,""minimumIntervalSeconds"":3.0,""maximumIntervalSeconds"":5.0,""responseTimeoutSeconds"":2.0,""minimumValidReactionSeconds"":0.10000000149011612,""randomSeed"":-1331305820}",,0,0.000000,
20261007T102252334Z_a2ac4ef9bb5b432c8b5db52d721e2425,,,1,1,TrialFinished,2026-10-07T10:23:38.9692421Z,46.622894,44.620710,2850,1,0,WaitingForPhaseBoundary,0,0,1,11,Low,500.000000,-1,,Miss,,,1,0,0.000000,TaskSwitchPedal,0,1,0.500000,0.200000,2.000000,0.100000,0.200000,0.200000,-1331305820,5060.970667,5058.960262,44.628490,44.624578,-0.003912,,1,0,WaitingForPhaseBoundary,Move1,Move1.PickupCoarseMove,Move1,Move1.PickupCoarseMove,1,"{""pedalAxisName"":""TaskSwitchPedal"",""invertPedalAxis"":false,""highToneUsesPositivePedal"":true,""pressThreshold"":0.5,""releaseThreshold"":0.20000000298023225,""lowToneHz"":500.0,""highToneHz"":1000.0,""toneDurationSeconds"":0.20000000298023225,""volume"":0.20000000298023225,""minimumIntervalSeconds"":3.0,""maximumIntervalSeconds"":5.0,""responseTimeoutSeconds"":2.0,""minimumValidReactionSeconds"":0.10000000149011612,""randomSeed"":-1331305820}",,0,0.000000,
20261007T102252334Z_a2ac4ef9bb5b432c8b5db52d721e2425,,,1,1,StimulusScheduled,2026-10-07T10:23:38.9692421Z,46.623184,44.620710,2850,1,0,WaitingForPhaseBoundary,0,0,1,12,Low,500.000000,-1,,,,,0,0,0.000000,TaskSwitchPedal,0,1,0.500000,0.200000,2.000000,0.100000,0.200000,0.200000,-1331305820,5060.970667,5063.735559,49.388076,,,,,,,,,Move1,Move1.PickupCoarseMove,1,"{""pedalAxisName"":""TaskSwitchPedal"",""invertPedalAxis"":false,""highToneUsesPositivePedal"":true,""pressThreshold"":0.5,""releaseThreshold"":0.20000000298023225,""lowToneHz"":500.0,""highToneHz"":1000.0,""toneDurationSeconds"":0.20000000298023225,""volume"":0.20000000298023225,""minimumIntervalSeconds"":3.0,""maximumIntervalSeconds"":5.0,""responseTimeoutSeconds"":2.0,""minimumValidReactionSeconds"":0.10000000149011612,""randomSeed"":-1331305820}",,0,0.000000,
20261007T102252334Z_a2ac4ef9bb5b432c8b5db52d721e2425,,,1,1,StimulusOnsetObserved,2026-10-07T10:23:41.7407756Z,49.394764,47.392411,3015,1,0,WaitingForPhaseBoundary,0,0,1,12,Low,500.000000,-1,,,,,1,0,0.000000,TaskSwitchPedal,0,1,0.500000,0.200000,2.000000,0.100000,0.200000,0.200000,-1331305820,5063.744000,5063.735559,49.388076,49.394764,0.006688,,1,0,WaitingForPhaseBoundary,Move1,Move1.PickupCoarseMove,Move1,Move1.PickupCoarseMove,1,"{""pedalAxisName"":""TaskSwitchPedal"",""invertPedalAxis"":false,""highToneUsesPositivePedal"":true,""pressThreshold"":0.5,""releaseThreshold"":0.20000000298023225,""lowToneHz"":500.0,""highToneHz"":1000.0,""toneDurationSeconds"":0.20000000298023225,""volume"":0.20000000298023225,""minimumIntervalSeconds"":3.0,""maximumIntervalSeconds"":5.0,""responseTimeoutSeconds"":2.0,""minimumValidReactionSeconds"":0.10000000149011612,""randomSeed"":-1331305820}",,0,0.000000,
20261007T102252334Z_a2ac4ef9bb5b432c8b5db52d721e2425,,,1,1,TrialFinished,2026-10-07T10:23:43.7524837Z,51.405818,49.403623,3142,1,0,WaitingForPhaseBoundary,0,0,1,12,Low,500.000000,-1,,Miss,,,1,0,0.000000,TaskSwitchPedal,0,1,0.500000,0.200000,2.000000,0.100000,0.200000,0.200000,-1331305820,5065.749333,5063.735559,49.388076,49.394764,0.006688,,1,0,WaitingForPhaseBoundary,Move1,Move1.PickupCoarseMove,Move1,Move1.PickupCoarseMove,1,"{""pedalAxisName"":""TaskSwitchPedal"",""invertPedalAxis"":false,""highToneUsesPositivePedal"":true,""pressThreshold"":0.5,""releaseThreshold"":0.20000000298023225,""lowToneHz"":500.0,""highToneHz"":1000.0,""toneDurationSeconds"":0.20000000298023225,""volume"":0.20000000298023225,""minimumIntervalSeconds"":3.0,""maximumIntervalSeconds"":5.0,""responseTimeoutSeconds"":2.0,""minimumValidReactionSeconds"":0.10000000149011612,""randomSeed"":-1331305820}",,0,0.000000,
20261007T102252334Z_a2ac4ef9bb5b432c8b5db52d721e2425,,,1,1,StimulusScheduled,2026-10-07T10:23:43.7524837Z,51.406194,49.403623,3142,1,0,WaitingForPhaseBoundary,0,0,1,13,High,1000.000000,1,,,,,0,0,0.000000,TaskSwitchPedal,0,1,0.500000,0.200000,2.000000,0.100000,0.200000,0.200000,-1331305820,5065.749333,5067.620321,53.277182,,,,,,,,,Move1,Move1.PickupCoarseMove,1,"{""pedalAxisName"":""TaskSwitchPedal"",""invertPedalAxis"":false,""highToneUsesPositivePedal"":true,""pressThreshold"":0.5,""releaseThreshold"":0.20000000298023225,""lowToneHz"":500.0,""highToneHz"":1000.0,""toneDurationSeconds"":0.20000000298023225,""volume"":0.20000000298023225,""minimumIntervalSeconds"":3.0,""maximumIntervalSeconds"":5.0,""responseTimeoutSeconds"":2.0,""minimumValidReactionSeconds"":0.10000000149011612,""randomSeed"":-1331305820}",,0,0.000000,
20261007T102252334Z_a2ac4ef9bb5b432c8b5db52d721e2425,,,1,1,StimulusOnsetObserved,2026-10-07T10:23:45.6321337Z,53.285608,51.283170,3249,1,0,WaitingForPhaseBoundary,0,0,1,13,High,1000.000000,1,,,,,1,0,0.000000,TaskSwitchPedal,0,1,0.500000,0.200000,2.000000,0.100000,0.200000,0.200000,-1331305820,5067.626667,5067.620321,53.277182,53.285608,0.008426,,1,0,WaitingForPhaseBoundary,Move1,Move1.PickupCoarseMove,Move1,Move1.PickupCoarseMove,1,"{""pedalAxisName"":""TaskSwitchPedal"",""invertPedalAxis"":false,""highToneUsesPositivePedal"":true,""pressThreshold"":0.5,""releaseThreshold"":0.20000000298023225,""lowToneHz"":500.0,""highToneHz"":1000.0,""toneDurationSeconds"":0.20000000298023225,""volume"":0.20000000298023225,""minimumIntervalSeconds"":3.0,""maximumIntervalSeconds"":5.0,""responseTimeoutSeconds"":2.0,""minimumValidReactionSeconds"":0.10000000149011612,""randomSeed"":-1331305820}",,0,0.000000,
20261007T102252334Z_a2ac4ef9bb5b432c8b5db52d721e2425,,,1,1,TrialFinished,2026-10-07T10:23:47.6234867Z,55.276930,53.275655,3374,1,0,WaitingForPhaseBoundary,0,0,1,13,High,1000.000000,1,,Miss,,,1,0,0.000000,TaskSwitchPedal,0,1,0.500000,0.200000,2.000000,0.100000,0.200000,0.200000,-1331305820,5069.632000,5067.620321,53.277182,53.285608,0.008426,,1,0,WaitingForPhaseBoundary,Move1,Move1.PickupCoarseMove,Move1,Move1.PickupCoarseMove,1,"{""pedalAxisName"":""TaskSwitchPedal"",""invertPedalAxis"":false,""highToneUsesPositivePedal"":true,""pressThreshold"":0.5,""releaseThreshold"":0.20000000298023225,""lowToneHz"":500.0,""highToneHz"":1000.0,""toneDurationSeconds"":0.20000000298023225,""volume"":0.20000000298023225,""minimumIntervalSeconds"":3.0,""maximumIntervalSeconds"":5.0,""responseTimeoutSeconds"":2.0,""minimumValidReactionSeconds"":0.10000000149011612,""randomSeed"":-1331305820}",,0,0.000000,
20261007T102252334Z_a2ac4ef9bb5b432c8b5db52d721e2425,,,1,1,StimulusScheduled,2026-10-07T10:23:47.6234867Z,55.277449,53.275655,3374,1,0,WaitingForPhaseBoundary,0,0,1,14,High,1000.000000,1,,,,,0,0,0.000000,TaskSwitchPedal,0,1,0.500000,0.200000,2.000000,0.100000,0.200000,0.200000,-1331305820,5069.632000,5070.736602,56.382050,,,,,,,,,Move1,Move1.PickupCoarseMove,1,"{""pedalAxisName"":""TaskSwitchPedal"",""invertPedalAxis"":false,""highToneUsesPositivePedal"":true,""pressThreshold"":0.5,""releaseThreshold"":0.20000000298023225,""lowToneHz"":500.0,""highToneHz"":1000.0,""toneDurationSeconds"":0.20000000298023225,""volume"":0.20000000298023225,""minimumIntervalSeconds"":3.0,""maximumIntervalSeconds"":5.0,""responseTimeoutSeconds"":2.0,""minimumValidReactionSeconds"":0.10000000149011612,""randomSeed"":-1331305820}",,0,0.000000,
20261007T102252334Z_a2ac4ef9bb5b432c8b5db52d721e2425,,,1,1,StimulusOnsetObserved,2026-10-07T10:23:48.7308602Z,56.384732,54.382371,3441,1,0,WaitingForPhaseBoundary,0,0,1,14,High,1000.000000,1,,,,,1,0,0.000000,TaskSwitchPedal,0,1,0.500000,0.200000,2.000000,0.100000,0.200000,0.200000,-1331305820,5070.741333,5070.736602,56.382050,56.384732,0.002681,,1,0,WaitingForPhaseBoundary,Move1,Move1.PickupCoarseMove,Move1,Move1.PickupCoarseMove,1,"{""pedalAxisName"":""TaskSwitchPedal"",""invertPedalAxis"":false,""highToneUsesPositivePedal"":true,""pressThreshold"":0.5,""releaseThreshold"":0.20000000298023225,""lowToneHz"":500.0,""highToneHz"":1000.0,""toneDurationSeconds"":0.20000000298023225,""volume"":0.20000000298023225,""minimumIntervalSeconds"":3.0,""maximumIntervalSeconds"":5.0,""responseTimeoutSeconds"":2.0,""minimumValidReactionSeconds"":0.10000000149011612,""randomSeed"":-1331305820}",,0,0.000000,
20261007T102252334Z_a2ac4ef9bb5b432c8b5db52d721e2425,,,1,1,TrialFinished,2026-10-07T10:23:50.7507091Z,58.403948,56.401296,3570,1,0,WaitingForPhaseBoundary,0,0,1,14,High,1000.000000,1,,Miss,,,1,0,0.000000,TaskSwitchPedal,0,1,0.500000,0.200000,2.000000,0.100000,0.200000,0.200000,-1331305820,5072.746667,5070.736602,56.382050,56.384732,0.002681,,1,0,WaitingForPhaseBoundary,Move1,Move1.PickupCoarseMove,Move1,Move1.PickupCoarseMove,1,"{""pedalAxisName"":""TaskSwitchPedal"",""invertPedalAxis"":false,""highToneUsesPositivePedal"":true,""pressThreshold"":0.5,""releaseThreshold"":0.20000000298023225,""lowToneHz"":500.0,""highToneHz"":1000.0,""toneDurationSeconds"":0.20000000298023225,""volume"":0.20000000298023225,""minimumIntervalSeconds"":3.0,""maximumIntervalSeconds"":5.0,""responseTimeoutSeconds"":2.0,""minimumValidReactionSeconds"":0.10000000149011612,""randomSeed"":-1331305820}",,0,0.000000,
20261007T102252334Z_a2ac4ef9bb5b432c8b5db52d721e2425,,,1,1,StimulusScheduled,2026-10-07T10:23:50.7507091Z,58.404238,56.401296,3570,1,0,WaitingForPhaseBoundary,0,0,1,15,Low,500.000000,-1,,,,,0,0,0.000000,TaskSwitchPedal,0,1,0.500000,0.200000,2.000000,0.100000,0.200000,0.200000,-1331305820,5072.746667,5075.100499,60.758071,,,,,,,,,Move1,Move1.PickupCoarseMove,1,"{""pedalAxisName"":""TaskSwitchPedal"",""invertPedalAxis"":false,""highToneUsesPositivePedal"":true,""pressThreshold"":0.5,""releaseThreshold"":0.20000000298023225,""lowToneHz"":500.0,""highToneHz"":1000.0,""toneDurationSeconds"":0.20000000298023225,""volume"":0.20000000298023225,""minimumIntervalSeconds"":3.0,""maximumIntervalSeconds"":5.0,""responseTimeoutSeconds"":2.0,""minimumValidReactionSeconds"":0.10000000149011612,""randomSeed"":-1331305820}",,0,0.000000,
20261007T102252334Z_a2ac4ef9bb5b432c8b5db52d721e2425,,,1,1,StimulusOnsetObserved,2026-10-07T10:23:53.1068345Z,60.760594,58.758697,3712,1,0,WaitingForPhaseBoundary,0,0,1,15,Low,500.000000,-1,,,,,1,0,0.000000,TaskSwitchPedal,0,1,0.500000,0.200000,2.000000,0.100000,0.200000,0.200000,-1331305820,5075.114667,5075.100499,60.758071,60.760594,0.002523,,1,0,WaitingForPhaseBoundary,Move1,Move1.PickupCoarseMove,Move1,Move1.PickupCoarseMove,1,"{""pedalAxisName"":""TaskSwitchPedal"",""invertPedalAxis"":false,""highToneUsesPositivePedal"":true,""pressThreshold"":0.5,""releaseThreshold"":0.20000000298023225,""lowToneHz"":500.0,""highToneHz"":1000.0,""toneDurationSeconds"":0.20000000298023225,""volume"":0.20000000298023225,""minimumIntervalSeconds"":3.0,""maximumIntervalSeconds"":5.0,""responseTimeoutSeconds"":2.0,""minimumValidReactionSeconds"":0.10000000149011612,""randomSeed"":-1331305820}",,0,0.000000,
20261007T102252334Z_a2ac4ef9bb5b432c8b5db52d721e2425,,,1,1,TrialFinished,2026-10-07T10:23:55.1221790Z,62.776822,60.775593,3827,1,0,WaitingForPhaseBoundary,0,0,1,15,Low,500.000000,-1,,Miss,,,1,0,0.000000,TaskSwitchPedal,0,1,0.500000,0.200000,2.000000,0.100000,0.200000,0.200000,-1331305820,5077.120000,5075.100499,60.758071,60.760594,0.002523,,1,0,WaitingForPhaseBoundary,Move1,Move1.PickupCoarseMove,Move1,Move1.PickupCoarseMove,1,"{""pedalAxisName"":""TaskSwitchPedal"",""invertPedalAxis"":false,""highToneUsesPositivePedal"":true,""pressThreshold"":0.5,""releaseThreshold"":0.20000000298023225,""lowToneHz"":500.0,""highToneHz"":1000.0,""toneDurationSeconds"":0.20000000298023225,""volume"":0.20000000298023225,""minimumIntervalSeconds"":3.0,""maximumIntervalSeconds"":5.0,""responseTimeoutSeconds"":2.0,""minimumValidReactionSeconds"":0.10000000149011612,""randomSeed"":-1331305820}",,0,0.000000,
20261007T102252334Z_a2ac4ef9bb5b432c8b5db52d721e2425,,,1,1,StimulusScheduled,2026-10-07T10:23:55.1236946Z,62.777140,60.775593,3827,1,0,WaitingForPhaseBoundary,0,0,1,16,High,1000.000000,1,,,,,0,0,0.000000,TaskSwitchPedal,0,1,0.500000,0.200000,2.000000,0.100000,0.200000,0.200000,-1331305820,5077.120000,5078.584045,64.241186,,,,,,,,,Move1,Move1.PickupCoarseMove,1,"{""pedalAxisName"":""TaskSwitchPedal"",""invertPedalAxis"":false,""highToneUsesPositivePedal"":true,""pressThreshold"":0.5,""releaseThreshold"":0.20000000298023225,""lowToneHz"":500.0,""highToneHz"":1000.0,""toneDurationSeconds"":0.20000000298023225,""volume"":0.20000000298023225,""minimumIntervalSeconds"":3.0,""maximumIntervalSeconds"":5.0,""responseTimeoutSeconds"":2.0,""minimumValidReactionSeconds"":0.10000000149011612,""randomSeed"":-1331305820}",,0,0.000000,
20261007T102252334Z_a2ac4ef9bb5b432c8b5db52d721e2425,,,1,1,StimulusOnsetObserved,2026-10-07T10:23:56.5836304Z,64.237275,62.236068,3912,1,0,WaitingForPhaseBoundary,0,0,1,16,High,1000.000000,1,,,,,1,0,0.000000,TaskSwitchPedal,0,1,0.500000,0.200000,2.000000,0.100000,0.200000,0.200000,-1331305820,5078.592000,5078.584045,64.241186,64.237275,-0.003911,,1,0,WaitingForPhaseBoundary,Move1,Move1.PickupCoarseMove,Move1,Move1.PickupCoarseMove,1,"{""pedalAxisName"":""TaskSwitchPedal"",""invertPedalAxis"":false,""highToneUsesPositivePedal"":true,""pressThreshold"":0.5,""releaseThreshold"":0.20000000298023225,""lowToneHz"":500.0,""highToneHz"":1000.0,""toneDurationSeconds"":0.20000000298023225,""volume"":0.20000000298023225,""minimumIntervalSeconds"":3.0,""maximumIntervalSeconds"":5.0,""responseTimeoutSeconds"":2.0,""minimumValidReactionSeconds"":0.10000000149011612,""randomSeed"":-1331305820}",,0,0.000000,
20261007T102252334Z_a2ac4ef9bb5b432c8b5db52d721e2425,,,1,1,TrialFinished,2026-10-07T10:23:58.5912281Z,66.245102,64.243241,4041,1,0,WaitingForPhaseBoundary,0,0,1,16,High,1000.000000,1,,Miss,,,1,0,0.000000,TaskSwitchPedal,0,1,0.500000,0.200000,2.000000,0.100000,0.200000,0.200000,-1331305820,5080.597333,5078.584045,64.241186,64.237275,-0.003911,,1,0,WaitingForPhaseBoundary,Move1,Move1.PickupCoarseMove,Move1,Move1.PickupCoarseMove,1,"{""pedalAxisName"":""TaskSwitchPedal"",""invertPedalAxis"":false,""highToneUsesPositivePedal"":true,""pressThreshold"":0.5,""releaseThreshold"":0.20000000298023225,""lowToneHz"":500.0,""highToneHz"":1000.0,""toneDurationSeconds"":0.20000000298023225,""volume"":0.20000000298023225,""minimumIntervalSeconds"":3.0,""maximumIntervalSeconds"":5.0,""responseTimeoutSeconds"":2.0,""minimumValidReactionSeconds"":0.10000000149011612,""randomSeed"":-1331305820}",,0,0.000000,
20261007T102252334Z_a2ac4ef9bb5b432c8b5db52d721e2425,,,1,1,StimulusScheduled,2026-10-07T10:23:58.5922438Z,66.245581,64.243241,4041,1,0,WaitingForPhaseBoundary,0,0,1,17,High,1000.000000,1,,,,,0,0,0.000000,TaskSwitchPedal,0,1,0.500000,0.200000,2.000000,0.100000,0.200000,0.200000,-1331305820,5080.597333,5081.948623,67.596871,,,,,,,,,Move1,Move1.PickupCoarseMove,1,"{""pedalAxisName"":""TaskSwitchPedal"",""invertPedalAxis"":false,""highToneUsesPositivePedal"":true,""pressThreshold"":0.5,""releaseThreshold"":0.20000000298023225,""lowToneHz"":500.0,""highToneHz"":1000.0,""toneDurationSeconds"":0.20000000298023225,""volume"":0.20000000298023225,""minimumIntervalSeconds"":3.0,""maximumIntervalSeconds"":5.0,""responseTimeoutSeconds"":2.0,""minimumValidReactionSeconds"":0.10000000149011612,""randomSeed"":-1331305820}",,0,0.000000,
20261007T102252334Z_a2ac4ef9bb5b432c8b5db52d721e2425,,,1,1,StimulusOnsetObserved,2026-10-07T10:23:59.9693963Z,67.623831,65.621787,4111,1,0,WaitingForPhaseBoundary,0,0,1,17,High,1000.000000,1,,,,,1,0,0.000000,TaskSwitchPedal,0,1,0.500000,0.200000,2.000000,0.100000,0.200000,0.200000,-1331305820,5081.962667,5081.948623,67.596871,67.623831,0.026960,,1,0,WaitingForPhaseBoundary,Move1,Move1.PickupCoarseMove,Move1,Move1.PickupCoarseMove,1,"{""pedalAxisName"":""TaskSwitchPedal"",""invertPedalAxis"":false,""highToneUsesPositivePedal"":true,""pressThreshold"":0.5,""releaseThreshold"":0.20000000298023225,""lowToneHz"":500.0,""highToneHz"":1000.0,""toneDurationSeconds"":0.20000000298023225,""volume"":0.20000000298023225,""minimumIntervalSeconds"":3.0,""maximumIntervalSeconds"":5.0,""responseTimeoutSeconds"":2.0,""minimumValidReactionSeconds"":0.10000000149011612,""randomSeed"":-1331305820}",,0,0.000000,
20261007T102252334Z_a2ac4ef9bb5b432c8b5db52d721e2425,,,1,1,TrialFinished,2026-10-07T10:24:01.7867518Z,69.440147,67.377240,4204,1,0,WaitingForPhaseBoundary,0,0,1,17,High,1000.000000,1,,Interrupted,,,1,0,0.000000,TaskSwitchPedal,0,1,0.500000,0.200000,2.000000,0.100000,0.200000,0.200000,-1331305820,5083.776000,5081.948623,67.596871,67.623831,0.026960,,1,0,WaitingForPhaseBoundary,Move1,Move1.PickupCoarseMove,Move1,Move1.PickupCoarseMove,0,"{""pedalAxisName"":""TaskSwitchPedal"",""invertPedalAxis"":false,""highToneUsesPositivePedal"":true,""pressThreshold"":0.5,""releaseThreshold"":0.20000000298023225,""lowToneHz"":500.0,""highToneHz"":1000.0,""toneDurationSeconds"":0.20000000298023225,""volume"":0.20000000298023225,""minimumIntervalSeconds"":3.0,""maximumIntervalSeconds"":5.0,""responseTimeoutSeconds"":2.0,""minimumValidReactionSeconds"":0.10000000149011612,""randomSeed"":-1331305820}",LoggingStopped,0,0.000000,
20261007T102252334Z_a2ac4ef9bb5b432c8b5db52d721e2425,,,1,1,SubtaskStopped,2026-10-07T10:24:01.7867518Z,69.440817,67.377240,4204,1,0,WaitingForPhaseBoundary,0,0,1,,,,,,,,,0,0,0.000000,TaskSwitchPedal,0,1,0.500000,0.200000,2.000000,0.100000,0.200000,0.200000,-1331305820,5083.776000,,,,,,,,,,,Move1,Move1.PickupCoarseMove,0,"{""pedalAxisName"":""TaskSwitchPedal"",""invertPedalAxis"":false,""highToneUsesPositivePedal"":true,""pressThreshold"":0.5,""releaseThreshold"":0.20000000298023225,""lowToneHz"":500.0,""highToneHz"":1000.0,""toneDurationSeconds"":0.20000000298023225,""volume"":0.20000000298023225,""minimumIntervalSeconds"":3.0,""maximumIntervalSeconds"":5.0,""responseTimeoutSeconds"":2.0,""minimumValidReactionSeconds"":0.10000000149011612,""randomSeed"":-1331305820}",LoggingStopped,0,0.000000,
