session_id,participant_id,block_id,experiment_run_index,record_type,utc_timestamp,real_elapsed_s,operator_file_label,schema_version,unity_version,application_version,source_revision,scene,switch_method,source_crane_index,target_crane_index,target_runs_full_cycle,sample_interval_s,active_crane_count,movement_dead_zone,manager_configuration_json,operation_configuration_json,aoi_configuration_json,source_total_cycle_count,countdown_s,switch_schedule_csv,auditory_subtask_enabled,auditory_configuration_json
20261007T100007181Z_e407267f5160429bb1e8d9eb7b844d2c,,,1,LoggingStarted,2026-10-07T10:00:07.2083172Z,0.014514,bb,4,2022.3.4f1,0.1,,RemoteManagementScene(union),PhaseBoundary,0,1,1,0.050000,2,0.100000,"{""enableAuditorySubtask"":false,""auditorySubtask"":{""pedalAxisName"":""TaskSwitchPedal"",""invertPedalAxis"":false,""highToneUsesPositivePedal"":true,""pressThreshold"":0.5,""releaseThreshold"":0.20000000298023225,""lowToneHz"":500.0,""highToneHz"":1000.0,""toneDurationSeconds"":0.20000000298023225,""volume"":0.20000000298023225,""minimumIntervalSeconds"":3.0,""maximumIntervalSeconds"":5.0,""responseTimeoutSeconds"":2.0,""minimumValidReactionSeconds"":0.10000000149011612,""randomSeed"":0},""craneOperationManager"":{""instanceID"":445336},""craneRegistry"":{""instanceID"":449386},""interventionScenarioManager"":{""instanceID"":441346},""switchMethod"":2,""sourceCondition"":{""craneIndex"":0,""taskName"":""Source Task"",""workPhase"":0,""errorType"":0,""useSchematicStartZ"":true,""useDefaultTargetPointForPhase"":false,""targetPointIndex"":6,""targetXSelection"":0},""targetCondition"":{""craneIndex"":1,""taskName"":""Target Task"",""workPhase"":3,""errorType"":0,""useSchematicStartZ"":true,""useDefaultTargetPointForPhase"":true,""targetPointIndex"":6,""targetXSelection"":0},""countdownSeconds"":5.0,""sourceTotalCycleCount"":3,""useSwitchScheduleCsv"":true,""switchScheduleCsv"":{""instanceID"":43256},""sourcePhaseTracker"":{""instanceID"":443444},""targetPhaseTracker"":{""instanceID"":442228},""sourceWorkPhaseTracker"":{""instanceID"":443446},""targetWorkPhaseTracker"":{""instanceID"":442230},""sourceCycleController"":{""instanceID"":443452},""targetCycleController"":{""instanceID"":442236},""targetRunsFullCycle"":true,""useRealWorkPhaseBoundary"":true,""allowLegacyPhaseBoundaryFallback"":false,""confirmationPanel"":{""instanceID"":432172},""confirmationButton"":{""instanceID"":438720},""confirmationButtonText"":{""instanceID"":449380},""countdownPanel"":{""instanceID"":435184},""countdownText"":{""instanceID"":434622},""experimentStateText"":{""instanceID"":0},""confirmationInputButton"":""JoyStick2RedButton"",""targetConfirmationReadyText"":""赤ボタンで作業開始"",""sourceConfirmationReadyText"":""赤ボタンで作業再開"",""confirmationStandbyText"":""確認待機中"",""confirmationAcceptedText"":""確認入力を受け付けました"",""confirmationReadyColor"":{""r"":0.6499999761581421,""g"":1.0,""b"":0.10000000149011612,""a"":1.0},""confirmationStandbyColor"":{""r"":0.3499999940395355,""g"":0.3499999940395355,""b"":0.3499999940395355,""a"":1.0},""confirmationAcceptedColor"":{""r"":0.20000000298023225,""g"":0.8500000238418579,""b"":1.0,""a"":1.0},""confirmationAcceptedDisplaySeconds"":0.5,""objectsHiddenDuringExperiment"":[{""instanceID"":442322},{""instanceID"":444980},{""instanceID"":443482},{""instanceID"":438810},{""instanceID"":433608}],""initializeScenariosOnStartExperiment"":true,""clearScenariosOnExit"":true,""currentSwitchIndex"":0,""completedSwitchCount"":0}","{""operationMode"":0,""singleCraneIndex"":0,""craneRegistry"":{""instanceID"":449386},""displayLayoutManager"":{""instanceID"":436882},""targetInformationDisplay"":{""instanceID"":436494},""multiDisplayUiSet"":{""craneStatusScreen"":{""instanceID"":440902},""additionalCraneStatusScreens"":[{""instanceID"":433094}],""waitingScreen"":{""instanceID"":440550},""craneInformationDisplay"":{""instanceID"":436490},""lifMagCurrentButtons"":[{""instanceID"":439564},{""instanceID"":448178},{""instanceID"":447908},{""instanceID"":434862},{""instanceID"":440122}],""currentCraneNameText"":{""instanceID"":442554},""craneSelectButtons"":[{""instanceID"":445368},{""instanceID"":432078},{""instanceID"":431670},{""instanceID"":444904},{""instanceID"":437720},{""instanceID"":433632},{""instanceID"":449118},{""instanceID"":442372},{""instanceID"":432490},{""instanceID"":447596},{""instanceID"":445230},{""instanceID"":446204}],""lockUnlockButton"":{""instanceID"":441578},""lockUnlockButtonText"":{""instanceID"":438680},""additionalLockUnlockButtons"":[{""instanceID"":435166}],""additionalLockUnlockButtonTexts"":[{""instanceID"":437092}],""speedControlUIButtons"":[{""instanceID"":448452},{""instanceID"":445832},{""instanceID"":433468},{""instanceID"":432576},{""instanceID"":439862},{""instanceID"":439544}],""zSpeedText"":{""instanceID"":445494},""mainLifMagXSpeedText"":{""instanceID"":438156},""mainLifMagYSpeedText"":{""instanceID"":445590}},""singleDisplayUiSet"":{""craneStatusScreen"":{""instanceID"":447768},""additionalCraneStatusScreens"":[{""instanceID"":437320}],""waitingScreen"":{""instanceID"":442322},""craneInformationDisplay"":{""instanceID"":436490},""lifMagCurrentButtons"":[{""instanceID"":442120},{""instanceID"":445902},{""instanceID"":447846},{""instanceID"":432236},{""instanceID"":448106}],""currentCraneNameText"":{""instanceID"":438862},""craneSelectButtons"":[{""instanceID"":447130},{""instanceID"":432838},{""instanceID"":432200},{""instanceID"":436786},{""instanceID"":442358},{""instanceID"":443914},{""instanceID"":439004},{""instanceID"":440702},{""instanceID"":444776},{""instanceID"":444376},{""instanceID"":432630},{""instanceID"":441948}],""lockUnlockButton"":{""instanceID"":444422},""lockUnlockButtonText"":{""instanceID"":433124},""additionalLockUnlockButtons"":[{""instanceID"":442484}],""additionalLockUnlockButtonTexts"":[{""instanceID"":448724}],""speedControlUIButtons"":[{""instanceID"":447476},{""instanceID"":431358},{""instanceID"":444042},{""instanceID"":437380},{""instanceID"":442402},{""instanceID"":446952}],""zSpeedText"":{""instanceID"":445750},""mainLifMagXSpeedText"":{""instanceID"":436804},""mainLifMagYSpeedText"":{""instanceID"":448714}},""taskSwitchDisplayUiSet"":{""craneStatusScreen"":{""instanceID"":0},""additionalCraneStatusScreens"":[],""waitingScreen"":{""instanceID"":0},""craneInformationDisplay"":{""instanceID"":436490},""lifMagCurrentButtons"":[{""instanceID"":444120},{""instanceID"":438528},{""instanceID"":440166},{""instanceID"":440946},{""instanceID"":438540}],""currentCraneNameText"":{""instanceID"":433998},""craneSelectButtons"":[],""lockUnlockButton"":{""instanceID"":0},""lockUnlockButtonText"":{""instanceID"":0},""additionalLockUnlockButtons"":[],""additionalLockUnlockButtonTexts"":[],""speedControlUIButtons"":[],""zSpeedText"":{""instanceID"":0},""mainLifMagXSpeedText"":{""instanceID"":0},""mainLifMagYSpeedText"":{""instanceID"":0}},""interventionScenarioManager"":{""instanceID"":441346},""inputMode"":1,""speedControlMode"":1,""debugMode"":false,""joyStick2Horizontal"":""JoyStick2Horizontal"",""joyStick2Vertical"":""JoyStick2Vertical"",""joyStick3Vertical"":""JoyStick3Vertical"",""joyStick2Trigger"":""JoyStick2Trigger"",""joyStick3MiniVertical"":""JoyStick3MiniVertical"",""debugJoyStick2Horizontal"":""JoyStick1RightHorizontal"",""debugJoyStick2Vertical"":""JoyStick1RightVertical"",""debugJoyStick3Vertical"":""JoyStick1LeftVertical"",""deadZone"":0.10000000149011612,""currentCraneIndex"":-1,""lifMagCurrentCount"":5,""craneStatusManager"":{""instanceID"":438802},""hideInactiveCraneButtons"":true,""normalButtonColor"":{""r"":1.0,""g"":1.0,""b"":1.0,""a"":1.0},""selectedButtonColor"":{""r"":1.0,""g"":0.9215686321258545,""b"":0.01568627543747425,""a"":1.0},""unlockColor"":{""r"":0.699999988079071,""g"":1.0,""b"":0.699999988079071,""a"":1.0},""lockColor"":{""r"":1.0,""g"":0.699999988079071,""b"":0.699999988079071,""a"":1.0}}","{""areas"":[]}",3,5.000000,"switchIndex,sourceCycle,sourcePhase,minimumDelaySeconds,maximumDelaySeconds
1,1,Move1,0,10
2,2,LiftUp,0,10
3,3,Move2,0,10
",0,"{""pedalAxisName"":""TaskSwitchPedal"",""invertPedalAxis"":false,""highToneUsesPositivePedal"":true,""pressThreshold"":0.5,""releaseThreshold"":0.20000000298023225,""lowToneHz"":500.0,""highToneHz"":1000.0,""toneDurationSeconds"":0.20000000298023225,""volume"":0.20000000298023225,""minimumIntervalSeconds"":3.0,""maximumIntervalSeconds"":5.0,""responseTimeoutSeconds"":2.0,""minimumValidReactionSeconds"":0.10000000149011612,""randomSeed"":0}"
20261007T100007181Z_e407267f5160429bb1e8d9eb7b844d2c,,,1,ExperimentStarted,2026-10-07T10:00:10.1675837Z,2.973340,bb,4,2022.3.4f1,0.1,,RemoteManagementScene(union),PhaseBoundary,0,1,1,0.050000,2,0.100000,"{""enableAuditorySubtask"":false,""auditorySubtask"":{""pedalAxisName"":""TaskSwitchPedal"",""invertPedalAxis"":false,""highToneUsesPositivePedal"":true,""pressThreshold"":0.5,""releaseThreshold"":0.20000000298023225,""lowToneHz"":500.0,""highToneHz"":1000.0,""toneDurationSeconds"":0.20000000298023225,""volume"":0.20000000298023225,""minimumIntervalSeconds"":3.0,""maximumIntervalSeconds"":5.0,""responseTimeoutSeconds"":2.0,""minimumValidReactionSeconds"":0.10000000149011612,""randomSeed"":0},""craneOperationManager"":{""instanceID"":445336},""craneRegistry"":{""instanceID"":449386},""interventionScenarioManager"":{""instanceID"":441346},""switchMethod"":2,""sourceCondition"":{""craneIndex"":0,""taskName"":""Source Task"",""workPhase"":0,""errorType"":0,""useSchematicStartZ"":true,""useDefaultTargetPointForPhase"":false,""targetPointIndex"":6,""targetXSelection"":0},""targetCondition"":{""craneIndex"":1,""taskName"":""Target Task"",""workPhase"":0,""errorType"":0,""useSchematicStartZ"":true,""useDefaultTargetPointForPhase"":true,""targetPointIndex"":6,""targetXSelection"":0},""countdownSeconds"":5.0,""sourceTotalCycleCount"":3,""useSwitchScheduleCsv"":true,""switchScheduleCsv"":{""instanceID"":43256},""sourcePhaseTracker"":{""instanceID"":443444},""targetPhaseTracker"":{""instanceID"":442228},""sourceWorkPhaseTracker"":{""instanceID"":443446},""targetWorkPhaseTracker"":{""instanceID"":442230},""sourceCycleController"":{""instanceID"":443452},""targetCycleController"":{""instanceID"":442236},""targetRunsFullCycle"":true,""useRealWorkPhaseBoundary"":true,""allowLegacyPhaseBoundaryFallback"":false,""confirmationPanel"":{""instanceID"":432172},""confirmationButton"":{""instanceID"":438720},""confirmationButtonText"":{""instanceID"":449380},""countdownPanel"":{""instanceID"":435184},""countdownText"":{""instanceID"":434622},""experimentStateText"":{""instanceID"":0},""confirmationInputButton"":""JoyStick2RedButton"",""targetConfirmationReadyText"":""赤ボタンで作業開始"",""sourceConfirmationReadyText"":""赤ボタンで作業再開"",""confirmationStandbyText"":""確認待機中"",""confirmationAcceptedText"":""確認入力を受け付けました"",""confirmationReadyColor"":{""r"":0.6499999761581421,""g"":1.0,""b"":0.10000000149011612,""a"":1.0},""confirmationStandbyColor"":{""r"":0.3499999940395355,""g"":0.3499999940395355,""b"":0.3499999940395355,""a"":1.0},""confirmationAcceptedColor"":{""r"":0.20000000298023225,""g"":0.8500000238418579,""b"":1.0,""a"":1.0},""confirmationAcceptedDisplaySeconds"":0.5,""objectsHiddenDuringExperiment"":[{""instanceID"":442322},{""instanceID"":444980},{""instanceID"":443482},{""instanceID"":438810},{""instanceID"":433608}],""initializeScenariosOnStartExperiment"":true,""clearScenariosOnExit"":true,""currentSwitchIndex"":0,""completedSwitchCount"":0}","{""operationMode"":0,""singleCraneIndex"":0,""craneRegistry"":{""instanceID"":449386},""displayLayoutManager"":{""instanceID"":436882},""targetInformationDisplay"":{""instanceID"":436494},""multiDisplayUiSet"":{""craneStatusScreen"":{""instanceID"":440902},""additionalCraneStatusScreens"":[{""instanceID"":433094}],""waitingScreen"":{""instanceID"":440550},""craneInformationDisplay"":{""instanceID"":436490},""lifMagCurrentButtons"":[{""instanceID"":439564},{""instanceID"":448178},{""instanceID"":447908},{""instanceID"":434862},{""instanceID"":440122}],""currentCraneNameText"":{""instanceID"":442554},""craneSelectButtons"":[{""instanceID"":445368},{""instanceID"":432078},{""instanceID"":431670},{""instanceID"":444904},{""instanceID"":437720},{""instanceID"":433632},{""instanceID"":449118},{""instanceID"":442372},{""instanceID"":432490},{""instanceID"":447596},{""instanceID"":445230},{""instanceID"":446204}],""lockUnlockButton"":{""instanceID"":441578},""lockUnlockButtonText"":{""instanceID"":438680},""additionalLockUnlockButtons"":[{""instanceID"":435166}],""additionalLockUnlockButtonTexts"":[{""instanceID"":437092}],""speedControlUIButtons"":[{""instanceID"":448452},{""instanceID"":445832},{""instanceID"":433468},{""instanceID"":432576},{""instanceID"":439862},{""instanceID"":439544}],""zSpeedText"":{""instanceID"":445494},""mainLifMagXSpeedText"":{""instanceID"":438156},""mainLifMagYSpeedText"":{""instanceID"":445590}},""singleDisplayUiSet"":{""craneStatusScreen"":{""instanceID"":447768},""additionalCraneStatusScreens"":[{""instanceID"":437320}],""waitingScreen"":{""instanceID"":442322},""craneInformationDisplay"":{""instanceID"":436490},""lifMagCurrentButtons"":[{""instanceID"":442120},{""instanceID"":445902},{""instanceID"":447846},{""instanceID"":432236},{""instanceID"":448106}],""currentCraneNameText"":{""instanceID"":438862},""craneSelectButtons"":[{""instanceID"":447130},{""instanceID"":432838},{""instanceID"":432200},{""instanceID"":436786},{""instanceID"":442358},{""instanceID"":443914},{""instanceID"":439004},{""instanceID"":440702},{""instanceID"":444776},{""instanceID"":444376},{""instanceID"":432630},{""instanceID"":441948}],""lockUnlockButton"":{""instanceID"":444422},""lockUnlockButtonText"":{""instanceID"":433124},""additionalLockUnlockButtons"":[{""instanceID"":442484}],""additionalLockUnlockButtonTexts"":[{""instanceID"":448724}],""speedControlUIButtons"":[{""instanceID"":447476},{""instanceID"":431358},{""instanceID"":444042},{""instanceID"":437380},{""instanceID"":442402},{""instanceID"":446952}],""zSpeedText"":{""instanceID"":445750},""mainLifMagXSpeedText"":{""instanceID"":436804},""mainLifMagYSpeedText"":{""instanceID"":448714}},""taskSwitchDisplayUiSet"":{""craneStatusScreen"":{""instanceID"":0},""additionalCraneStatusScreens"":[],""waitingScreen"":{""instanceID"":0},""craneInformationDisplay"":{""instanceID"":436490},""lifMagCurrentButtons"":[{""instanceID"":444120},{""instanceID"":438528},{""instanceID"":440166},{""instanceID"":440946},{""instanceID"":438540}],""currentCraneNameText"":{""instanceID"":433998},""craneSelectButtons"":[],""lockUnlockButton"":{""instanceID"":0},""lockUnlockButtonText"":{""instanceID"":0},""additionalLockUnlockButtons"":[],""additionalLockUnlockButtonTexts"":[],""speedControlUIButtons"":[],""zSpeedText"":{""instanceID"":0},""mainLifMagXSpeedText"":{""instanceID"":0},""mainLifMagYSpeedText"":{""instanceID"":0}},""interventionScenarioManager"":{""instanceID"":441346},""inputMode"":1,""speedControlMode"":1,""debugMode"":false,""joyStick2Horizontal"":""JoyStick2Horizontal"",""joyStick2Vertical"":""JoyStick2Vertical"",""joyStick3Vertical"":""JoyStick3Vertical"",""joyStick2Trigger"":""JoyStick2Trigger"",""joyStick3MiniVertical"":""JoyStick3MiniVertical"",""debugJoyStick2Horizontal"":""JoyStick1RightHorizontal"",""debugJoyStick2Vertical"":""JoyStick1RightVertical"",""debugJoyStick3Vertical"":""JoyStick1LeftVertical"",""deadZone"":0.10000000149011612,""currentCraneIndex"":0,""lifMagCurrentCount"":5,""craneStatusManager"":{""instanceID"":438802},""hideInactiveCraneButtons"":true,""normalButtonColor"":{""r"":1.0,""g"":1.0,""b"":1.0,""a"":1.0},""selectedButtonColor"":{""r"":1.0,""g"":0.9215686321258545,""b"":0.01568627543747425,""a"":1.0},""unlockColor"":{""r"":0.699999988079071,""g"":1.0,""b"":0.699999988079071,""a"":1.0},""lockColor"":{""r"":1.0,""g"":0.699999988079071,""b"":0.699999988079071,""a"":1.0}}","{""areas"":[]}",3,5.000000,"switchIndex,sourceCycle,sourcePhase,minimumDelaySeconds,maximumDelaySeconds
1,1,Move1,0,10
2,2,LiftUp,0,10
3,3,Move2,0,10
",0,"{""pedalAxisName"":""TaskSwitchPedal"",""invertPedalAxis"":false,""highToneUsesPositivePedal"":true,""pressThreshold"":0.5,""releaseThreshold"":0.20000000298023225,""lowToneHz"":500.0,""highToneHz"":1000.0,""toneDurationSeconds"":0.20000000298023225,""volume"":0.20000000298023225,""minimumIntervalSeconds"":3.0,""maximumIntervalSeconds"":5.0,""responseTimeoutSeconds"":2.0,""minimumValidReactionSeconds"":0.10000000149011612,""randomSeed"":0}"
20261007T100007181Z_e407267f5160429bb1e8d9eb7b844d2c,,,1,LoggingStopped,2026-10-07T10:00:32.3404510Z,25.145945,bb,4,2022.3.4f1,0.1,,RemoteManagementScene(union),PhaseBoundary,0,1,1,0.050000,2,0.100000,"{""enableAuditorySubtask"":false,""auditorySubtask"":{""pedalAxisName"":""TaskSwitchPedal"",""invertPedalAxis"":false,""highToneUsesPositivePedal"":true,""pressThreshold"":0.5,""releaseThreshold"":0.20000000298023225,""lowToneHz"":500.0,""highToneHz"":1000.0,""toneDurationSeconds"":0.20000000298023225,""volume"":0.20000000298023225,""minimumIntervalSeconds"":3.0,""maximumIntervalSeconds"":5.0,""responseTimeoutSeconds"":2.0,""minimumValidReactionSeconds"":0.10000000149011612,""randomSeed"":0},""craneOperationManager"":{""instanceID"":445336},""craneRegistry"":{""instanceID"":449386},""interventionScenarioManager"":{""instanceID"":441346},""switchMethod"":2,""sourceCondition"":{""craneIndex"":0,""taskName"":""Source Task"",""workPhase"":0,""errorType"":0,""useSchematicStartZ"":true,""useDefaultTargetPointForPhase"":false,""targetPointIndex"":6,""targetXSelection"":0},""targetCondition"":{""craneIndex"":1,""taskName"":""Target Task"",""workPhase"":0,""errorType"":0,""useSchematicStartZ"":true,""useDefaultTargetPointForPhase"":true,""targetPointIndex"":6,""targetXSelection"":0},""countdownSeconds"":5.0,""sourceTotalCycleCount"":3,""useSwitchScheduleCsv"":true,""switchScheduleCsv"":{""instanceID"":43256},""sourcePhaseTracker"":{""instanceID"":443444},""targetPhaseTracker"":{""instanceID"":442228},""sourceWorkPhaseTracker"":{""instanceID"":443446},""targetWorkPhaseTracker"":{""instanceID"":442230},""sourceCycleController"":{""instanceID"":443452},""targetCycleController"":{""instanceID"":442236},""targetRunsFullCycle"":true,""useRealWorkPhaseBoundary"":true,""allowLegacyPhaseBoundaryFallback"":false,""confirmationPanel"":{""instanceID"":432172},""confirmationButton"":{""instanceID"":438720},""confirmationButtonText"":{""instanceID"":449380},""countdownPanel"":{""instanceID"":435184},""countdownText"":{""instanceID"":434622},""experimentStateText"":{""instanceID"":0},""confirmationInputButton"":""JoyStick2RedButton"",""targetConfirmationReadyText"":""赤ボタンで作業開始"",""sourceConfirmationReadyText"":""赤ボタンで作業再開"",""confirmationStandbyText"":""確認待機中"",""confirmationAcceptedText"":""確認入力を受け付けました"",""confirmationReadyColor"":{""r"":0.6499999761581421,""g"":1.0,""b"":0.10000000149011612,""a"":1.0},""confirmationStandbyColor"":{""r"":0.3499999940395355,""g"":0.3499999940395355,""b"":0.3499999940395355,""a"":1.0},""confirmationAcceptedColor"":{""r"":0.20000000298023225,""g"":0.8500000238418579,""b"":1.0,""a"":1.0},""confirmationAcceptedDisplaySeconds"":0.5,""objectsHiddenDuringExperiment"":[{""instanceID"":442322},{""instanceID"":444980},{""instanceID"":443482},{""instanceID"":438810},{""instanceID"":433608}],""initializeScenariosOnStartExperiment"":true,""clearScenariosOnExit"":true,""currentSwitchIndex"":1,""completedSwitchCount"":0}","{""operationMode"":0,""singleCraneIndex"":0,""craneRegistry"":{""instanceID"":449386},""displayLayoutManager"":{""instanceID"":436882},""targetInformationDisplay"":{""instanceID"":436494},""multiDisplayUiSet"":{""craneStatusScreen"":{""instanceID"":440902},""additionalCraneStatusScreens"":[{""instanceID"":433094}],""waitingScreen"":{""instanceID"":440550},""craneInformationDisplay"":{""instanceID"":436490},""lifMagCurrentButtons"":[{""instanceID"":439564},{""instanceID"":448178},{""instanceID"":447908},{""instanceID"":434862},{""instanceID"":440122}],""currentCraneNameText"":{""instanceID"":442554},""craneSelectButtons"":[{""instanceID"":445368},{""instanceID"":432078},{""instanceID"":431670},{""instanceID"":444904},{""instanceID"":437720},{""instanceID"":433632},{""instanceID"":449118},{""instanceID"":442372},{""instanceID"":432490},{""instanceID"":447596},{""instanceID"":445230},{""instanceID"":446204}],""lockUnlockButton"":{""instanceID"":441578},""lockUnlockButtonText"":{""instanceID"":438680},""additionalLockUnlockButtons"":[{""instanceID"":435166}],""additionalLockUnlockButtonTexts"":[{""instanceID"":437092}],""speedControlUIButtons"":[{""instanceID"":448452},{""instanceID"":445832},{""instanceID"":433468},{""instanceID"":432576},{""instanceID"":439862},{""instanceID"":439544}],""zSpeedText"":{""instanceID"":445494},""mainLifMagXSpeedText"":{""instanceID"":438156},""mainLifMagYSpeedText"":{""instanceID"":445590}},""singleDisplayUiSet"":{""craneStatusScreen"":{""instanceID"":447768},""additionalCraneStatusScreens"":[{""instanceID"":437320}],""waitingScreen"":{""instanceID"":442322},""craneInformationDisplay"":{""instanceID"":436490},""lifMagCurrentButtons"":[{""instanceID"":442120},{""instanceID"":445902},{""instanceID"":447846},{""instanceID"":432236},{""instanceID"":448106}],""currentCraneNameText"":{""instanceID"":438862},""craneSelectButtons"":[{""instanceID"":447130},{""instanceID"":432838},{""instanceID"":432200},{""instanceID"":436786},{""instanceID"":442358},{""instanceID"":443914},{""instanceID"":439004},{""instanceID"":440702},{""instanceID"":444776},{""instanceID"":444376},{""instanceID"":432630},{""instanceID"":441948}],""lockUnlockButton"":{""instanceID"":444422},""lockUnlockButtonText"":{""instanceID"":433124},""additionalLockUnlockButtons"":[{""instanceID"":442484}],""additionalLockUnlockButtonTexts"":[{""instanceID"":448724}],""speedControlUIButtons"":[{""instanceID"":447476},{""instanceID"":431358},{""instanceID"":444042},{""instanceID"":437380},{""instanceID"":442402},{""instanceID"":446952}],""zSpeedText"":{""instanceID"":445750},""mainLifMagXSpeedText"":{""instanceID"":436804},""mainLifMagYSpeedText"":{""instanceID"":448714}},""taskSwitchDisplayUiSet"":{""craneStatusScreen"":{""instanceID"":0},""additionalCraneStatusScreens"":[],""waitingScreen"":{""instanceID"":0},""craneInformationDisplay"":{""instanceID"":436490},""lifMagCurrentButtons"":[{""instanceID"":444120},{""instanceID"":438528},{""instanceID"":440166},{""instanceID"":440946},{""instanceID"":438540}],""currentCraneNameText"":{""instanceID"":433998},""craneSelectButtons"":[],""lockUnlockButton"":{""instanceID"":0},""lockUnlockButtonText"":{""instanceID"":0},""additionalLockUnlockButtons"":[],""additionalLockUnlockButtonTexts"":[],""speedControlUIButtons"":[],""zSpeedText"":{""instanceID"":0},""mainLifMagXSpeedText"":{""instanceID"":0},""mainLifMagYSpeedText"":{""instanceID"":0}},""interventionScenarioManager"":{""instanceID"":441346},""inputMode"":1,""speedControlMode"":1,""debugMode"":false,""joyStick2Horizontal"":""JoyStick2Horizontal"",""joyStick2Vertical"":""JoyStick2Vertical"",""joyStick3Vertical"":""JoyStick3Vertical"",""joyStick2Trigger"":""JoyStick2Trigger"",""joyStick3MiniVertical"":""JoyStick3MiniVertical"",""debugJoyStick2Horizontal"":""JoyStick1RightHorizontal"",""debugJoyStick2Vertical"":""JoyStick1RightVertical"",""debugJoyStick3Vertical"":""JoyStick1LeftVertical"",""deadZone"":0.10000000149011612,""currentCraneIndex"":0,""lifMagCurrentCount"":5,""craneStatusManager"":{""instanceID"":438802},""hideInactiveCraneButtons"":true,""normalButtonColor"":{""r"":1.0,""g"":1.0,""b"":1.0,""a"":1.0},""selectedButtonColor"":{""r"":1.0,""g"":0.9215686321258545,""b"":0.01568627543747425,""a"":1.0},""unlockColor"":{""r"":0.699999988079071,""g"":1.0,""b"":0.699999988079071,""a"":1.0},""lockColor"":{""r"":1.0,""g"":0.699999988079071,""b"":0.699999988079071,""a"":1.0}}","{""areas"":[]}",3,5.000000,"switchIndex,sourceCycle,sourcePhase,minimumDelaySeconds,maximumDelaySeconds
1,1,Move1,0,10
2,2,LiftUp,0,10
3,3,Move2,0,10
",0,"{""pedalAxisName"":""TaskSwitchPedal"",""invertPedalAxis"":false,""highToneUsesPositivePedal"":true,""pressThreshold"":0.5,""releaseThreshold"":0.20000000298023225,""lowToneHz"":500.0,""highToneHz"":1000.0,""toneDurationSeconds"":0.20000000298023225,""volume"":0.20000000298023225,""minimumIntervalSeconds"":3.0,""maximumIntervalSeconds"":5.0,""responseTimeoutSeconds"":2.0,""minimumValidReactionSeconds"":0.10000000149011612,""randomSeed"":0}"
