session_id,participant_id,block_id,experiment_run_index,record_type,utc_timestamp,real_elapsed_s,operator_file_label,schema_version,unity_version,application_version,source_revision,scene,switch_method,source_crane_index,target_crane_index,target_runs_full_cycle,sample_interval_s,active_crane_count,movement_dead_zone,manager_configuration_json,operation_configuration_json,aoi_configuration_json,source_total_cycle_count,countdown_s,switch_schedule_csv,auditory_subtask_enabled,auditory_configuration_json,secondary_task_mode,visual_subtask_enabled,visual_configuration_json,work_conditions_csv,target_task_pattern
20261009T035616005Z_a62493eb60ab4729b660e2077d349f0e,,,1,LoggingStarted,2026-10-09T03:56:16.0321679Z,0.014089,1009_pa_4,9,2022.3.4f1,0.1,,RemoteManagementScene(union),OperatorInitiated,0,1,0,0.050000,2,0.100000,"{""enableAuditorySubtask"":false,""auditorySubtask"":{""pedalAxisName"":""TaskSwitchPedal"",""usePlusMinusKeys"":true,""positivePedalKey"":61,""negativePedalKey"":45,""invertPedalAxis"":false,""highToneUsesPositivePedal"":true,""pressThreshold"":0.5,""releaseThreshold"":0.20000000298023225,""lowToneHz"":500.0,""highToneHz"":1000.0,""toneDurationSeconds"":0.20000000298023225,""volume"":0.20000000298023225,""minimumIntervalSeconds"":3.0,""maximumIntervalSeconds"":5.0,""responseTimeoutSeconds"":2.0,""minimumValidReactionSeconds"":0.10000000149011612,""randomSeed"":0},""craneOperationManager"":{""instanceID"":38946},""craneRegistry"":{""instanceID"":42996},""interventionScenarioManager"":{""instanceID"":34956},""switchMethod"":3,""sourceCondition"":{""craneIndex"":0,""taskName"":""Source Task"",""workPhase"":0,""errorType"":0,""useSchematicStartZ"":true,""useDefaultTargetPointForPhase"":false,""targetPointIndex"":6,""targetXSelection"":0},""targetCondition"":{""craneIndex"":1,""taskName"":""Target Task"",""workPhase"":3,""errorType"":0,""useSchematicStartZ"":true,""useDefaultTargetPointForPhase"":true,""targetPointIndex"":6,""targetXSelection"":0},""countdownSeconds"":5.0,""sourceTotalCycleCount"":5,""useSwitchScheduleCsv"":false,""switchScheduleCsv"":{""instanceID"":43302},""sourcePhaseTracker"":{""instanceID"":37054},""targetPhaseTracker"":{""instanceID"":35838},""sourceWorkPhaseTracker"":{""instanceID"":37056},""targetWorkPhaseTracker"":{""instanceID"":35840},""sourceCycleController"":{""instanceID"":37062},""targetCycleController"":{""instanceID"":35846},""useRealWorkPhaseBoundary"":true,""allowLegacyPhaseBoundaryFallback"":false,""confirmationPanel"":{""instanceID"":25782},""confirmationButton"":{""instanceID"":32330},""confirmationButtonText"":{""instanceID"":42990},""countdownPanel"":{""instanceID"":28794},""countdownText"":{""instanceID"":28232},""experimentStateText"":{""instanceID"":0},""confirmationInputButton"":""JoyStick2RedButton"",""targetConfirmationReadyText"":""赤ボタンで作業開始"",""sourceConfirmationReadyText"":""赤ボタンで作業再開"",""confirmationStandbyText"":""確認待機中"",""confirmationAcceptedText"":""確認入力を受け付けました"",""confirmationReadyColor"":{""r"":0.6499999761581421,""g"":1.0,""b"":0.10000000149011612,""a"":1.0},""confirmationStandbyColor"":{""r"":0.3499999940395355,""g"":0.3499999940395355,""b"":0.3499999940395355,""a"":1.0},""confirmationAcceptedColor"":{""r"":0.20000000298023225,""g"":0.8500000238418579,""b"":1.0,""a"":1.0},""confirmationAcceptedDisplaySeconds"":0.5,""objectsHiddenDuringExperiment"":[{""instanceID"":35932},{""instanceID"":38590},{""instanceID"":37092},{""instanceID"":32420},{""instanceID"":27218}],""initializeScenariosOnStartExperiment"":true,""clearScenariosOnExit"":true,""currentSwitchIndex"":0,""completedSwitchCount"":0,""secondaryTaskMode"":2,""secondaryTaskSelectionMigrated"":true,""visualSubtask"":{""pedalAxisName"":""TaskSwitchPedal"",""usePlusMinusKeys"":true,""positivePedalKey"":61,""negativePedalKey"":45,""invertPedalAxis"":false,""pressThreshold"":0.5,""releaseThreshold"":0.20000000298023225,""minimumIntervalSeconds"":5.0,""maximumIntervalSeconds"":10.0,""minimumValidReactionSeconds"":0.10000000149011612,""randomSeed"":0},""visualLeftIndicator"":{""instanceID"":43246},""visualRightIndicator"":{""instanceID"":43254},""pedalInputDiagnostics"":""Mode=Visual, Running=False, Paused=True, Focused=True, OperationEnabled=False\nAxis=TaskSwitchPedal, AxisRaw=0.000, Source=Axis\nPlusKey=False, MinusKey=False, Conflict=False, Effective=0.000\nArmed=False, Expected=Waiting for stimulus, LastResponse=\nRightKey=Equals, LeftKey=Minus, LastKeyDown=Alpha4, Error="",""useSwitchMethodCsvPairs"":true,""confirmAfterDisplaySwitchCsv"":{""switchScheduleCsv"":{""instanceID"":43302},""workConditionsCsv"":{""instanceID"":43304}},""countdownCsv"":{""switchScheduleCsv"":{""instanceID"":43306},""workConditionsCsv"":{""instanceID"":43308}},""phaseBoundaryCsv"":{""switchScheduleCsv"":{""instanceID"":43310},""workConditionsCsv"":{""instanceID"":43312}},""operatorInitiatedCsv"":{""switchScheduleCsv"":{""instanceID"":43314},""workConditionsCsv"":{""instanceID"":43316}},""workConditionsCsv"":{""instanceID"":43318},""targetTaskPattern"":0}","{""operationMode"":0,""singleCraneIndex"":0,""craneRegistry"":{""instanceID"":42996},""displayLayoutManager"":{""instanceID"":30492},""targetInformationDisplay"":{""instanceID"":30104},""multiDisplayUiSet"":{""craneStatusScreen"":{""instanceID"":34512},""additionalCraneStatusScreens"":[{""instanceID"":26704}],""waitingScreen"":{""instanceID"":34160},""craneInformationDisplay"":{""instanceID"":30100},""lifMagCurrentButtons"":[{""instanceID"":33174},{""instanceID"":41788},{""instanceID"":41518},{""instanceID"":28472},{""instanceID"":33732}],""currentCraneNameText"":{""instanceID"":36164},""craneSelectButtons"":[{""instanceID"":38978},{""instanceID"":25688},{""instanceID"":25280},{""instanceID"":38514},{""instanceID"":31330},{""instanceID"":27242},{""instanceID"":42728},{""instanceID"":35982},{""instanceID"":26100},{""instanceID"":41206},{""instanceID"":38840},{""instanceID"":39814}],""lockUnlockButton"":{""instanceID"":35188},""lockUnlockButtonText"":{""instanceID"":32290},""additionalLockUnlockButtons"":[{""instanceID"":28776}],""additionalLockUnlockButtonTexts"":[{""instanceID"":30702}],""speedControlUIButtons"":[{""instanceID"":42062},{""instanceID"":39442},{""instanceID"":27078},{""instanceID"":26186},{""instanceID"":33472},{""instanceID"":33154}],""zSpeedText"":{""instanceID"":39104},""mainLifMagXSpeedText"":{""instanceID"":31766},""mainLifMagYSpeedText"":{""instanceID"":39200}},""singleDisplayUiSet"":{""craneStatusScreen"":{""instanceID"":41378},""additionalCraneStatusScreens"":[{""instanceID"":30930}],""waitingScreen"":{""instanceID"":35932},""craneInformationDisplay"":{""instanceID"":30100},""lifMagCurrentButtons"":[{""instanceID"":35730},{""instanceID"":39512},{""instanceID"":41456},{""instanceID"":25846},{""instanceID"":41716}],""currentCraneNameText"":{""instanceID"":32472},""craneSelectButtons"":[{""instanceID"":40740},{""instanceID"":26448},{""instanceID"":25810},{""instanceID"":30396},{""instanceID"":35968},{""instanceID"":37524},{""instanceID"":32614},{""instanceID"":34312},{""instanceID"":38386},{""instanceID"":37986},{""instanceID"":26240},{""instanceID"":35558}],""lockUnlockButton"":{""instanceID"":38032},""lockUnlockButtonText"":{""instanceID"":26734},""additionalLockUnlockButtons"":[{""instanceID"":36094}],""additionalLockUnlockButtonTexts"":[{""instanceID"":42334}],""speedControlUIButtons"":[{""instanceID"":41086},{""instanceID"":24968},{""instanceID"":37652},{""instanceID"":30990},{""instanceID"":36012},{""instanceID"":40562}],""zSpeedText"":{""instanceID"":39360},""mainLifMagXSpeedText"":{""instanceID"":30414},""mainLifMagYSpeedText"":{""instanceID"":42324}},""taskSwitchDisplayUiSet"":{""craneStatusScreen"":{""instanceID"":0},""additionalCraneStatusScreens"":[],""waitingScreen"":{""instanceID"":0},""craneInformationDisplay"":{""instanceID"":30100},""lifMagCurrentButtons"":[{""instanceID"":37730},{""instanceID"":32138},{""instanceID"":33776},{""instanceID"":34556},{""instanceID"":32150}],""currentCraneNameText"":{""instanceID"":27608},""craneSelectButtons"":[],""lockUnlockButton"":{""instanceID"":0},""lockUnlockButtonText"":{""instanceID"":0},""additionalLockUnlockButtons"":[],""additionalLockUnlockButtonTexts"":[],""speedControlUIButtons"":[],""zSpeedText"":{""instanceID"":0},""mainLifMagXSpeedText"":{""instanceID"":0},""mainLifMagYSpeedText"":{""instanceID"":0}},""interventionScenarioManager"":{""instanceID"":34956},""currentControlIndicatorOffset"":{""x"":40.0,""y"":0.0},""currentControlIndicatorSize"":{""x"":180.0,""y"":100.0},""currentControlAvailableColor"":{""r"":0.30000001192092898,""g"":0.8500000238418579,""b"":0.4000000059604645,""a"":1.0},""currentControlUnavailableColor"":{""r"":0.550000011920929,""g"":0.550000011920929,""b"":0.550000011920929,""a"":1.0},""inputMode"":1,""speedControlMode"":1,""debugMode"":false,""joyStick2Horizontal"":""JoyStick2Horizontal"",""joyStick2Vertical"":""JoyStick2Vertical"",""joyStick3Vertical"":""JoyStick3Vertical"",""joyStick2Trigger"":""JoyStick2Trigger"",""joyStick3MiniVertical"":""JoyStick3MiniVertical"",""debugJoyStick2Horizontal"":""JoyStick1RightHorizontal"",""debugJoyStick2Vertical"":""JoyStick1RightVertical"",""debugJoyStick3Vertical"":""JoyStick1LeftVertical"",""deadZone"":0.10000000149011612,""currentCraneIndex"":-1,""lifMagCurrentCount"":5,""craneStatusManager"":{""instanceID"":32412},""hideInactiveCraneButtons"":true,""normalButtonColor"":{""r"":1.0,""g"":1.0,""b"":1.0,""a"":1.0},""selectedButtonColor"":{""r"":1.0,""g"":0.9215686321258545,""b"":0.01568627543747425,""a"":1.0},""unlockColor"":{""r"":0.699999988079071,""g"":1.0,""b"":0.699999988079071,""a"":1.0},""lockColor"":{""r"":1.0,""g"":0.699999988079071,""b"":0.699999988079071,""a"":1.0}}","{""areas"":[]}",5,5.000000,"switchIndex,sourceCycle,sourcePhase,minimumDelaySeconds,maximumDelaySeconds,targetTaskPattern
1,1,Move2,1,9,Move1ToLiftUp
2,2,LiftUp,1,9,Move2ToPlace
3,2,Place,1,9,Move1ToLiftUp
4,3,LiftUp,1,9,Move2ToPlace
5,4,Move1,1,9,Move1ToLiftUp
6,4,Place,1,9,Move2ToPlace
7,5,Move1,1,9,Move1ToLiftUp
8,5,Move2,1,9,Move2ToPlace
",0,"{""pedalAxisName"":""TaskSwitchPedal"",""usePlusMinusKeys"":true,""positivePedalKey"":61,""negativePedalKey"":45,""invertPedalAxis"":false,""highToneUsesPositivePedal"":true,""pressThreshold"":0.5,""releaseThreshold"":0.20000000298023225,""lowToneHz"":500.0,""highToneHz"":1000.0,""toneDurationSeconds"":0.20000000298023225,""volume"":0.20000000298023225,""minimumIntervalSeconds"":3.0,""maximumIntervalSeconds"":5.0,""responseTimeoutSeconds"":2.0,""minimumValidReactionSeconds"":0.10000000149011612,""randomSeed"":0}",Visual,1,"{""pedalAxisName"":""TaskSwitchPedal"",""usePlusMinusKeys"":true,""positivePedalKey"":61,""negativePedalKey"":45,""invertPedalAxis"":false,""pressThreshold"":0.5,""releaseThreshold"":0.20000000298023225,""minimumIntervalSeconds"":5.0,""maximumIntervalSeconds"":10.0,""minimumValidReactionSeconds"":0.10000000149011612,""randomSeed"":0}","role,index,pickupX,pickupZ,placementX,placementZ,pickupCount,placementCount
Source,1,4,-4,-4,-2,1,1
Source,2,4,0,-4,-4,2,2
Source,3,4,-2,-4,0,1,1
Source,4,4,4,-4,2,2,2
Source,5,4,0,-4,4,1,1
Target,1,16,-2,24,0,1,1
Target,2,24,-2,16,0,1,1
Target,3,16,2,24,0,2,2
Target,4,24,2,16,0,1,1
Target,5,16,4,24,0,2,2
Target,6,24,4,16,0,1,1
Target,7,16,-4,24,0,1,1
Target,8,24,-4,16,0,2,2
",Move1ToLiftUp
20261009T035616005Z_a62493eb60ab4729b660e2077d349f0e,,,1,ExperimentStarted,2026-10-09T03:56:18.5614171Z,2.542581,1009_pa_4,9,2022.3.4f1,0.1,,RemoteManagementScene(union),OperatorInitiated,0,1,0,0.050000,2,0.100000,"{""enableAuditorySubtask"":false,""auditorySubtask"":{""pedalAxisName"":""TaskSwitchPedal"",""usePlusMinusKeys"":true,""positivePedalKey"":61,""negativePedalKey"":45,""invertPedalAxis"":false,""highToneUsesPositivePedal"":true,""pressThreshold"":0.5,""releaseThreshold"":0.20000000298023225,""lowToneHz"":500.0,""highToneHz"":1000.0,""toneDurationSeconds"":0.20000000298023225,""volume"":0.20000000298023225,""minimumIntervalSeconds"":3.0,""maximumIntervalSeconds"":5.0,""responseTimeoutSeconds"":2.0,""minimumValidReactionSeconds"":0.10000000149011612,""randomSeed"":0},""craneOperationManager"":{""instanceID"":38946},""craneRegistry"":{""instanceID"":42996},""interventionScenarioManager"":{""instanceID"":34956},""switchMethod"":3,""sourceCondition"":{""craneIndex"":0,""taskName"":""Source Task"",""workPhase"":0,""errorType"":0,""useSchematicStartZ"":true,""useDefaultTargetPointForPhase"":false,""targetPointIndex"":6,""targetXSelection"":0},""targetCondition"":{""craneIndex"":1,""taskName"":""Target Task"",""workPhase"":0,""errorType"":0,""useSchematicStartZ"":true,""useDefaultTargetPointForPhase"":true,""targetPointIndex"":6,""targetXSelection"":0},""countdownSeconds"":5.0,""sourceTotalCycleCount"":5,""useSwitchScheduleCsv"":false,""switchScheduleCsv"":{""instanceID"":43302},""sourcePhaseTracker"":{""instanceID"":37054},""targetPhaseTracker"":{""instanceID"":35838},""sourceWorkPhaseTracker"":{""instanceID"":37056},""targetWorkPhaseTracker"":{""instanceID"":35840},""sourceCycleController"":{""instanceID"":37062},""targetCycleController"":{""instanceID"":35846},""useRealWorkPhaseBoundary"":true,""allowLegacyPhaseBoundaryFallback"":false,""confirmationPanel"":{""instanceID"":25782},""confirmationButton"":{""instanceID"":32330},""confirmationButtonText"":{""instanceID"":42990},""countdownPanel"":{""instanceID"":28794},""countdownText"":{""instanceID"":28232},""experimentStateText"":{""instanceID"":0},""confirmationInputButton"":""JoyStick2RedButton"",""targetConfirmationReadyText"":""赤ボタンで作業開始"",""sourceConfirmationReadyText"":""赤ボタンで作業再開"",""confirmationStandbyText"":""確認待機中"",""confirmationAcceptedText"":""確認入力を受け付けました"",""confirmationReadyColor"":{""r"":0.6499999761581421,""g"":1.0,""b"":0.10000000149011612,""a"":1.0},""confirmationStandbyColor"":{""r"":0.3499999940395355,""g"":0.3499999940395355,""b"":0.3499999940395355,""a"":1.0},""confirmationAcceptedColor"":{""r"":0.20000000298023225,""g"":0.8500000238418579,""b"":1.0,""a"":1.0},""confirmationAcceptedDisplaySeconds"":0.5,""objectsHiddenDuringExperiment"":[{""instanceID"":35932},{""instanceID"":38590},{""instanceID"":37092},{""instanceID"":32420},{""instanceID"":27218}],""initializeScenariosOnStartExperiment"":true,""clearScenariosOnExit"":true,""currentSwitchIndex"":0,""completedSwitchCount"":0,""secondaryTaskMode"":2,""secondaryTaskSelectionMigrated"":true,""visualSubtask"":{""pedalAxisName"":""TaskSwitchPedal"",""usePlusMinusKeys"":true,""positivePedalKey"":61,""negativePedalKey"":45,""invertPedalAxis"":false,""pressThreshold"":0.5,""releaseThreshold"":0.20000000298023225,""minimumIntervalSeconds"":5.0,""maximumIntervalSeconds"":10.0,""minimumValidReactionSeconds"":0.10000000149011612,""randomSeed"":0},""visualLeftIndicator"":{""instanceID"":43246},""visualRightIndicator"":{""instanceID"":43254},""pedalInputDiagnostics"":""Mode=Visual, Running=False, Paused=True, Focused=True, OperationEnabled=True\nAxis=TaskSwitchPedal, AxisRaw=0.000, Source=Axis\nPlusKey=False, MinusKey=False, Conflict=False, Effective=0.000\nArmed=False, Expected=Waiting for stimulus, LastResponse=\nRightKey=Equals, LeftKey=Minus, LastKeyDown=Alpha4, Error="",""useSwitchMethodCsvPairs"":true,""confirmAfterDisplaySwitchCsv"":{""switchScheduleCsv"":{""instanceID"":43302},""workConditionsCsv"":{""instanceID"":43304}},""countdownCsv"":{""switchScheduleCsv"":{""instanceID"":43306},""workConditionsCsv"":{""instanceID"":43308}},""phaseBoundaryCsv"":{""switchScheduleCsv"":{""instanceID"":43310},""workConditionsCsv"":{""instanceID"":43312}},""operatorInitiatedCsv"":{""switchScheduleCsv"":{""instanceID"":43314},""workConditionsCsv"":{""instanceID"":43316}},""workConditionsCsv"":{""instanceID"":43318},""targetTaskPattern"":0}","{""operationMode"":0,""singleCraneIndex"":0,""craneRegistry"":{""instanceID"":42996},""displayLayoutManager"":{""instanceID"":30492},""targetInformationDisplay"":{""instanceID"":30104},""multiDisplayUiSet"":{""craneStatusScreen"":{""instanceID"":34512},""additionalCraneStatusScreens"":[{""instanceID"":26704}],""waitingScreen"":{""instanceID"":34160},""craneInformationDisplay"":{""instanceID"":30100},""lifMagCurrentButtons"":[{""instanceID"":33174},{""instanceID"":41788},{""instanceID"":41518},{""instanceID"":28472},{""instanceID"":33732}],""currentCraneNameText"":{""instanceID"":36164},""craneSelectButtons"":[{""instanceID"":38978},{""instanceID"":25688},{""instanceID"":25280},{""instanceID"":38514},{""instanceID"":31330},{""instanceID"":27242},{""instanceID"":42728},{""instanceID"":35982},{""instanceID"":26100},{""instanceID"":41206},{""instanceID"":38840},{""instanceID"":39814}],""lockUnlockButton"":{""instanceID"":35188},""lockUnlockButtonText"":{""instanceID"":32290},""additionalLockUnlockButtons"":[{""instanceID"":28776}],""additionalLockUnlockButtonTexts"":[{""instanceID"":30702}],""speedControlUIButtons"":[{""instanceID"":42062},{""instanceID"":39442},{""instanceID"":27078},{""instanceID"":26186},{""instanceID"":33472},{""instanceID"":33154}],""zSpeedText"":{""instanceID"":39104},""mainLifMagXSpeedText"":{""instanceID"":31766},""mainLifMagYSpeedText"":{""instanceID"":39200}},""singleDisplayUiSet"":{""craneStatusScreen"":{""instanceID"":41378},""additionalCraneStatusScreens"":[{""instanceID"":30930}],""waitingScreen"":{""instanceID"":35932},""craneInformationDisplay"":{""instanceID"":30100},""lifMagCurrentButtons"":[{""instanceID"":35730},{""instanceID"":39512},{""instanceID"":41456},{""instanceID"":25846},{""instanceID"":41716}],""currentCraneNameText"":{""instanceID"":32472},""craneSelectButtons"":[{""instanceID"":40740},{""instanceID"":26448},{""instanceID"":25810},{""instanceID"":30396},{""instanceID"":35968},{""instanceID"":37524},{""instanceID"":32614},{""instanceID"":34312},{""instanceID"":38386},{""instanceID"":37986},{""instanceID"":26240},{""instanceID"":35558}],""lockUnlockButton"":{""instanceID"":38032},""lockUnlockButtonText"":{""instanceID"":26734},""additionalLockUnlockButtons"":[{""instanceID"":36094}],""additionalLockUnlockButtonTexts"":[{""instanceID"":42334}],""speedControlUIButtons"":[{""instanceID"":41086},{""instanceID"":24968},{""instanceID"":37652},{""instanceID"":30990},{""instanceID"":36012},{""instanceID"":40562}],""zSpeedText"":{""instanceID"":39360},""mainLifMagXSpeedText"":{""instanceID"":30414},""mainLifMagYSpeedText"":{""instanceID"":42324}},""taskSwitchDisplayUiSet"":{""craneStatusScreen"":{""instanceID"":0},""additionalCraneStatusScreens"":[],""waitingScreen"":{""instanceID"":0},""craneInformationDisplay"":{""instanceID"":30100},""lifMagCurrentButtons"":[{""instanceID"":37730},{""instanceID"":32138},{""instanceID"":33776},{""instanceID"":34556},{""instanceID"":32150}],""currentCraneNameText"":{""instanceID"":27608},""craneSelectButtons"":[],""lockUnlockButton"":{""instanceID"":0},""lockUnlockButtonText"":{""instanceID"":0},""additionalLockUnlockButtons"":[],""additionalLockUnlockButtonTexts"":[],""speedControlUIButtons"":[],""zSpeedText"":{""instanceID"":0},""mainLifMagXSpeedText"":{""instanceID"":0},""mainLifMagYSpeedText"":{""instanceID"":0}},""interventionScenarioManager"":{""instanceID"":34956},""currentControlIndicatorOffset"":{""x"":40.0,""y"":0.0},""currentControlIndicatorSize"":{""x"":180.0,""y"":100.0},""currentControlAvailableColor"":{""r"":0.30000001192092898,""g"":0.8500000238418579,""b"":0.4000000059604645,""a"":1.0},""currentControlUnavailableColor"":{""r"":0.550000011920929,""g"":0.550000011920929,""b"":0.550000011920929,""a"":1.0},""inputMode"":1,""speedControlMode"":1,""debugMode"":false,""joyStick2Horizontal"":""JoyStick2Horizontal"",""joyStick2Vertical"":""JoyStick2Vertical"",""joyStick3Vertical"":""JoyStick3Vertical"",""joyStick2Trigger"":""JoyStick2Trigger"",""joyStick3MiniVertical"":""JoyStick3MiniVertical"",""debugJoyStick2Horizontal"":""JoyStick1RightHorizontal"",""debugJoyStick2Vertical"":""JoyStick1RightVertical"",""debugJoyStick3Vertical"":""JoyStick1LeftVertical"",""deadZone"":0.10000000149011612,""currentCraneIndex"":0,""lifMagCurrentCount"":5,""craneStatusManager"":{""instanceID"":32412},""hideInactiveCraneButtons"":true,""normalButtonColor"":{""r"":1.0,""g"":1.0,""b"":1.0,""a"":1.0},""selectedButtonColor"":{""r"":1.0,""g"":0.9215686321258545,""b"":0.01568627543747425,""a"":1.0},""unlockColor"":{""r"":0.699999988079071,""g"":1.0,""b"":0.699999988079071,""a"":1.0},""lockColor"":{""r"":1.0,""g"":0.699999988079071,""b"":0.699999988079071,""a"":1.0}}","{""areas"":[]}",5,5.000000,"switchIndex,sourceCycle,sourcePhase,minimumDelaySeconds,maximumDelaySeconds,targetTaskPattern
1,1,Move2,1,9,Move1ToLiftUp
2,2,LiftUp,1,9,Move2ToPlace
3,2,Place,1,9,Move1ToLiftUp
4,3,LiftUp,1,9,Move2ToPlace
5,4,Move1,1,9,Move1ToLiftUp
6,4,Place,1,9,Move2ToPlace
7,5,Move1,1,9,Move1ToLiftUp
8,5,Move2,1,9,Move2ToPlace
",0,"{""pedalAxisName"":""TaskSwitchPedal"",""usePlusMinusKeys"":true,""positivePedalKey"":61,""negativePedalKey"":45,""invertPedalAxis"":false,""highToneUsesPositivePedal"":true,""pressThreshold"":0.5,""releaseThreshold"":0.20000000298023225,""lowToneHz"":500.0,""highToneHz"":1000.0,""toneDurationSeconds"":0.20000000298023225,""volume"":0.20000000298023225,""minimumIntervalSeconds"":3.0,""maximumIntervalSeconds"":5.0,""responseTimeoutSeconds"":2.0,""minimumValidReactionSeconds"":0.10000000149011612,""randomSeed"":0}",Visual,1,"{""pedalAxisName"":""TaskSwitchPedal"",""usePlusMinusKeys"":true,""positivePedalKey"":61,""negativePedalKey"":45,""invertPedalAxis"":false,""pressThreshold"":0.5,""releaseThreshold"":0.20000000298023225,""minimumIntervalSeconds"":5.0,""maximumIntervalSeconds"":10.0,""minimumValidReactionSeconds"":0.10000000149011612,""randomSeed"":0}","role,index,pickupX,pickupZ,placementX,placementZ,pickupCount,placementCount
Source,1,4,-4,-4,-2,1,1
Source,2,4,0,-4,-4,2,2
Source,3,4,-2,-4,0,1,1
Source,4,4,4,-4,2,2,2
Source,5,4,0,-4,4,1,1
Target,1,16,-2,24,0,1,1
Target,2,24,-2,16,0,1,1
Target,3,16,2,24,0,2,2
Target,4,24,2,16,0,1,1
Target,5,16,4,24,0,2,2
Target,6,24,4,16,0,1,1
Target,7,16,-4,24,0,1,1
Target,8,24,-4,16,0,2,2
",Move1ToLiftUp
20261009T035616005Z_a62493eb60ab4729b660e2077d349f0e,,,1,VisualSubtaskStarted,2026-10-09T03:56:18.5659705Z,2.546796,1009_pa_4,9,2022.3.4f1,0.1,,RemoteManagementScene(union),OperatorInitiated,0,1,0,0.050000,2,0.100000,"{""enableAuditorySubtask"":false,""auditorySubtask"":{""pedalAxisName"":""TaskSwitchPedal"",""usePlusMinusKeys"":true,""positivePedalKey"":61,""negativePedalKey"":45,""invertPedalAxis"":false,""highToneUsesPositivePedal"":true,""pressThreshold"":0.5,""releaseThreshold"":0.20000000298023225,""lowToneHz"":500.0,""highToneHz"":1000.0,""toneDurationSeconds"":0.20000000298023225,""volume"":0.20000000298023225,""minimumIntervalSeconds"":3.0,""maximumIntervalSeconds"":5.0,""responseTimeoutSeconds"":2.0,""minimumValidReactionSeconds"":0.10000000149011612,""randomSeed"":0},""craneOperationManager"":{""instanceID"":38946},""craneRegistry"":{""instanceID"":42996},""interventionScenarioManager"":{""instanceID"":34956},""switchMethod"":3,""sourceCondition"":{""craneIndex"":0,""taskName"":""Source Task"",""workPhase"":0,""errorType"":0,""useSchematicStartZ"":true,""useDefaultTargetPointForPhase"":false,""targetPointIndex"":6,""targetXSelection"":0},""targetCondition"":{""craneIndex"":1,""taskName"":""Target Task"",""workPhase"":0,""errorType"":0,""useSchematicStartZ"":true,""useDefaultTargetPointForPhase"":true,""targetPointIndex"":6,""targetXSelection"":0},""countdownSeconds"":5.0,""sourceTotalCycleCount"":5,""useSwitchScheduleCsv"":false,""switchScheduleCsv"":{""instanceID"":43302},""sourcePhaseTracker"":{""instanceID"":37054},""targetPhaseTracker"":{""instanceID"":35838},""sourceWorkPhaseTracker"":{""instanceID"":37056},""targetWorkPhaseTracker"":{""instanceID"":35840},""sourceCycleController"":{""instanceID"":37062},""targetCycleController"":{""instanceID"":35846},""useRealWorkPhaseBoundary"":true,""allowLegacyPhaseBoundaryFallback"":false,""confirmationPanel"":{""instanceID"":25782},""confirmationButton"":{""instanceID"":32330},""confirmationButtonText"":{""instanceID"":42990},""countdownPanel"":{""instanceID"":28794},""countdownText"":{""instanceID"":28232},""experimentStateText"":{""instanceID"":0},""confirmationInputButton"":""JoyStick2RedButton"",""targetConfirmationReadyText"":""赤ボタンで作業開始"",""sourceConfirmationReadyText"":""赤ボタンで作業再開"",""confirmationStandbyText"":""確認待機中"",""confirmationAcceptedText"":""確認入力を受け付けました"",""confirmationReadyColor"":{""r"":0.6499999761581421,""g"":1.0,""b"":0.10000000149011612,""a"":1.0},""confirmationStandbyColor"":{""r"":0.3499999940395355,""g"":0.3499999940395355,""b"":0.3499999940395355,""a"":1.0},""confirmationAcceptedColor"":{""r"":0.20000000298023225,""g"":0.8500000238418579,""b"":1.0,""a"":1.0},""confirmationAcceptedDisplaySeconds"":0.5,""objectsHiddenDuringExperiment"":[{""instanceID"":35932},{""instanceID"":38590},{""instanceID"":37092},{""instanceID"":32420},{""instanceID"":27218}],""initializeScenariosOnStartExperiment"":true,""clearScenariosOnExit"":true,""currentSwitchIndex"":0,""completedSwitchCount"":0,""secondaryTaskMode"":2,""secondaryTaskSelectionMigrated"":true,""visualSubtask"":{""pedalAxisName"":""TaskSwitchPedal"",""usePlusMinusKeys"":true,""positivePedalKey"":61,""negativePedalKey"":45,""invertPedalAxis"":false,""pressThreshold"":0.5,""releaseThreshold"":0.20000000298023225,""minimumIntervalSeconds"":5.0,""maximumIntervalSeconds"":10.0,""minimumValidReactionSeconds"":0.10000000149011612,""randomSeed"":0},""visualLeftIndicator"":{""instanceID"":43246},""visualRightIndicator"":{""instanceID"":43254},""pedalInputDiagnostics"":""Mode=Visual, Running=False, Paused=True, Focused=True, OperationEnabled=True\nAxis=TaskSwitchPedal, AxisRaw=0.000, Source=Axis\nPlusKey=False, MinusKey=False, Conflict=False, Effective=0.000\nArmed=False, Expected=Waiting for stimulus, LastResponse=\nRightKey=Equals, LeftKey=Minus, LastKeyDown=Alpha4, Error="",""useSwitchMethodCsvPairs"":true,""confirmAfterDisplaySwitchCsv"":{""switchScheduleCsv"":{""instanceID"":43302},""workConditionsCsv"":{""instanceID"":43304}},""countdownCsv"":{""switchScheduleCsv"":{""instanceID"":43306},""workConditionsCsv"":{""instanceID"":43308}},""phaseBoundaryCsv"":{""switchScheduleCsv"":{""instanceID"":43310},""workConditionsCsv"":{""instanceID"":43312}},""operatorInitiatedCsv"":{""switchScheduleCsv"":{""instanceID"":43314},""workConditionsCsv"":{""instanceID"":43316}},""workConditionsCsv"":{""instanceID"":43318},""targetTaskPattern"":0}","{""operationMode"":0,""singleCraneIndex"":0,""craneRegistry"":{""instanceID"":42996},""displayLayoutManager"":{""instanceID"":30492},""targetInformationDisplay"":{""instanceID"":30104},""multiDisplayUiSet"":{""craneStatusScreen"":{""instanceID"":34512},""additionalCraneStatusScreens"":[{""instanceID"":26704}],""waitingScreen"":{""instanceID"":34160},""craneInformationDisplay"":{""instanceID"":30100},""lifMagCurrentButtons"":[{""instanceID"":33174},{""instanceID"":41788},{""instanceID"":41518},{""instanceID"":28472},{""instanceID"":33732}],""currentCraneNameText"":{""instanceID"":36164},""craneSelectButtons"":[{""instanceID"":38978},{""instanceID"":25688},{""instanceID"":25280},{""instanceID"":38514},{""instanceID"":31330},{""instanceID"":27242},{""instanceID"":42728},{""instanceID"":35982},{""instanceID"":26100},{""instanceID"":41206},{""instanceID"":38840},{""instanceID"":39814}],""lockUnlockButton"":{""instanceID"":35188},""lockUnlockButtonText"":{""instanceID"":32290},""additionalLockUnlockButtons"":[{""instanceID"":28776}],""additionalLockUnlockButtonTexts"":[{""instanceID"":30702}],""speedControlUIButtons"":[{""instanceID"":42062},{""instanceID"":39442},{""instanceID"":27078},{""instanceID"":26186},{""instanceID"":33472},{""instanceID"":33154}],""zSpeedText"":{""instanceID"":39104},""mainLifMagXSpeedText"":{""instanceID"":31766},""mainLifMagYSpeedText"":{""instanceID"":39200}},""singleDisplayUiSet"":{""craneStatusScreen"":{""instanceID"":41378},""additionalCraneStatusScreens"":[{""instanceID"":30930}],""waitingScreen"":{""instanceID"":35932},""craneInformationDisplay"":{""instanceID"":30100},""lifMagCurrentButtons"":[{""instanceID"":35730},{""instanceID"":39512},{""instanceID"":41456},{""instanceID"":25846},{""instanceID"":41716}],""currentCraneNameText"":{""instanceID"":32472},""craneSelectButtons"":[{""instanceID"":40740},{""instanceID"":26448},{""instanceID"":25810},{""instanceID"":30396},{""instanceID"":35968},{""instanceID"":37524},{""instanceID"":32614},{""instanceID"":34312},{""instanceID"":38386},{""instanceID"":37986},{""instanceID"":26240},{""instanceID"":35558}],""lockUnlockButton"":{""instanceID"":38032},""lockUnlockButtonText"":{""instanceID"":26734},""additionalLockUnlockButtons"":[{""instanceID"":36094}],""additionalLockUnlockButtonTexts"":[{""instanceID"":42334}],""speedControlUIButtons"":[{""instanceID"":41086},{""instanceID"":24968},{""instanceID"":37652},{""instanceID"":30990},{""instanceID"":36012},{""instanceID"":40562}],""zSpeedText"":{""instanceID"":39360},""mainLifMagXSpeedText"":{""instanceID"":30414},""mainLifMagYSpeedText"":{""instanceID"":42324}},""taskSwitchDisplayUiSet"":{""craneStatusScreen"":{""instanceID"":0},""additionalCraneStatusScreens"":[],""waitingScreen"":{""instanceID"":0},""craneInformationDisplay"":{""instanceID"":30100},""lifMagCurrentButtons"":[{""instanceID"":37730},{""instanceID"":32138},{""instanceID"":33776},{""instanceID"":34556},{""instanceID"":32150}],""currentCraneNameText"":{""instanceID"":27608},""craneSelectButtons"":[],""lockUnlockButton"":{""instanceID"":0},""lockUnlockButtonText"":{""instanceID"":0},""additionalLockUnlockButtons"":[],""additionalLockUnlockButtonTexts"":[],""speedControlUIButtons"":[],""zSpeedText"":{""instanceID"":0},""mainLifMagXSpeedText"":{""instanceID"":0},""mainLifMagYSpeedText"":{""instanceID"":0}},""interventionScenarioManager"":{""instanceID"":34956},""currentControlIndicatorOffset"":{""x"":40.0,""y"":0.0},""currentControlIndicatorSize"":{""x"":180.0,""y"":100.0},""currentControlAvailableColor"":{""r"":0.30000001192092898,""g"":0.8500000238418579,""b"":0.4000000059604645,""a"":1.0},""currentControlUnavailableColor"":{""r"":0.550000011920929,""g"":0.550000011920929,""b"":0.550000011920929,""a"":1.0},""inputMode"":1,""speedControlMode"":1,""debugMode"":false,""joyStick2Horizontal"":""JoyStick2Horizontal"",""joyStick2Vertical"":""JoyStick2Vertical"",""joyStick3Vertical"":""JoyStick3Vertical"",""joyStick2Trigger"":""JoyStick2Trigger"",""joyStick3MiniVertical"":""JoyStick3MiniVertical"",""debugJoyStick2Horizontal"":""JoyStick1RightHorizontal"",""debugJoyStick2Vertical"":""JoyStick1RightVertical"",""debugJoyStick3Vertical"":""JoyStick1LeftVertical"",""deadZone"":0.10000000149011612,""currentCraneIndex"":0,""lifMagCurrentCount"":5,""craneStatusManager"":{""instanceID"":32412},""hideInactiveCraneButtons"":true,""normalButtonColor"":{""r"":1.0,""g"":1.0,""b"":1.0,""a"":1.0},""selectedButtonColor"":{""r"":1.0,""g"":0.9215686321258545,""b"":0.01568627543747425,""a"":1.0},""unlockColor"":{""r"":0.699999988079071,""g"":1.0,""b"":0.699999988079071,""a"":1.0},""lockColor"":{""r"":1.0,""g"":0.699999988079071,""b"":0.699999988079071,""a"":1.0}}","{""areas"":[]}",5,5.000000,"switchIndex,sourceCycle,sourcePhase,minimumDelaySeconds,maximumDelaySeconds,targetTaskPattern
1,1,Move2,1,9,Move1ToLiftUp
2,2,LiftUp,1,9,Move2ToPlace
3,2,Place,1,9,Move1ToLiftUp
4,3,LiftUp,1,9,Move2ToPlace
5,4,Move1,1,9,Move1ToLiftUp
6,4,Place,1,9,Move2ToPlace
7,5,Move1,1,9,Move1ToLiftUp
8,5,Move2,1,9,Move2ToPlace
",0,"{""pedalAxisName"":""TaskSwitchPedal"",""usePlusMinusKeys"":true,""positivePedalKey"":61,""negativePedalKey"":45,""invertPedalAxis"":false,""highToneUsesPositivePedal"":true,""pressThreshold"":0.5,""releaseThreshold"":0.20000000298023225,""lowToneHz"":500.0,""highToneHz"":1000.0,""toneDurationSeconds"":0.20000000298023225,""volume"":0.20000000298023225,""minimumIntervalSeconds"":3.0,""maximumIntervalSeconds"":5.0,""responseTimeoutSeconds"":2.0,""minimumValidReactionSeconds"":0.10000000149011612,""randomSeed"":0}",Visual,1,"{""pedalAxisName"":""TaskSwitchPedal"",""usePlusMinusKeys"":true,""positivePedalKey"":61,""negativePedalKey"":45,""invertPedalAxis"":false,""pressThreshold"":0.5,""releaseThreshold"":0.20000000298023225,""minimumIntervalSeconds"":5.0,""maximumIntervalSeconds"":10.0,""minimumValidReactionSeconds"":0.10000000149011612,""randomSeed"":0}","role,index,pickupX,pickupZ,placementX,placementZ,pickupCount,placementCount
Source,1,4,-4,-4,-2,1,1
Source,2,4,0,-4,-4,2,2
Source,3,4,-2,-4,0,1,1
Source,4,4,4,-4,2,2,2
Source,5,4,0,-4,4,1,1
Target,1,16,-2,24,0,1,1
Target,2,24,-2,16,0,1,1
Target,3,16,2,24,0,2,2
Target,4,24,2,16,0,1,1
Target,5,16,4,24,0,2,2
Target,6,24,4,16,0,1,1
Target,7,16,-4,24,0,1,1
Target,8,24,-4,16,0,2,2
",Move1ToLiftUp
20261009T035616005Z_a62493eb60ab4729b660e2077d349f0e,,,1,VisualSubtaskStopped,2026-10-09T04:03:54.4079285Z,458.388788,1009_pa_4,9,2022.3.4f1,0.1,,RemoteManagementScene(union),OperatorInitiated,0,1,0,0.050000,2,0.100000,"{""enableAuditorySubtask"":false,""auditorySubtask"":{""pedalAxisName"":""TaskSwitchPedal"",""usePlusMinusKeys"":true,""positivePedalKey"":61,""negativePedalKey"":45,""invertPedalAxis"":false,""highToneUsesPositivePedal"":true,""pressThreshold"":0.5,""releaseThreshold"":0.20000000298023225,""lowToneHz"":500.0,""highToneHz"":1000.0,""toneDurationSeconds"":0.20000000298023225,""volume"":0.20000000298023225,""minimumIntervalSeconds"":3.0,""maximumIntervalSeconds"":5.0,""responseTimeoutSeconds"":2.0,""minimumValidReactionSeconds"":0.10000000149011612,""randomSeed"":0},""craneOperationManager"":{""instanceID"":38946},""craneRegistry"":{""instanceID"":42996},""interventionScenarioManager"":{""instanceID"":34956},""switchMethod"":3,""sourceCondition"":{""craneIndex"":0,""taskName"":""Source Task"",""workPhase"":0,""errorType"":0,""useSchematicStartZ"":true,""useDefaultTargetPointForPhase"":false,""targetPointIndex"":6,""targetXSelection"":0},""targetCondition"":{""craneIndex"":1,""taskName"":""Target Task"",""workPhase"":2,""errorType"":0,""useSchematicStartZ"":true,""useDefaultTargetPointForPhase"":true,""targetPointIndex"":6,""targetXSelection"":0},""countdownSeconds"":5.0,""sourceTotalCycleCount"":5,""useSwitchScheduleCsv"":false,""switchScheduleCsv"":{""instanceID"":43302},""sourcePhaseTracker"":{""instanceID"":37054},""targetPhaseTracker"":{""instanceID"":35838},""sourceWorkPhaseTracker"":{""instanceID"":37056},""targetWorkPhaseTracker"":{""instanceID"":35840},""sourceCycleController"":{""instanceID"":37062},""targetCycleController"":{""instanceID"":35846},""useRealWorkPhaseBoundary"":true,""allowLegacyPhaseBoundaryFallback"":false,""confirmationPanel"":{""instanceID"":25782},""confirmationButton"":{""instanceID"":32330},""confirmationButtonText"":{""instanceID"":42990},""countdownPanel"":{""instanceID"":28794},""countdownText"":{""instanceID"":28232},""experimentStateText"":{""instanceID"":0},""confirmationInputButton"":""JoyStick2RedButton"",""targetConfirmationReadyText"":""赤ボタンで作業開始"",""sourceConfirmationReadyText"":""赤ボタンで作業再開"",""confirmationStandbyText"":""確認待機中"",""confirmationAcceptedText"":""確認入力を受け付けました"",""confirmationReadyColor"":{""r"":0.6499999761581421,""g"":1.0,""b"":0.10000000149011612,""a"":1.0},""confirmationStandbyColor"":{""r"":0.3499999940395355,""g"":0.3499999940395355,""b"":0.3499999940395355,""a"":1.0},""confirmationAcceptedColor"":{""r"":0.20000000298023225,""g"":0.8500000238418579,""b"":1.0,""a"":1.0},""confirmationAcceptedDisplaySeconds"":0.5,""objectsHiddenDuringExperiment"":[{""instanceID"":35932},{""instanceID"":38590},{""instanceID"":37092},{""instanceID"":32420},{""instanceID"":27218}],""initializeScenariosOnStartExperiment"":true,""clearScenariosOnExit"":true,""currentSwitchIndex"":6,""completedSwitchCount"":6,""secondaryTaskMode"":2,""secondaryTaskSelectionMigrated"":true,""visualSubtask"":{""pedalAxisName"":""TaskSwitchPedal"",""usePlusMinusKeys"":true,""positivePedalKey"":61,""negativePedalKey"":45,""invertPedalAxis"":false,""pressThreshold"":0.5,""releaseThreshold"":0.20000000298023225,""minimumIntervalSeconds"":5.0,""maximumIntervalSeconds"":10.0,""minimumValidReactionSeconds"":0.10000000149011612,""randomSeed"":0},""visualLeftIndicator"":{""instanceID"":43246},""visualRightIndicator"":{""instanceID"":43254},""pedalInputDiagnostics"":""Mode=Visual, Running=True, Paused=False, Focused=True, OperationEnabled=True\nAxis=TaskSwitchPedal, AxisRaw=0.000, Source=Axis\nPlusKey=False, MinusKey=False, Conflict=False, Effective=0.000\nArmed=True, Expected=Waiting for stimulus, LastResponse=Correct (sign=1)\nRightKey=Equals, LeftKey=Minus, LastKeyDown=KeypadPlus, Error="",""useSwitchMethodCsvPairs"":true,""confirmAfterDisplaySwitchCsv"":{""switchScheduleCsv"":{""instanceID"":43302},""workConditionsCsv"":{""instanceID"":43304}},""countdownCsv"":{""switchScheduleCsv"":{""instanceID"":43306},""workConditionsCsv"":{""instanceID"":43308}},""phaseBoundaryCsv"":{""switchScheduleCsv"":{""instanceID"":43310},""workConditionsCsv"":{""instanceID"":43312}},""operatorInitiatedCsv"":{""switchScheduleCsv"":{""instanceID"":43314},""workConditionsCsv"":{""instanceID"":43316}},""workConditionsCsv"":{""instanceID"":43318},""targetTaskPattern"":0}","{""operationMode"":0,""singleCraneIndex"":0,""craneRegistry"":{""instanceID"":42996},""displayLayoutManager"":{""instanceID"":30492},""targetInformationDisplay"":{""instanceID"":30104},""multiDisplayUiSet"":{""craneStatusScreen"":{""instanceID"":34512},""additionalCraneStatusScreens"":[{""instanceID"":26704}],""waitingScreen"":{""instanceID"":34160},""craneInformationDisplay"":{""instanceID"":30100},""lifMagCurrentButtons"":[{""instanceID"":33174},{""instanceID"":41788},{""instanceID"":41518},{""instanceID"":28472},{""instanceID"":33732}],""currentCraneNameText"":{""instanceID"":36164},""craneSelectButtons"":[{""instanceID"":38978},{""instanceID"":25688},{""instanceID"":25280},{""instanceID"":38514},{""instanceID"":31330},{""instanceID"":27242},{""instanceID"":42728},{""instanceID"":35982},{""instanceID"":26100},{""instanceID"":41206},{""instanceID"":38840},{""instanceID"":39814}],""lockUnlockButton"":{""instanceID"":35188},""lockUnlockButtonText"":{""instanceID"":32290},""additionalLockUnlockButtons"":[{""instanceID"":28776}],""additionalLockUnlockButtonTexts"":[{""instanceID"":30702}],""speedControlUIButtons"":[{""instanceID"":42062},{""instanceID"":39442},{""instanceID"":27078},{""instanceID"":26186},{""instanceID"":33472},{""instanceID"":33154}],""zSpeedText"":{""instanceID"":39104},""mainLifMagXSpeedText"":{""instanceID"":31766},""mainLifMagYSpeedText"":{""instanceID"":39200}},""singleDisplayUiSet"":{""craneStatusScreen"":{""instanceID"":41378},""additionalCraneStatusScreens"":[{""instanceID"":30930}],""waitingScreen"":{""instanceID"":35932},""craneInformationDisplay"":{""instanceID"":30100},""lifMagCurrentButtons"":[{""instanceID"":35730},{""instanceID"":39512},{""instanceID"":41456},{""instanceID"":25846},{""instanceID"":41716}],""currentCraneNameText"":{""instanceID"":32472},""craneSelectButtons"":[{""instanceID"":40740},{""instanceID"":26448},{""instanceID"":25810},{""instanceID"":30396},{""instanceID"":35968},{""instanceID"":37524},{""instanceID"":32614},{""instanceID"":34312},{""instanceID"":38386},{""instanceID"":37986},{""instanceID"":26240},{""instanceID"":35558}],""lockUnlockButton"":{""instanceID"":38032},""lockUnlockButtonText"":{""instanceID"":26734},""additionalLockUnlockButtons"":[{""instanceID"":36094}],""additionalLockUnlockButtonTexts"":[{""instanceID"":42334}],""speedControlUIButtons"":[{""instanceID"":41086},{""instanceID"":24968},{""instanceID"":37652},{""instanceID"":30990},{""instanceID"":36012},{""instanceID"":40562}],""zSpeedText"":{""instanceID"":39360},""mainLifMagXSpeedText"":{""instanceID"":30414},""mainLifMagYSpeedText"":{""instanceID"":42324}},""taskSwitchDisplayUiSet"":{""craneStatusScreen"":{""instanceID"":0},""additionalCraneStatusScreens"":[],""waitingScreen"":{""instanceID"":0},""craneInformationDisplay"":{""instanceID"":30100},""lifMagCurrentButtons"":[{""instanceID"":37730},{""instanceID"":32138},{""instanceID"":33776},{""instanceID"":34556},{""instanceID"":32150}],""currentCraneNameText"":{""instanceID"":27608},""craneSelectButtons"":[],""lockUnlockButton"":{""instanceID"":0},""lockUnlockButtonText"":{""instanceID"":0},""additionalLockUnlockButtons"":[],""additionalLockUnlockButtonTexts"":[],""speedControlUIButtons"":[],""zSpeedText"":{""instanceID"":0},""mainLifMagXSpeedText"":{""instanceID"":0},""mainLifMagYSpeedText"":{""instanceID"":0}},""interventionScenarioManager"":{""instanceID"":34956},""currentControlIndicatorOffset"":{""x"":40.0,""y"":0.0},""currentControlIndicatorSize"":{""x"":180.0,""y"":100.0},""currentControlAvailableColor"":{""r"":0.30000001192092898,""g"":0.8500000238418579,""b"":0.4000000059604645,""a"":1.0},""currentControlUnavailableColor"":{""r"":0.550000011920929,""g"":0.550000011920929,""b"":0.550000011920929,""a"":1.0},""inputMode"":1,""speedControlMode"":1,""debugMode"":false,""joyStick2Horizontal"":""JoyStick2Horizontal"",""joyStick2Vertical"":""JoyStick2Vertical"",""joyStick3Vertical"":""JoyStick3Vertical"",""joyStick2Trigger"":""JoyStick2Trigger"",""joyStick3MiniVertical"":""JoyStick3MiniVertical"",""debugJoyStick2Horizontal"":""JoyStick1RightHorizontal"",""debugJoyStick2Vertical"":""JoyStick1RightVertical"",""debugJoyStick3Vertical"":""JoyStick1LeftVertical"",""deadZone"":0.10000000149011612,""currentCraneIndex"":0,""lifMagCurrentCount"":5,""craneStatusManager"":{""instanceID"":32412},""hideInactiveCraneButtons"":true,""normalButtonColor"":{""r"":1.0,""g"":1.0,""b"":1.0,""a"":1.0},""selectedButtonColor"":{""r"":1.0,""g"":0.9215686321258545,""b"":0.01568627543747425,""a"":1.0},""unlockColor"":{""r"":0.699999988079071,""g"":1.0,""b"":0.699999988079071,""a"":1.0},""lockColor"":{""r"":1.0,""g"":0.699999988079071,""b"":0.699999988079071,""a"":1.0}}","{""areas"":[]}",5,5.000000,"switchIndex,sourceCycle,sourcePhase,minimumDelaySeconds,maximumDelaySeconds,targetTaskPattern
1,1,Move2,1,9,Move1ToLiftUp
2,2,LiftUp,1,9,Move2ToPlace
3,2,Place,1,9,Move1ToLiftUp
4,3,LiftUp,1,9,Move2ToPlace
5,4,Move1,1,9,Move1ToLiftUp
6,4,Place,1,9,Move2ToPlace
7,5,Move1,1,9,Move1ToLiftUp
8,5,Move2,1,9,Move2ToPlace
",0,"{""pedalAxisName"":""TaskSwitchPedal"",""usePlusMinusKeys"":true,""positivePedalKey"":61,""negativePedalKey"":45,""invertPedalAxis"":false,""highToneUsesPositivePedal"":true,""pressThreshold"":0.5,""releaseThreshold"":0.20000000298023225,""lowToneHz"":500.0,""highToneHz"":1000.0,""toneDurationSeconds"":0.20000000298023225,""volume"":0.20000000298023225,""minimumIntervalSeconds"":3.0,""maximumIntervalSeconds"":5.0,""responseTimeoutSeconds"":2.0,""minimumValidReactionSeconds"":0.10000000149011612,""randomSeed"":0}",Visual,1,"{""pedalAxisName"":""TaskSwitchPedal"",""usePlusMinusKeys"":true,""positivePedalKey"":61,""negativePedalKey"":45,""invertPedalAxis"":false,""pressThreshold"":0.5,""releaseThreshold"":0.20000000298023225,""minimumIntervalSeconds"":5.0,""maximumIntervalSeconds"":10.0,""minimumValidReactionSeconds"":0.10000000149011612,""randomSeed"":0}","role,index,pickupX,pickupZ,placementX,placementZ,pickupCount,placementCount
Source,1,4,-4,-4,-2,1,1
Source,2,4,0,-4,-4,2,2
Source,3,4,-2,-4,0,1,1
Source,4,4,4,-4,2,2,2
Source,5,4,0,-4,4,1,1
Target,1,16,-2,24,0,1,1
Target,2,24,-2,16,0,1,1
Target,3,16,2,24,0,2,2
Target,4,24,2,16,0,1,1
Target,5,16,4,24,0,2,2
Target,6,24,4,16,0,1,1
Target,7,16,-4,24,0,1,1
Target,8,24,-4,16,0,2,2
",Move2ToPlace
20261009T035616005Z_a62493eb60ab4729b660e2077d349f0e,,,1,LoggingStopped,2026-10-09T04:03:59.5576550Z,463.538534,1009_pa_4,9,2022.3.4f1,0.1,,RemoteManagementScene(union),OperatorInitiated,0,1,0,0.050000,2,0.100000,"{""enableAuditorySubtask"":false,""auditorySubtask"":{""pedalAxisName"":""TaskSwitchPedal"",""usePlusMinusKeys"":true,""positivePedalKey"":61,""negativePedalKey"":45,""invertPedalAxis"":false,""highToneUsesPositivePedal"":true,""pressThreshold"":0.5,""releaseThreshold"":0.20000000298023225,""lowToneHz"":500.0,""highToneHz"":1000.0,""toneDurationSeconds"":0.20000000298023225,""volume"":0.20000000298023225,""minimumIntervalSeconds"":3.0,""maximumIntervalSeconds"":5.0,""responseTimeoutSeconds"":2.0,""minimumValidReactionSeconds"":0.10000000149011612,""randomSeed"":0},""craneOperationManager"":{""instanceID"":38946},""craneRegistry"":{""instanceID"":42996},""interventionScenarioManager"":{""instanceID"":34956},""switchMethod"":3,""sourceCondition"":{""craneIndex"":0,""taskName"":""Source Task"",""workPhase"":0,""errorType"":0,""useSchematicStartZ"":true,""useDefaultTargetPointForPhase"":false,""targetPointIndex"":6,""targetXSelection"":0},""targetCondition"":{""craneIndex"":1,""taskName"":""Target Task"",""workPhase"":2,""errorType"":0,""useSchematicStartZ"":true,""useDefaultTargetPointForPhase"":true,""targetPointIndex"":6,""targetXSelection"":0},""countdownSeconds"":5.0,""sourceTotalCycleCount"":5,""useSwitchScheduleCsv"":false,""switchScheduleCsv"":{""instanceID"":43302},""sourcePhaseTracker"":{""instanceID"":37054},""targetPhaseTracker"":{""instanceID"":35838},""sourceWorkPhaseTracker"":{""instanceID"":37056},""targetWorkPhaseTracker"":{""instanceID"":35840},""sourceCycleController"":{""instanceID"":37062},""targetCycleController"":{""instanceID"":35846},""useRealWorkPhaseBoundary"":true,""allowLegacyPhaseBoundaryFallback"":false,""confirmationPanel"":{""instanceID"":25782},""confirmationButton"":{""instanceID"":32330},""confirmationButtonText"":{""instanceID"":42990},""countdownPanel"":{""instanceID"":28794},""countdownText"":{""instanceID"":28232},""experimentStateText"":{""instanceID"":0},""confirmationInputButton"":""JoyStick2RedButton"",""targetConfirmationReadyText"":""赤ボタンで作業開始"",""sourceConfirmationReadyText"":""赤ボタンで作業再開"",""confirmationStandbyText"":""確認待機中"",""confirmationAcceptedText"":""確認入力を受け付けました"",""confirmationReadyColor"":{""r"":0.6499999761581421,""g"":1.0,""b"":0.10000000149011612,""a"":1.0},""confirmationStandbyColor"":{""r"":0.3499999940395355,""g"":0.3499999940395355,""b"":0.3499999940395355,""a"":1.0},""confirmationAcceptedColor"":{""r"":0.20000000298023225,""g"":0.8500000238418579,""b"":1.0,""a"":1.0},""confirmationAcceptedDisplaySeconds"":0.5,""objectsHiddenDuringExperiment"":[{""instanceID"":35932},{""instanceID"":38590},{""instanceID"":37092},{""instanceID"":32420},{""instanceID"":27218}],""initializeScenariosOnStartExperiment"":true,""clearScenariosOnExit"":true,""currentSwitchIndex"":6,""completedSwitchCount"":6,""secondaryTaskMode"":2,""secondaryTaskSelectionMigrated"":true,""visualSubtask"":{""pedalAxisName"":""TaskSwitchPedal"",""usePlusMinusKeys"":true,""positivePedalKey"":61,""negativePedalKey"":45,""invertPedalAxis"":false,""pressThreshold"":0.5,""releaseThreshold"":0.20000000298023225,""minimumIntervalSeconds"":5.0,""maximumIntervalSeconds"":10.0,""minimumValidReactionSeconds"":0.10000000149011612,""randomSeed"":0},""visualLeftIndicator"":{""instanceID"":43246},""visualRightIndicator"":{""instanceID"":43254},""pedalInputDiagnostics"":""Mode=Visual, Running=False, Paused=False, Focused=False, OperationEnabled=True\nAxis=TaskSwitchPedal, AxisRaw=0.000, Source=Axis\nPlusKey=False, MinusKey=False, Conflict=False, Effective=0.000\nArmed=False, Expected=Waiting for stimulus, LastResponse=Correct (sign=1)\nRightKey=Equals, LeftKey=Minus, LastKeyDown=KeypadPlus, Error="",""useSwitchMethodCsvPairs"":true,""confirmAfterDisplaySwitchCsv"":{""switchScheduleCsv"":{""instanceID"":43302},""workConditionsCsv"":{""instanceID"":43304}},""countdownCsv"":{""switchScheduleCsv"":{""instanceID"":43306},""workConditionsCsv"":{""instanceID"":43308}},""phaseBoundaryCsv"":{""switchScheduleCsv"":{""instanceID"":43310},""workConditionsCsv"":{""instanceID"":43312}},""operatorInitiatedCsv"":{""switchScheduleCsv"":{""instanceID"":43314},""workConditionsCsv"":{""instanceID"":43316}},""workConditionsCsv"":{""instanceID"":43318},""targetTaskPattern"":0}","{""operationMode"":0,""singleCraneIndex"":0,""craneRegistry"":{""instanceID"":42996},""displayLayoutManager"":{""instanceID"":30492},""targetInformationDisplay"":{""instanceID"":30104},""multiDisplayUiSet"":{""craneStatusScreen"":{""instanceID"":34512},""additionalCraneStatusScreens"":[{""instanceID"":26704}],""waitingScreen"":{""instanceID"":34160},""craneInformationDisplay"":{""instanceID"":30100},""lifMagCurrentButtons"":[{""instanceID"":33174},{""instanceID"":41788},{""instanceID"":41518},{""instanceID"":28472},{""instanceID"":33732}],""currentCraneNameText"":{""instanceID"":36164},""craneSelectButtons"":[{""instanceID"":38978},{""instanceID"":25688},{""instanceID"":25280},{""instanceID"":38514},{""instanceID"":31330},{""instanceID"":27242},{""instanceID"":42728},{""instanceID"":35982},{""instanceID"":26100},{""instanceID"":41206},{""instanceID"":38840},{""instanceID"":39814}],""lockUnlockButton"":{""instanceID"":35188},""lockUnlockButtonText"":{""instanceID"":32290},""additionalLockUnlockButtons"":[{""instanceID"":28776}],""additionalLockUnlockButtonTexts"":[{""instanceID"":30702}],""speedControlUIButtons"":[{""instanceID"":42062},{""instanceID"":39442},{""instanceID"":27078},{""instanceID"":26186},{""instanceID"":33472},{""instanceID"":33154}],""zSpeedText"":{""instanceID"":39104},""mainLifMagXSpeedText"":{""instanceID"":31766},""mainLifMagYSpeedText"":{""instanceID"":39200}},""singleDisplayUiSet"":{""craneStatusScreen"":{""instanceID"":41378},""additionalCraneStatusScreens"":[{""instanceID"":30930}],""waitingScreen"":{""instanceID"":35932},""craneInformationDisplay"":{""instanceID"":30100},""lifMagCurrentButtons"":[{""instanceID"":35730},{""instanceID"":39512},{""instanceID"":41456},{""instanceID"":25846},{""instanceID"":41716}],""currentCraneNameText"":{""instanceID"":32472},""craneSelectButtons"":[{""instanceID"":40740},{""instanceID"":26448},{""instanceID"":25810},{""instanceID"":30396},{""instanceID"":35968},{""instanceID"":37524},{""instanceID"":32614},{""instanceID"":34312},{""instanceID"":38386},{""instanceID"":37986},{""instanceID"":26240},{""instanceID"":35558}],""lockUnlockButton"":{""instanceID"":38032},""lockUnlockButtonText"":{""instanceID"":26734},""additionalLockUnlockButtons"":[{""instanceID"":36094}],""additionalLockUnlockButtonTexts"":[{""instanceID"":42334}],""speedControlUIButtons"":[{""instanceID"":41086},{""instanceID"":24968},{""instanceID"":37652},{""instanceID"":30990},{""instanceID"":36012},{""instanceID"":40562}],""zSpeedText"":{""instanceID"":39360},""mainLifMagXSpeedText"":{""instanceID"":30414},""mainLifMagYSpeedText"":{""instanceID"":42324}},""taskSwitchDisplayUiSet"":{""craneStatusScreen"":{""instanceID"":0},""additionalCraneStatusScreens"":[],""waitingScreen"":{""instanceID"":0},""craneInformationDisplay"":{""instanceID"":30100},""lifMagCurrentButtons"":[{""instanceID"":37730},{""instanceID"":32138},{""instanceID"":33776},{""instanceID"":34556},{""instanceID"":32150}],""currentCraneNameText"":{""instanceID"":27608},""craneSelectButtons"":[],""lockUnlockButton"":{""instanceID"":0},""lockUnlockButtonText"":{""instanceID"":0},""additionalLockUnlockButtons"":[],""additionalLockUnlockButtonTexts"":[],""speedControlUIButtons"":[],""zSpeedText"":{""instanceID"":0},""mainLifMagXSpeedText"":{""instanceID"":0},""mainLifMagYSpeedText"":{""instanceID"":0}},""interventionScenarioManager"":{""instanceID"":34956},""currentControlIndicatorOffset"":{""x"":40.0,""y"":0.0},""currentControlIndicatorSize"":{""x"":180.0,""y"":100.0},""currentControlAvailableColor"":{""r"":0.30000001192092898,""g"":0.8500000238418579,""b"":0.4000000059604645,""a"":1.0},""currentControlUnavailableColor"":{""r"":0.550000011920929,""g"":0.550000011920929,""b"":0.550000011920929,""a"":1.0},""inputMode"":1,""speedControlMode"":1,""debugMode"":false,""joyStick2Horizontal"":""JoyStick2Horizontal"",""joyStick2Vertical"":""JoyStick2Vertical"",""joyStick3Vertical"":""JoyStick3Vertical"",""joyStick2Trigger"":""JoyStick2Trigger"",""joyStick3MiniVertical"":""JoyStick3MiniVertical"",""debugJoyStick2Horizontal"":""JoyStick1RightHorizontal"",""debugJoyStick2Vertical"":""JoyStick1RightVertical"",""debugJoyStick3Vertical"":""JoyStick1LeftVertical"",""deadZone"":0.10000000149011612,""currentCraneIndex"":0,""lifMagCurrentCount"":5,""craneStatusManager"":{""instanceID"":32412},""hideInactiveCraneButtons"":true,""normalButtonColor"":{""r"":1.0,""g"":1.0,""b"":1.0,""a"":1.0},""selectedButtonColor"":{""r"":1.0,""g"":0.9215686321258545,""b"":0.01568627543747425,""a"":1.0},""unlockColor"":{""r"":0.699999988079071,""g"":1.0,""b"":0.699999988079071,""a"":1.0},""lockColor"":{""r"":1.0,""g"":0.699999988079071,""b"":0.699999988079071,""a"":1.0}}","{""areas"":[]}",5,5.000000,"switchIndex,sourceCycle,sourcePhase,minimumDelaySeconds,maximumDelaySeconds,targetTaskPattern
1,1,Move2,1,9,Move1ToLiftUp
2,2,LiftUp,1,9,Move2ToPlace
3,2,Place,1,9,Move1ToLiftUp
4,3,LiftUp,1,9,Move2ToPlace
5,4,Move1,1,9,Move1ToLiftUp
6,4,Place,1,9,Move2ToPlace
7,5,Move1,1,9,Move1ToLiftUp
8,5,Move2,1,9,Move2ToPlace
",0,"{""pedalAxisName"":""TaskSwitchPedal"",""usePlusMinusKeys"":true,""positivePedalKey"":61,""negativePedalKey"":45,""invertPedalAxis"":false,""highToneUsesPositivePedal"":true,""pressThreshold"":0.5,""releaseThreshold"":0.20000000298023225,""lowToneHz"":500.0,""highToneHz"":1000.0,""toneDurationSeconds"":0.20000000298023225,""volume"":0.20000000298023225,""minimumIntervalSeconds"":3.0,""maximumIntervalSeconds"":5.0,""responseTimeoutSeconds"":2.0,""minimumValidReactionSeconds"":0.10000000149011612,""randomSeed"":0}",Visual,1,"{""pedalAxisName"":""TaskSwitchPedal"",""usePlusMinusKeys"":true,""positivePedalKey"":61,""negativePedalKey"":45,""invertPedalAxis"":false,""pressThreshold"":0.5,""releaseThreshold"":0.20000000298023225,""minimumIntervalSeconds"":5.0,""maximumIntervalSeconds"":10.0,""minimumValidReactionSeconds"":0.10000000149011612,""randomSeed"":0}","role,index,pickupX,pickupZ,placementX,placementZ,pickupCount,placementCount
Source,1,4,-4,-4,-2,1,1
Source,2,4,0,-4,-4,2,2
Source,3,4,-2,-4,0,1,1
Source,4,4,4,-4,2,2,2
Source,5,4,0,-4,4,1,1
Target,1,16,-2,24,0,1,1
Target,2,24,-2,16,0,1,1
Target,3,16,2,24,0,2,2
Target,4,24,2,16,0,1,1
Target,5,16,4,24,0,2,2
Target,6,24,4,16,0,1,1
Target,7,16,-4,24,0,1,1
Target,8,24,-4,16,0,2,2
",Move2ToPlace
